{
"type": "FeatureCollection",
"name": "JALISCO",
"crs": { "type": "name", "properties": { "name": "urn:ogc:def:crs:EPSG::6372" } },
"features": [
{"type":"Feature","properties":{"CVE_ENT":"14","NOM_ENT":"Jalisco","CVE_CAP":390001,"NOM_CAP":"Guadalajara","AREA":7796121.1741000004,"PERIMETER":3734.9145974799999,"COV_":13,"COV_ID":14},"geometry":{"type":"MultiPolygon","coordinates":[[[[2220195.184164419770241,801267.094346368336119],[2220403.342170112766325,801178.384192176628858],[2220549.45451719686389,801116.445660376106389],[2220195.184164419770241,801267.094346368336119]]],[[[2220109.911300948821008,801315.671330238459632],[2220144.327221253421158,801301.146683080354705],[2220122.993298490066081,801305.948235503979959],[2220109.911300948821008,801315.671330238459632]]],[[[2219905.766819382552058,801401.96362195641268],[2220063.845576739870012,801335.112576742772944],[2220008.481698499061167,801350.43383549968712],[2219905.766819382552058,801401.96362195641268]]],[[[2219361.937408848665655,801441.82984695606865],[2219759.961143432650715,801404.965622555348091],[2219873.690123152919114,801406.909829206182621],[2219361.937408848665655,801441.82984695606865]]],[[[2219207.614173816051334,801532.995065867551602],[2219296.525996637996286,801472.931194675969891],[2219201.223744234070182,801543.38483665313106],[2219207.614173816051334,801532.995065867551602]]],[[[2219062.271699148230255,801894.374552114633843],[2219123.951627674978226,801753.975180667825043],[2219052.340524077881128,801911.663009629235603],[2219062.271699148230255,801894.374552114633843]]],[[[2219018.857502630911767,801969.951156761613674],[2219025.408231714740396,801958.547470820019953],[2218965.826536349020898,801991.670825058594346],[2219018.857502630911767,801969.951156761613674]]],[[[2218937.734255517832935,802020.509277987992391],[2218948.99333122652024,802005.713502837345004],[2218942.153898488264531,802012.031935490085743],[2218937.734255517832935,802020.509277987992391]]],[[[2218038.999898487236351,802874.809335459489375],[2218733.457506241742522,802631.536262710345909],[2218543.132092251908034,802469.769873387180269],[2218849.359409528784454,802214.143572782748379],[2218514.702298491727561,801886.71553549123928],[2218851.439798493403941,801383.029035506653599],[2218579.783798484131694,801071.615135516738519],[2218353.962798487395048,801075.253035514615476],[2218336.408098488114774,801341.446835502283648],[2217946.606898490339518,801277.295835509779863],[2217770.552698486018926,800205.192135537043214],[2217526.753598490264267,800054.249935537111014],[2217256.567198481410742,800516.847735529998317],[2217227.408698477316648,800351.74983552179765],[2216877.211398483254015,800408.470235535292886],[2216997.841898485086858,800714.944135530502535],[2216694.538398485630751,800832.024435518425889],[2216475.227798481471837,800638.365735520841554],[2216411.917198483366519,800887.366035516490228],[2217070.378798479214311,801696.420535495039076],[2217695.629898488987237,801781.428035489632748],[2217734.625698487274349,802691.211835468071513],[2218038.999898487236351,802874.809335459489375]]],[[[2218845.436429653782398,803055.498632024158724],[2218771.14673972222954,802934.946719213272445],[2218699.187770963646472,803067.499447106732987],[2218845.436429653782398,803055.498632024158724]]],[[[2204833.89259842922911,806732.47393537661992],[2204965.562998427078128,806134.874335387488827],[2204658.567798427771777,805588.348935394431464],[2204531.208698430564255,805941.368135400116444],[2204833.89259842922911,806732.47393537661992]]],[[[2204846.592698422260582,806931.441035364870913],[2205112.234898431226611,806820.844935368513688],[2204991.584598429035395,806689.082135378033854],[2204846.592698422260582,806931.441035364870913]]],[[[2198432.10169839579612,811544.937535259290598],[2198465.439198398496956,811394.124735268531367],[2198365.426498398184776,811438.574835256789811],[2198432.10169839579612,811544.937535259290598]]],[[[2189841.677698358893394,815403.814435159903951],[2189695.202598359435797,815472.973135162028484],[2189733.755098354071379,815520.231635170173831],[2189841.677698358893394,815403.814435159903951]]],[[[2190261.197698358912021,815779.936435153358616],[2190250.463098365347832,815654.10133516381029],[2190159.181698356289417,815755.966035153716803],[2190261.197698358912021,815779.936435153358616]]],[[[2190718.34269836358726,816254.787135139107704],[2190655.276398362126201,816218.987835145555437],[2190655.53319836454466,816289.699235141277313],[2190718.34269836358726,816254.787135139107704]]],[[[2182021.142998320516199,824613.810434932005592],[2182239.160098319873214,824745.57323493459262],[2182221.168398320209235,824603.756234938162379],[2182021.142998320516199,824613.810434932005592]]],[[[2182102.740598310250789,830251.034234797465615],[2182272.074298315681517,830288.075934794149362],[2182168.35739831905812,830194.942434794967994],[2182102.740598310250789,830251.034234797465615]]],[[[2179231.476598307490349,834396.704234697390348],[2179354.243498303927481,834307.804034697706811],[2179057.909498303662986,834317.329034702852368],[2179231.476598307490349,834396.704234697390348]]],[[[2178834.600798299536109,834479.254434703383595],[2179250.526598308235407,834603.079634693218395],[2179311.91009830404073,834477.137734692892991],[2178984.884398308116943,834406.229234688566066],[2178834.600798299536109,834479.254434703383595]]],[[[2177063.940698290709406,838566.173634593025781],[2177189.079798290040344,838581.713634603074752],[2177165.533698287792504,838494.140534599428065],[2177063.940698290709406,838566.173634593025781]]],[[[2176996.977598296012729,839345.833534581819549],[2177155.779098290484399,839452.025734572787769],[2177138.27909829095006,839297.895734576508403],[2176996.977598296012729,839345.833534581819549]]],[[[2176076.225798289291561,839860.1846345635131],[2176596.837498284876347,839700.95243457169272],[2176579.537498292978853,839552.762434579897672],[2176076.225798289291561,839860.1846345635131]]],[[[2176268.228798282332718,840346.733734545530751],[2176379.528798288200051,840319.363734557060525],[2176233.228798283264041,840207.983734555076808],[2176268.228798282332718,840346.733734545530751]]],[[[2176746.152098283637315,840644.411134545807727],[2176929.405398287810385,840465.209634547121823],[2176755.677198283839971,840492.0108345359331],[2176746.152098283637315,840644.411134545807727]]],[[[2176785.424998284317553,840730.572834540507756],[2176957.124998291023076,840918.512834532768466],[2177004.915198291186243,840761.886434541549534],[2176785.424998284317553,840730.572834540507756]]],[[[2176520.243698288220912,840960.941134526394308],[2176419.364898287691176,840877.019634531228803],[2176495.473598289303482,840999.726634536986239],[2176520.243698288220912,840960.941134526394308]]],[[[2176309.999998289626092,841451.999934521852992],[2176506.999998283106834,841320.129934529075399],[2176382.999998288229108,841172.559934527613223],[2176187.499998287297785,841270.379934526514262],[2176309.999998289626092,841451.999934521852992]]],[[[2174060.361398274078965,842420.827234503813088],[2174320.566698270849884,842364.616634499747306],[2174022.917698279954493,842257.821734509430826],[2174060.361398274078965,842420.827234503813088]]],[[[2174733.799998278263956,842772.379934488912113],[2175048.84669828042388,842454.693934501847252],[2174663.61259827716276,842173.176734503707848],[2174848.299998277798295,841934.189934518188238],[2174300.999998281244189,842045.309934502467513],[2174527.299998269882053,842600.379934499389492],[2174733.799998278263956,842772.379934488912113]]],[[[2174885.619298276025802,843169.282434475258924],[2175027.299998276866972,843234.939934484194964],[2175048.499998279847205,843206.309934479882941],[2174885.619298276025802,843169.282434475258924]]],[[[2174630.299998276401311,843835.499934463412501],[2174503.799998273607343,843355.629934474942274],[2173919.999998277053237,843106.629934481810778],[2174311.299998275469989,843821.249934467370622],[2174630.299998276401311,843835.499934463412501]]],[[[2172564.239898273255676,845200.677934430772439],[2172508.582598268985748,845157.492634428897873],[2172531.548698261845857,845230.534934426774271],[2172564.239898273255676,845200.677934430772439]]],[[[2172176.299998266156763,845248.081634428235702],[2172364.651098268572241,845204.10063443321269],[2172151.399698268156499,845207.032534429919906],[2172176.299998266156763,845248.081634428235702]]],[[[2172073.018298264127225,845379.044034436228685],[2172016.450998265296221,845223.493534426437691],[2171898.975798260420561,845291.22703443269711],[2172073.018298264127225,845379.044034436228685]]],[[[2170773.677598255686462,845831.390334411989897],[2170897.877598256338388,845801.510334426653571],[2170765.877598259598017,845789.700334411347285],[2170773.677598255686462,845831.390334411989897]]],[[[2170896.07059826143086,846051.244134409702383],[2170870.935198255814612,845976.499234418384731],[2170811.403798260726035,846012.87943440512754],[2170896.07059826143086,846051.244134409702383]]],[[[2158206.236198131460696,952746.58503179717809],[2158011.474798131268471,952631.886431797058322],[2157992.452498141210526,952716.95163180003874],[2158206.236198131460696,952746.58503179717809]]],[[[2159924.320948846638203,967093.117091927444562],[2160195.584037758409977,967055.180249712313525],[2159883.01969813555479,967085.475031452137046],[2159860.977198136970401,967142.468431446584873],[2159806.225103330332786,967366.876076571992598],[2159841.872827970888466,967387.800539704388939],[2159924.320948846638203,967093.117091927444562]]],[[[2159833.772548555862159,967428.823043783777393],[2159791.975416698493063,967469.06472026288975],[2159846.798928617034107,967479.363483714521863],[2159833.772548555862159,967428.823043783777393]]],[[[2159894.158128939568996,967645.757282371516339],[2159792.437037796247751,967535.697728702216409],[2159895.096013865899295,967755.745125658228062],[2159894.158128939568996,967645.757282371516339]]],[[[2161559.954425587318838,968486.367621847428381],[2161566.6196662588045,968464.871676991228014],[2161552.459757507313043,968488.265386615647003],[2161559.954425587318838,968486.367621847428381]]],[[[2162245.072025281377137,969222.168662537820637],[2162168.649298148229718,969637.072531386394985],[2162239.934066297486424,969911.925873804255389],[2162204.980882782489061,969635.516450482537039],[2162245.072025281377137,969222.168662537820637]]],[[[2163652.732511527370661,970108.107477025361732],[2163638.029019171372056,970097.252065373817459],[2163656.770715871360153,970115.254328766954131],[2163652.732511527370661,970108.107477025361732]]],[[[2163697.239814369939268,970186.876917133340612],[2163683.145022156182677,970161.931822272250429],[2163720.690559732262045,970256.331159875611775],[2163697.239814369939268,970186.876917133340612]]],[[[2163732.313766045961529,970290.755694366525859],[2163719.087898151483387,970516.011231361888349],[2163641.302935712970793,970663.395434650708921],[2163766.670943112578243,970502.257312121102586],[2163732.313766045961529,970290.755694366525859]]],[[[2163459.933512453921139,971122.49662802030798],[2163439.146532182581723,970987.429888933431357],[2163377.516561934258789,971183.022766034002416],[2163459.933512453921139,971122.49662802030798]]],[[[2163506.408295430708677,970822.60596769140102],[2163346.977498149964958,970977.697631348972209],[2163319.297298153862357,971198.928831344586797],[2163367.751885022036731,971279.198196817538701],[2163371.016104049514979,971016.766948039410636],[2163506.408295430708677,970822.60596769140102]]],[[[2163969.040053932927549,972017.441001419909298],[2163792.299799779430032,971999.252563942922279],[2163590.494266702327877,971833.719806128414348],[2163506.903198150917888,972595.784731311141513],[2163770.281046235002577,972581.556593572953716],[2163753.637040537316352,972338.830264725140296],[2163969.040053932927549,972017.441001419909298]]],[[[2164171.135514934081584,973386.695105115533806],[2164524.065655923914164,972728.082998093799688],[2164306.538389514200389,972670.900658817612566],[2164171.135514934081584,973386.695105115533806]]],[[[2164204.215472694020718,974095.846884451806545],[2164228.338593512307853,974008.004504614509642],[2164188.731963293161243,974115.866879575420171],[2164204.215472694020718,974095.846884451806545]]],[[[2302448.25689871609211,1192631.708426055265591],[2304996.128298729192466,1193030.330626036506146],[2304949.810798725578934,1192748.234626055695117],[2305220.926098734606057,1192620.969326052349061],[2305632.300298735033721,1191741.299326069187373],[2305522.684298734180629,1190922.568826091010123],[2306039.831398732028902,1190626.229826100170612],[2306785.747398735024035,1191375.059726076666266],[2307778.563298744149506,1191293.623426077887416],[2308424.300198750570416,1191573.099826072575524],[2309169.500898751895875,1191039.331826091744006],[2309407.814498747698963,1191367.618326083291322],[2310167.22519875317812,1191130.49892608798109],[2310509.000998756848276,1190724.674426099518314],[2312153.57799876248464,1190937.73352609295398],[2312385.601598760578781,1190513.878426094073802],[2312750.073398761916906,1191121.800326077267528],[2313078.140398775227368,1190826.799426092533395],[2313376.4994987687096,1191265.299326082924381],[2313883.631598773412406,1191159.345326083479449],[2314127.096298771910369,1190527.332126090768725],[2314160.3704987722449,1190737.419726091669872],[2314374.300498778931797,1190538.657626095227897],[2315520.800298783462495,1190867.00042609218508],[2315574.800898778252304,1190693.599426090950146],[2315998.027398789767176,1190853.166626087157056],[2316707.691198790911585,1190573.60202610027045],[2317678.262398793362081,1190846.741426090011373],[2317989.800198797136545,1190642.537826095707715],[2318681.038598796352744,1191080.302826084662229],[2319039.650598804466426,1190917.113326092949137],[2319234.800098800566047,1189588.899626110913232],[2320691.500098813325167,1189477.999926117481664],[2320592.299198807682842,1189002.000126130413264],[2320968.999198812991381,1188604.099526137346402],[2320811.605898811481893,1187158.000026177382097],[2321015.654898809734732,1186775.12922617373988],[2319776.499598806258291,1184804.299126224126667],[2319926.865398812573403,1183853.499626255361363],[2319720.526098811067641,1183225.300626262556762],[2320214.299498808104545,1182750.300826275488362],[2319898.799398808740079,1181877.299526300746948],[2319391.999798798467964,1181759.599926306400448],[2319192.887698800768703,1181100.339526319177821],[2319507.799998804461211,1179574.300426345318556],[2319935.500298802275211,1179139.799126359634101],[2319427.800598805304617,1178778.799626363441348],[2318639.299698805902153,1177600.499926395481452],[2313897.872498783282936,1175906.599926433060318],[2313313.890898776240647,1175075.878026453079656],[2312468.972598771564662,1174843.918726455885917],[2311471.268598769791424,1174117.423526482190937],[2310518.878248770721257,1173971.240826478227973],[2310012.904498756863177,1173321.381926492787898],[2309938.30109876440838,1172755.424126503057778],[2309652.499998758081347,1172880.96082650939934],[2310545.300798763986677,1171327.29992654453963],[2310297.270798767916858,1170869.517726553836837],[2308989.299198752269149,1170364.400626562070101],[2308865.799498760607094,1170112.600226564332843],[2309206.800198758020997,1169783.299326583277434],[2308506.534798759035766,1169651.924626579042524],[2308106.454898746684194,1167828.986226620851085],[2309218.424698758870363,1166920.860326646594331],[2309033.988298764918,1166818.900226648431271],[2309279.682298762258142,1166531.100026651285589],[2309111.500198759604245,1166494.600126655772328],[2309308.415898759383708,1166214.315526663092896],[2309181.300998754799366,1165867.399026665836573],[2309395.282498761080205,1165643.759926676983014],[2309209.491998759098351,1164495.179626693017781],[2308457.12569874804467,1162415.349126749206334],[2307938.774698751512915,1162367.76392674818635],[2307336.309698746073991,1162947.63202673336491],[2306994.962698752991855,1162550.213926753262058],[2307048.898798753507435,1162048.245426759356633],[2307349.167998746968806,1162027.966326759662479],[2307222.34079874586314,1160457.039426793111488],[2307672.999698758125305,1160099.998926812550053],[2307897.300098756328225,1158975.600226822076365],[2307424.799998752307147,1158842.099426831817254],[2306449.300298749934882,1159063.00002682604827],[2305988.303598739672452,1158668.000326832057908],[2308172.397798750549555,1157162.785626870812848],[2308217.999398747459054,1156946.899526867317036],[2307535.500198757275939,1156722.60012688068673],[2307400.800198753830045,1156445.998926888220012],[2308110.29969875421375,1156536.100126881152391],[2308175.000498760025948,1156198.099426899570972],[2308407.475698757916689,1156337.499426889466122],[2308896.499798754230142,1156103.100426886230707],[2308790.500398759264499,1155460.399526906898245],[2308534.799998760223389,1154569.400526929879561],[2306803.679298753384501,1154475.382726936601102],[2307070.499898753128946,1153350.499326951801777],[2306145.299098747782409,1153142.800626963376999],[2306262.999198753386736,1152650.300326979951933],[2305490.500098748132586,1152220.400426987791434],[2305773.999898747075349,1150513.299827021779492],[2304893.300598744302988,1150574.299927024170756],[2304528.999298742040992,1150302.400027028284967],[2304107.499498740304261,1149228.90012705582194],[2303131.499698739033192,1148759.998927070293576],[2303249.059298734646291,1147407.000227093230933],[2302613.800998734310269,1147025.499727111542597],[2302974.86319873528555,1146484.800027125282213],[2302851.875498732086271,1146118.755827120272443],[2303186.675598738715053,1145940.400127138709649],[2302966.049598731100559,1145668.999527135165408],[2303248.106198740191758,1145310.8571271460969],[2303116.379698731936514,1145057.99262715363875],[2303642.084498734679073,1144724.60032716486603],[2303310.480098734144121,1143965.598927177488804],[2303805.90329873887822,1143575.226127186557278],[2303591.214298734907061,1143487.999827190069482],[2303597.734198742546141,1142676.231527210446075],[2303863.555698737502098,1142621.001127201132476],[2303587.800398738123477,1142217.000127218198031],[2304179.266198742669076,1141634.499827238265425],[2303754.499898737296462,1141078.100527241360396],[2303773.075298737268895,1140415.599227263825014],[2303995.885298744309694,1140220.999827266903594],[2303524.300798738375306,1139812.300427278969437],[2303355.799598739948124,1139292.600427285768092],[2304135.05609874567017,1138462.948027303442359],[2304390.431398742366582,1138467.715527308173478],[2304982.337298751808703,1136528.912627355428413],[2305917.299698751885444,1135609.399427377153188],[2306557.798998760990798,1135306.800727376714349],[2307046.800298759713769,1133089.000627430155873],[2306621.832898759748787,1132027.264427457004786],[2307456.800098760519177,1131545.2989274605643],[2307824.499898763839155,1130026.40002750698477],[2308852.500698768533766,1128744.399927523219958],[2309410.500398767180741,1131081.099227482685819],[2310865.740798774641007,1134797.899027387844399],[2311090.00079877441749,1137907.399727311683819],[2310841.800298777874559,1139258.401027279905975],[2311087.000098777003586,1139683.099627273157239],[2311362.800098779145628,1139663.299327282467857],[2312541.499198782723397,1141887.398827226134017],[2311742.499198782723397,1143845.499727178132161],[2311307.000798772554845,1145870.000327128684148],[2310825.800398774445057,1146727.498927114065737],[2310897.465898773167282,1148093.654327075462788],[2311728.0389987770468,1149101.219227058347315],[2312432.607598783914,1149443.419427049579099],[2312712.207598780747503,1149335.755527052562684],[2312827.829998780973256,1149779.428527037613094],[2313791.500398789066821,1150825.599527009297162],[2313803.99909878987819,1151218.401027007261291],[2314457.500998789444566,1151792.50062699848786],[2314277.337998788338155,1152585.162726973649114],[2314738.822698787786067,1154212.5206269309856],[2314357.512798787094653,1154521.419826932251453],[2314281.747198782861233,1154967.212226916104555],[2314616.485098791774362,1155753.97992690349929],[2314627.674498793669045,1157357.98772686580196],[2315049.113398787099868,1158955.120126827387139],[2315787.993498795200139,1160083.237526794197038],[2316171.299998788163066,1161496.000426769256592],[2317072.000298797152936,1162888.599726735847071],[2317412.999798793811351,1164102.601126699475572],[2317466.895698797423393,1166413.671426651068032],[2317252.264098794199526,1166487.44632665393874],[2317510.167198796290904,1166557.629426643485203],[2318118.794198801741004,1168071.399926610756665],[2318509.299598801415414,1170431.899726558942348],[2319008.30239880643785,1171459.405826543224975],[2319941.64199880650267,1171427.1702265443746],[2320011.500598814804107,1170992.799426544457674],[2320647.299498817883432,1171668.600426522316411],[2321528.50069881696254,1171727.0004265261814],[2322165.499798817560077,1173202.600326486863196],[2323385.29899883037433,1173428.299726489931345],[2324910.999498832970858,1172352.600626514758915],[2326000.499698847997934,1172172.600026517175138],[2327939.300298852380365,1171243.000226537697017],[2328888.999798853881657,1171929.099926517810673],[2330055.299598860088736,1170374.998826560331509],[2331033.499198872596025,1171391.900826532160863],[2331583.299198870081455,1171204.299026540014893],[2332606.998998875264078,1171763.899726524949074],[2333194.000498872250319,1171680.100426521152258],[2334027.800898876041174,1172139.398826513672248],[2334422.300298889167607,1172145.600226519629359],[2334524.800098882522434,1171780.59952652384527],[2336026.902298888657242,1171369.760626534000039],[2336085.952798887621611,1170831.799926549429074],[2335844.39599888632074,1170783.613026544451714],[2335681.501098894048482,1170149.300126566784456],[2335982.512898896355182,1169906.857726567657664],[2335799.105798895470798,1169347.399426584132016],[2336339.814298890065402,1168015.599426610395312],[2337776.721898904535919,1167878.93972661648877],[2337930.799698903225362,1167512.299926614155993],[2337433.50029889959842,1166687.899226645939052],[2337372.499698899220675,1165988.899126660777256],[2336798.543598900549114,1165705.168226662091911],[2338265.298898910172284,1164947.79912667372264],[2338349.799798903986812,1164668.938026684569195],[2338369.600098912604153,1164092.041126700351015],[2338021.165798904374242,1163857.066126704448834],[2338197.356498904060572,1162599.820626738714054],[2339188.007398906163871,1161682.71612675441429],[2338869.490298909600824,1161398.51972676301375],[2338862.800098904874176,1160794.599326774710789],[2339265.999298910610378,1160182.999726780457422],[2339356.299598909914494,1159158.399626818485558],[2338975.500698910094798,1158200.600726836593822],[2339474.300598906353116,1158222.600526829948649],[2339835.000198919791728,1157452.299226847942919],[2340330.00049891602248,1157181.899326856480911],[2340169.301398918032646,1156565.400126868160442],[2339106.79949891474098,1156070.300026880810037],[2338339.000598906073719,1155228.599926911760122],[2336737.799098896794021,1154884.599426913075149],[2336845.299598899669945,1152907.300626955693588],[2336334.800398897379637,1151288.500126995146275],[2335776.999698896426708,1149793.599827033933252],[2335064.245498886797577,1149872.116627028444782],[2334972.158898895606399,1149685.632627034327015],[2335086.82269889395684,1148897.099327052012086],[2335779.999898892361671,1148186.599527066107839],[2335550.800798900425434,1147509.000227093230933],[2334811.000598895829171,1147277.000427088700235],[2332465.50089888414368,1147911.899627073667943],[2331728.702798877842724,1147632.8003270837944],[2332124.30019887862727,1146999.899627096252516],[2331425.799598872661591,1144783.100227147573605],[2332114.300898873247206,1142600.500427199760452],[2333064.79969888413325,1142448.500027201138437],[2334000.298998894169927,1141098.499727241694927],[2335869.999098900705576,1140677.098927238490433],[2336482.999398902524263,1140110.599727259017527],[2335669.499798893462867,1139776.300727261928841],[2334152.834898894187063,1137710.850127316545695],[2332750.178698888514191,1136389.300627350574359],[2331665.799798882566392,1133196.599927418632433],[2331027.300098875071853,1132296.299427438061684],[2330834.800198873504996,1132350.301327441819012],[2330467.300598871428519,1130714.000127479201183],[2329925.300798873417079,1130354.3007274819538],[2329794.999998868443072,1129405.299527510069311],[2330247.300098876468837,1129038.800727522233501],[2327995.000098862685263,1126510.998927577631548],[2327841.500198870897293,1125687.900527599034831],[2327372.499898862559348,1125020.400227614212781],[2326743.499698860105127,1124808.299127613892779],[2326518.000598865095526,1124472.500827624229714],[2326823.000598864164203,1123957.599227637983859],[2327543.299898862373084,1123756.599827642552555],[2327829.49909886252135,1123202.599527657963336],[2327729.000398861709982,1122836.298727660439909],[2326944.800898854155093,1122705.400027670199051],[2327152.50019886624068,1122163.799727683421224],[2328559.300498870201409,1122068.999627684708685],[2329355.000898873899132,1121458.599627697840333],[2330218.300198875367641,1121554.800427687121555],[2330825.800598879810423,1121161.648027702001855],[2332046.500298882834613,1121800.599327686941251],[2332827.299398887902498,1121781.000427682651207],[2333652.000398896634579,1120908.000627701403573],[2335262.299698905553669,1120829.900027712807059],[2335259.799898907076567,1121238.299527699593455],[2336373.500098911114037,1122327.399727671174332],[2337271.79969890974462,1122069.100827681366354],[2337691.800598914269358,1121566.299627689877525],[2338095.500598921906203,1123226.100627646315843],[2337838.499998909886926,1123983.600127632264048],[2338236.000398916192353,1124432.100327623542398],[2338894.300098916050047,1124533.399627623381093],[2339192.500198922585696,1124988.400027610827237],[2339883.300698927138001,1125036.299027604050934],[2340431.799998919013888,1124780.999427606584504],[2340900.799198921769857,1124925.399927608435974],[2340846.500198926310986,1124367.8001276277937],[2341399.300298932008445,1123957.499427625210956],[2341650.499298940878361,1123257.399927645223215],[2342551.000198939349502,1123296.399927651975304],[2342900.999898938927799,1123930.501027631107718],[2344553.299998940434307,1124162.500127627747133],[2344205.000098947901279,1123259.799727650359273],[2344392.799698946997523,1122049.800227674422786],[2344811.49959895061329,1121780.785727677168325],[2345572.500998951494694,1121852.999427683884278],[2345858.999598952010274,1121554.90082768839784],[2346350.299298955127597,1121685.499727679183707],[2346476.999998957850039,1122093.600227678427473],[2347443.999798958655447,1121644.799727693432942],[2347453.000298960134387,1122095.900127671193331],[2348154.500798965804279,1122547.899427670519799],[2348771.799398973118514,1122143.299327678978443],[2348772.507298967335373,1121521.153427677461877],[2349462.558398966211826,1121709.850927679566666],[2350209.799398974515498,1121544.799227681942284],[2349955.000098979100585,1122126.999227673048154],[2350656.299898976460099,1122579.001027661142871],[2351502.238298986572772,1122564.129627674352378],[2351613.791298981290311,1122369.881027666153386],[2352243.282098985742778,1122819.742227654438466],[2352379.90499898372218,1124053.554327625082806],[2352584.656898994464427,1123837.09962763171643],[2352764.549398987554014,1124494.06042762985453],[2352808.029498987831175,1124262.183427625102922],[2352868.156198983546346,1124488.537227624095976],[2353017.610898989718407,1124352.563727618427947],[2353014.778698993381113,1124668.684427619446069],[2353659.557498991023749,1125205.644327606773004],[2353373.780098985880613,1126184.764727579429746],[2353563.319998987019062,1126867.623727567959577],[2353351.787398994900286,1127716.08922754577361],[2353779.025198993738741,1128601.598227518377826],[2353764.024498993065208,1129285.198827513493598],[2354342.261598997283727,1129391.611227493267506],[2353769.352698997594416,1129963.99342749058269],[2353237.380398989189416,1129955.00052749319002],[2352875.521798982284963,1130868.951127464417368],[2353926.981898987665772,1130685.496727474266663],[2354021.449598991777748,1130916.717527464730665],[2354152.178998987190425,1130722.268927470780909],[2354608.227598991245031,1130820.389827470527962],[2355483.705598996020854,1133553.641427407274023],[2357870.759399010799825,1133217.923227414255962],[2357924.958999012596905,1133579.802227403270081],[2358440.298899013083428,1133925.500227393349633],[2358052.300499009434134,1134258.499427389353514],[2358155.964099017437547,1134810.880427375435829],[2359528.142599021084607,1135270.599227369297296],[2360342.479099012445658,1136128.574427345069125],[2361012.499599026981741,1136317.337927335174754],[2361582.800599026493728,1136122.400127337314188],[2362823.500299029517919,1136766.10522732604295],[2363452.800199039280415,1136301.599827342433855],[2363966.500299037899822,1136376.870827343082055],[2365453.300599046517164,1135430.131027359515429],[2367199.166899052914232,1137620.640627312008291],[2366995.666999052278697,1138058.740227297879755],[2365273.467099048662931,1138235.841127297841012],[2366164.46759905712679,1138993.141327273566276],[2365921.966699049342424,1140764.041427236516029],[2366968.666899051982909,1142585.741427188739181],[2366044.642499046400189,1143469.45212716772221],[2363911.437899039592594,1143607.723827170440927],[2362797.351099030580372,1141431.641227219253778],[2361014.666599023621529,1140598.640527240699157],[2361312.167699029669166,1141249.540527230594307],[2361616.96719903126359,1143639.73992716264911],[2360223.850799014326185,1144426.983627149602398],[2360660.500199018511921,1145102.099127140827477],[2361710.800599028822035,1145675.000327121233568],[2362377.063999028876424,1146680.300727097084746],[2360370.063699017744511,1146834.908927096053958],[2359962.284999007824808,1148456.500127058941871],[2360183.144199019297957,1150491.987427004380152],[2360677.500699012540281,1150677.600527000147849],[2361368.999599023722112,1150464.428527008742094],[2361958.299999017734081,1151132.300127001479268],[2361899.499099022708833,1151578.500226986827329],[2362768.799599023535848,1152225.800226969644427],[2363828.184999039862305,1152110.282326967921108],[2364437.534199039451778,1152612.625426952494308],[2365354.800499043427408,1154340.299926916137338],[2365865.999899041373283,1153611.899726937292144],[2365895.799599044024944,1152914.299626945983618],[2366295.000599055085331,1152734.500126963248476],[2366785.300699054729193,1153014.373926953179762],[2368319.809899058192968,1154386.775626917602494],[2368370.483699056319892,1155341.398126902757213],[2369447.500699055381119,1155017.799526907503605],[2369424.500699061434716,1154815.299526908667758],[2370927.000599076040089,1155055.900426901411265],[2371739.999699073377997,1153626.299326936714351],[2373494.500099087599665,1153409.49882694054395],[2373789.999799076467752,1152997.00042694946751],[2374952.299399087205529,1154771.099926910595968],[2375721.800299095921218,1154817.901126902084798],[2376687.79999909363687,1154148.40012691821903],[2376542.61309909587726,1153759.760426930850372],[2376760.500999104697257,1153564.09992693294771],[2377194.254799099173397,1151558.932626975700259],[2378166.85759910941124,1152613.23652696213685],[2378864.345499112736434,1152445.077926964033395],[2378991.94769911468029,1152623.935626957798377],[2379342.018199112731963,1152214.896326963789761],[2380291.227499114349484,1152019.343426966341212],[2380088.355099117383361,1151347.947026980109513],[2379847.000699108000845,1151428.499226978281513],[2379724.300199116580188,1151225.000626992201433],[2380498.824499120470136,1150428.848527000285685],[2380078.892599116545171,1149467.569027032703161],[2380262.691999122034758,1148671.068627045257017],[2379832.892799116205424,1148426.868927055969834],[2379192.993399114347994,1147352.90162707795389],[2378807.810899114236236,1147394.483427083352581],[2378579.409899110905826,1146921.040427088038996],[2377629.645799109712243,1146199.343427105573937],[2376596.191799100954086,1146470.868627104442567],[2376180.892199096269906,1146332.668427103664726],[2376037.150899099186063,1144913.963727131485939],[2375708.550299097783864,1144791.456727135227993],[2376019.542399095371366,1144295.082027154741809],[2375460.998999089468271,1143333.399627175414935],[2375451.955599099397659,1142875.899627188686281],[2375208.299599092453718,1142895.299727187026292],[2375294.58819909254089,1142622.080427191918716],[2374902.800399087369442,1142302.800727193476632],[2374854.655599088408053,1141858.327627207851037],[2375103.668699094559997,1141593.500127217266709],[2374688.500299087259918,1140835.000427238876],[2374861.940499091055244,1140547.733927241293713],[2375494.499999094754457,1140216.799427244346589],[2376779.43219910049811,1140513.720427239080891],[2377448.181599104776978,1141636.200327214086428],[2377361.590999100357294,1141851.194127201102674],[2377958.916199104860425,1142511.30152719351463],[2380571.146599117200822,1142079.145227199653164],[2380605.215199115686119,1142332.643227191641927],[2381111.460799124557525,1142206.347227203194052],[2381640.844199127517641,1142468.687127192271873],[2381855.22019913000986,1142200.496727203018963],[2383125.873699129093438,1141932.700227207271382],[2384011.923399139661342,1142094.715427203336731],[2384569.000799140427262,1141870.299827202456072],[2385487.999999144580215,1142126.799327198648825],[2387138.001099160406739,1141936.500127204228193],[2387430.000299151521176,1141087.899427219992504],[2388142.800699163228273,1141040.299627227475867],[2388497.672099158167839,1140649.178327234694734],[2388536.386499159038067,1140208.125827243551612],[2388971.944799158256501,1140061.693227248266339],[2388871.848599162884057,1138558.852127284975722],[2389077.752099167089909,1138546.023727285210043],[2389435.810999158769846,1137856.623727293219417],[2390458.033899168483913,1137629.988727299729362],[2391061.287599179428071,1137309.221627318765968],[2391007.25849917717278,1136982.27772731683217],[2391767.572099174838513,1136755.143627324141562],[2391739.531099170912057,1136092.8447273329366],[2391073.845899173524231,1134668.478427372639999],[2391509.287399173714221,1134665.801127368584275],[2391312.046399178914726,1134223.137027381453663],[2392066.915299178566784,1133822.19482738757506],[2391810.73279917286709,1133072.175527403829619],[2391296.428299179300666,1133450.008827399229631],[2390282.986199168488383,1132796.290627422276884],[2390049.088599172886461,1132880.552027410827577],[2390133.132399170193821,1131951.728027435718104],[2389623.617399164475501,1131821.826327442424372],[2388373.999099160544574,1132057.599827433004975],[2387969.800699163228273,1131403.099827448604628],[2386531.000499151647091,1130636.499527463456616],[2386993.499299160204828,1129229.998827492352575],[2386850.467999159824103,1128404.113527520094067],[2386526.160099152941257,1128080.451527527533472],[2386624.246299148071557,1126907.944527560612187],[2386228.34319914970547,1126460.015027567744255],[2386449.344799157697707,1126281.84442757605575],[2386859.66079916106537,1126474.94362756353803],[2386209.912399147637188,1125459.60082759312354],[2387531.326999153010547,1125573.392527589341626],[2388067.224399161525071,1125353.374327586730942],[2388123.973599160090089,1124971.167627598391846],[2389287.437899164389819,1124633.208527602488175],[2389578.873599165119231,1124211.928527610143647],[2388991.242099158931524,1123871.292627622606233],[2389509.59089916292578,1123616.363627635641024],[2389455.027299170382321,1123359.747827637940645],[2389125.080399165861309,1123252.544327637646347],[2388967.350199160166085,1122787.065727652516216],[2388350.681599161121994,1122521.478327655233443],[2388675.588699155952781,1122097.871927665779367],[2388506.656699165701866,1121906.121227663708851],[2388452.284399162512273,1122193.741927666123956],[2388166.999999163672328,1122233.335127661237493],[2388284.156799166463315,1121980.937127663753927],[2387866.329199162777513,1121652.391127677634358],[2387481.138499155174941,1121816.018127676798031],[2386981.999599159229547,1121428.642127684317529],[2386902.331399155780673,1120767.50122769526206],[2384452.999899141490459,1121116.301027694484219],[2383477.299999140202999,1120335.000727711012587],[2383464.500299142673612,1119545.499627727549523],[2383100.8000991307199,1119645.100327722495422],[2382607.499899138696492,1119196.300627738703042],[2381645.80059912474826,1119247.100027729989961],[2381477.999599129892886,1117553.4999277764],[2382491.875899134203792,1117069.848127788165584],[2386232.337999152950943,1116542.007027789019048],[2386397.364399147685617,1114733.14612783677876],[2386156.000499151647091,1113873.09962785965763],[2385579.299999149516225,1113865.100427862955257],[2386084.300999156199396,1112748.800527890212834],[2385823.000199151225388,1111132.100927927298471],[2385242.999699149280787,1110984.500727931270376],[2384859.999599144794047,1111241.000127920182422],[2383619.299899142235518,1109912.799727947916836],[2383092.974999140016735,1109918.137727952329442],[2382506.606999131850898,1110465.038927941815928],[2382269.981499136891216,1110170.370127942180261],[2380821.905099134892225,1109949.928027947898954],[2380867.999299133196473,1109669.499227956635877],[2380242.800099125131965,1109254.30062796943821],[2379998.000699125695974,1109448.300627963151783],[2379535.999799116048962,1109238.601127970032394],[2377668.300199114251882,1109395.600427969126031],[2377058.00039911037311,1109726.400427960557863],[2376545.499799099750817,1109477.99962795781903],[2376492.499199112411588,1108908.101027969736606],[2377321.499599112663418,1108535.59902798733674],[2376889.2996991048567,1107940.299727999139577],[2377164.300199107266963,1107403.99942801753059],[2377512.79979911679402,1107351.298928016796708],[2377535.300699110608548,1106812.599728028522804],[2377454.300399110186845,1106311.999028040328994],[2376268.300699107348919,1106080.300928040407598],[2376113.299599103629589,1105804.799528053263202],[2375795.499399105086923,1105801.80062804906629],[2375592.500599104911089,1106123.799028041539714],[2374478.000099102500826,1106126.299728037323803],[2374227.800399090629071,1106549.300428037298843],[2372589.000699082389474,1107104.900828018551692],[2371884.80089908093214,1107025.6009280171711],[2372431.800899081397802,1106448.8996280382853],[2372088.300799088086933,1105994.399728046031669],[2370041.799899077508599,1106589.798928026342764],[2369161.588199071120471,1107394.938428010093048],[2368902.031399076338857,1108456.175627984339371],[2368636.586199065670371,1108563.885627981973812],[2365466.1297990498133,1106018.425528043881059],[2365361.800299050286412,1105227.400528060039505],[2364518.79959904961288,1104899.900128064677119],[2363108.000199047382921,1103477.100128115387633],[2362134.799099036492407,1103197.599928117124364],[2362292.999199033714831,1102948.59902812470682],[2362159.299999034032226,1102288.59952813340351],[2361856.000399036798626,1102020.400128134526312],[2362093.000199036672711,1101063.09872816875577],[2361826.500699033029377,1100233.359128186712041],[2360693.314199029468,1100404.775828172918409],[2359265.800299024675041,1100129.499428182374686],[2358668.999899021815509,1100286.598928182851523],[2357118.46199901169166,1099396.915728205582127],[2357177.50069901579991,1098652.399628230603412],[2356642.000299013219774,1098434.400828228564933],[2355545.299899012316018,1099010.300328215584159],[2355210.715299006551504,1099652.545328205218539],[2354643.491799001116306,1099419.199428205378354],[2354633.326799008995295,1098889.356928222347051],[2353824.114998999517411,1098307.964328232686967],[2353739.535199004691094,1097844.963928243843839],[2353400.096698996145278,1097843.957328245276585],[2353219.338698990177363,1097252.414928256301209],[2352402.452098994981498,1096201.938728276640177],[2351982.590398994274437,1094939.950228307629004],[2350735.206298982724547,1093780.237728337058797],[2350895.906998986378312,1093132.138728354591876],[2350520.906498982105404,1092711.138428366975859],[2350528.206298981327564,1092317.638228374067694],[2350117.206198984291404,1092084.939328375970945],[2350297.206898983567953,1091457.238328393548727],[2349135.500698972027749,1092258.59882837976329],[2348552.300098973792046,1091828.500328385503963],[2348255.800498974509537,1090796.599228407489136],[2348487.300398966297507,1090574.000628415495157],[2348363.756798977032304,1090029.791828419780359],[2348714.800198978278786,1089351.799328439868987],[2347482.300198969896883,1089334.099728445522487],[2347464.448298963718116,1089791.834828432882205],[2346147.999198960140347,1090480.898828412406147],[2345415.799998953007162,1091538.300128391012549],[2343047.500698949210346,1090005.600728427991271],[2342455.30069894483313,1089890.90042843692936],[2342590.720698952674866,1089208.145728441420943],[2342994.25649894727394,1088985.602328454842791],[2342992.499398946762085,1088477.800828471779823],[2341914.000498943962157,1088499.500428464729339],[2340025.500598937738687,1088052.098828481510282],[2339438.300498927477747,1088080.600128474645317],[2339298.299698928371072,1088353.898628466762602],[2338806.500398924574256,1088477.399528466863558],[2338199.499798922799528,1088355.99932847591117],[2338678.306498933583498,1087647.800728481262922],[2338510.271998925600201,1086779.915128507884219],[2338867.073598935734481,1086291.855928512988612],[2339207.305098928976804,1086382.076228512451053],[2339392.299798930063844,1085786.100128531223163],[2340108.709798932541162,1085722.597328531788662],[2341182.664798941928893,1084757.283728550886735],[2342765.545398947782815,1084873.224328548414633],[2342956.041198948863894,1084605.300428560934961],[2342825.708798950072378,1084399.771528562996536],[2343200.646398947574198,1084140.522228572284803],[2343211.61999895144254,1083618.001328576356173],[2344358.308398955035955,1082205.389128614915535],[2344725.856898960657418,1081261.226928643649444],[2344498.229398958850652,1080963.000628642737865],[2344534.299998952075839,1079248.79992868215777],[2344775.299498963635415,1079052.600228686351329],[2344553.800998956896365,1078317.899428703123704],[2344244.500498957931995,1078463.401228699134663],[2343727.499898951966316,1078157.300228702370077],[2343583.299198949709535,1077126.600028725340962],[2342801.300098949577659,1075471.299528777133673],[2342773.499998949002475,1074211.100128804100677],[2341310.735198946669698,1073095.100328832166269],[2340653.824798943009228,1071496.301128869177774],[2340108.484398936387151,1070964.805328887654468],[2340158.799998939968646,1070420.500128890620545],[2339759.994798940606415,1069672.899828915949911],[2339743.019698930904269,1068717.10192893142812],[2340237.300198944285512,1067392.900428967550397],[2340240.499598940368742,1065581.000029002781957],[2340762.744198938831687,1064544.30982902739197],[2340015.548798938281834,1064141.657429044600576],[2339776.427898937836289,1063342.385929061565548],[2339340.668098931666464,1063321.713629059959203],[2338590.389898933470249,1063907.885729047004133],[2337934.22139892866835,1063946.496429050108418],[2337771.000898934900761,1064274.826929036993533],[2337175.979998920112848,1064204.356029039714485],[2336973.136898926924914,1064760.905929028522223],[2336099.97909891884774,1064832.833129027858377],[2335650.326598915737122,1063947.309429049026221],[2335795.151698914822191,1063310.188029058044776],[2335426.045198920182884,1062159.711029082536697],[2335813.019698922056705,1061467.565729111200199],[2333121.392598904203624,1061237.403029114939272],[2332857.189498906955123,1061380.639329109108075],[2332895.093098904471844,1062095.622829091269523],[2332560.171798905357718,1062231.711129087256268],[2332029.998298901598901,1063066.52042906708084],[2330479.349598898552358,1063426.211329059442505],[2328902.300698893144727,1062158.999029085971415],[2329068.29919889010489,1061178.243229115381837],[2328242.610698880627751,1061422.866929108975455],[2327492.499598878901452,1061080.400329118594527],[2327025.29959887592122,1061405.599729105131701],[2326664.300798873417079,1061205.1005291165784],[2326752.799198870547116,1061413.999829104170203],[2326505.499498872086406,1061407.800429114839062],[2325819.8002988724038,1060824.598929119994864],[2326158.499898873269558,1058914.400129165034741],[2325411.798998878803104,1058645.001029177568853],[2325305.00059887394309,1058244.800329184625298],[2326106.484598878305405,1057778.105929190292954],[2326161.052598874084651,1057385.976929209195077],[2326624.499998877290636,1057301.500529216136783],[2326795.697998881340027,1056277.868729229317978],[2327250.499698885716498,1056231.000029232352972],[2327533.493698883801699,1055636.50042924657464],[2326257.972898874431849,1055215.601329261437058],[2325540.910598874557763,1054574.223429269390181],[2325278.324598876293749,1053982.758329289732501],[2325483.074898874852806,1053636.526029294123873],[2325375.512698874808848,1052750.899829312926158],[2324726.473398865200579,1052069.316929330816492],[2324503.799598872195929,1051353.600229346426204],[2326203.999898876529187,1051035.938629355747253],[2327819.9262988823466,1051252.537329355021939],[2328906.798998891375959,1051018.999029364204034],[2328281.500098892487586,1050053.800029372097924],[2328667.500098893884569,1048584.799529409501702],[2329739.800198893994093,1047802.399629428284243],[2329854.499098894186318,1048241.599529420025647],[2330917.799198899418116,1048089.400129428133368],[2331407.991298904176801,1048297.192929414100945],[2331799.300098907202482,1047836.298829430597834],[2332193.299798904918134,1047761.80032943317201],[2332215.299698904622346,1047192.700229448964819],[2332814.300798911601305,1046892.900229444843717],[2332923.499698908999562,1046601.899829456233419],[2332589.798998913262039,1046592.299629460438155],[2332404.300798908807337,1046196.800029460457154],[2332540.123298911377788,1045402.806229492533021],[2333267.288598910439759,1045238.089029490132816],[2333277.139898909255862,1044797.429429507465102],[2333883.616998916026205,1044741.017329510068521],[2333832.867698919959366,1044530.503929508267902],[2334853.606998917646706,1043736.982729530078359],[2334780.513898919802159,1043255.403429536730982],[2335072.882598926778883,1043320.534329540329054],[2335360.036798922810704,1042924.09972954436671],[2335634.7931989277713,1043221.570929542067461],[2336282.072598930913955,1043074.776629543164745],[2336421.455298935994506,1044210.980929518467747],[2336204.885298929177225,1044232.422429515398107],[2336229.251398933585733,1044786.191729496931657],[2336737.737498930189759,1045852.400029470329173],[2336825.912198927719146,1046935.471129453741014],[2337399.990698929876089,1047049.946629450190812],[2337248.862698933575302,1047681.650929430383258],[2337419.756898927502334,1047887.69322942418512],[2337638.279598940629512,1047864.301629426074214],[2337912.734898936003447,1048274.51012942334637],[2338265.495598937384784,1048224.801129416446202],[2339009.300298943184316,1047216.200929441605695],[2339225.175298938993365,1047871.755729429423809],[2339613.87279893970117,1048061.289329419960268],[2339789.543298942036927,1047854.864029428223148],[2340274.263798945583403,1048333.532229415955953],[2340725.620198950637132,1047982.548129429458641],[2341265.918498950544745,1048795.512529402971268],[2341381.454998950939626,1047341.60012943635229],[2341764.666798951569945,1046128.00072947202716],[2342961.037098966073245,1044474.204529510694556],[2342960.200098953209817,1043999.497529524494894],[2344228.00079896626994,1042992.299729545717128],[2344340.210398965049535,1041660.466629567672499],[2344775.233598968014121,1041271.900029590819031],[2343814.698598963674158,1039874.702029620530084],[2344125.999398964922875,1038860.400029636570252],[2343152.604798961430788,1039046.532429626444355],[2342750.425398953724653,1038557.057929649250582],[2341498.383398955687881,1038775.831629643565975],[2339224.300198946148157,1038167.153429656522349],[2338686.626998941879719,1038672.137629645178095],[2338432.918498935643584,1038439.299429647508077],[2338170.130698934663087,1038629.285329650621861],[2338053.768998940475285,1037022.422229680349119],[2337026.300398929975927,1036219.340429708827287],[2335985.300598923116922,1037548.800029673497193],[2335505.198298927862197,1037375.413329682894982],[2335565.327798921149224,1037560.97982967318967],[2335273.304598930291831,1037740.927429674426094],[2335014.000898929312825,1037527.575729682808742],[2334869.300198923330754,1038084.400129661196843],[2334519.978898919653147,1038329.190629655262455],[2333671.799798918422312,1038301.099729665322229],[2333080.923898913897574,1038817.351229643914849],[2333109.38529892032966,1038165.360629658447579],[2332886.66859891358763,1037835.524529667221941],[2332187.022498907521367,1037725.100129677332006],[2331825.48389890929684,1037945.945229666307569],[2331259.129898904822767,1037370.766029681544751],[2330884.594198905862868,1037898.977429665974341],[2330371.380098897963762,1037561.338529670261778],[2330045.9248989042826,1037860.534329661983065],[2330037.135098899248987,1037637.534029677859508],[2329679.29179889569059,1037577.034529678057879],[2329763.815198900178075,1037094.306629684171639],[2329120.18019889947027,1037297.452929684543051],[2328808.661998895462602,1036975.669029690558091],[2328243.813598895445466,1037188.548029681900516],[2327387.849298883229494,1035473.112329723313451],[2327119.520098879933357,1035544.713429720955901],[2326796.805698885116726,1035197.754229731159285],[2325352.421198877040297,1035235.880829736241139],[2324876.400998875498772,1035665.532529725693166],[2323946.037598873488605,1035847.077929721912369],[2323716.500398867763579,1035233.799829736468382],[2323312.637798867654055,1035000.463229738292284],[2323324.975898870732635,1034536.900029745418578],[2322296.234898860100657,1033934.101129761547782],[2322415.300498863682151,1033046.699729779385962],[2322130.000598871149123,1031289.00052982987836],[2322359.799398867879063,1031196.264929835917428],[2322309.732098870445043,1030320.999429848045111],[2322984.473898870870471,1029377.086829875828698],[2322941.171298868022859,1029739.903929851599969],[2323293.299498870037496,1030232.610929854214191],[2324615.976198873482645,1031109.757629827479832],[2325459.000798876862973,1031411.28552982211113],[2326865.498698881361634,1031174.399529823684134],[2327866.300498891156167,1031940.100529813091271],[2328730.000198902562261,1030824.300429837661795],[2330330.999998903367668,1031254.099629833246581],[2331231.800298911519349,1031000.600429826998152],[2330660.36069889832288,1030482.057029840652831],[2330909.491598902735859,1030308.403229845338501],[2330860.352998904883862,1029554.110729863983579],[2330588.14429890178144,1029241.511829873663373],[2330401.928598903585225,1027896.516629905905575],[2330633.282898899167776,1027632.331529910094105],[2330593.667298906948417,1026719.792429935070686],[2330940.999798903241754,1026531.399629942025058],[2330515.300298909191042,1024371.901129994774237],[2328805.500398896168917,1024385.752829987672158],[2328125.299098887015134,1024629.79982998513151],[2328048.000798891298473,1023970.800430002971552],[2327704.50019889883697,1023740.400030005141161],[2328399.744398902636021,1023674.25273000379093],[2329955.285798902623355,1022282.743030035635456],[2330804.066298901569098,1021905.969830051879399],[2331181.795898916199803,1020967.531930072815157],[2331547.800198907032609,1021262.178130063344724],[2332071.299998908769339,1021184.799730064114556],[2332701.800098916515708,1020677.600030079600401],[2332957.999498919583857,1020340.200830081943423],[2332745.300398910883814,1020098.399930087267421],[2333441.26439891802147,1019562.499230104964226],[2333373.491798927076161,1018026.899930141516961],[2333048.977298920042813,1017385.423030152451247],[2333180.892798922490329,1017086.699430159991607],[2333856.305698922369629,1016977.163130173343234],[2334377.138898925855756,1016568.907030175440013],[2334797.198198930826038,1015677.302230191649869],[2334639.033098930492997,1015464.053530200966634],[2334878.125798930414021,1015252.100880212732591],[2334890.824398924596608,1014754.000330216716975],[2335413.798998930491507,1014016.299430232029408],[2335828.000498940236866,1013818.79913024045527],[2336281.514198936522007,1013919.696130238473415],[2336233.682098930701613,1013720.000130240805447],[2336563.747298934031278,1013859.039730241987854],[2336888.589698932599276,1013210.59183025744278],[2337330.266198941040784,1013221.510830255923793],[2337749.052198943682015,1012679.1306302662706],[2337962.062998947221786,1013125.341830248362385],[2338143.828498947434127,1012809.004030269104987],[2338189.240798943210393,1012995.773830253281631],[2338680.911698946729302,1012838.514130256138742],[2338974.143398948013783,1013009.250530261080712],[2339327.372198952361941,1012665.265330273075961],[2339246.980098952539265,1013124.51753025141079],[2339683.800298954825848,1013568.800230243825354],[2340060.99969895882532,1013776.288430244778283],[2340645.779098954983056,1013702.253630243823864],[2341820.209798955358565,1014550.092930221813731],[2341478.499698963947594,1015040.40043020772282],[2341655.999998961575329,1015420.999830198823474],[2342980.132798968814313,1015380.677230202360079],[2343780.500298974104226,1015866.298930187593214],[2343854.300798973999918,1014936.200530216447078],[2344473.799898976460099,1013821.801130237872712],[2347448.799398988485336,1014841.900530211860314],[2348089.299798994790763,1015506.300230199820362],[2349219.500298996921629,1015334.099830198567361],[2350101.49909900361672,1015542.1000301950844],[2350570.856699003372341,1015223.823730202042498],[2350843.449399008881301,1015440.396930198417976],[2351653.147599011193961,1015328.922630197368562],[2352298.250499011017382,1015834.297830188996159],[2352590.473999015521258,1014979.747030202648602],[2353561.356499017681926,1014780.655230219126679],[2352828.440399012062699,1013460.300730245304294],[2353329.001099019311368,1012352.900130270747468],[2354027.299899022560567,1011937.401130287325941],[2354826.300399022176862,1010956.399830307578668],[2355078.555599028710276,1010991.823230304406025],[2355061.999599021393806,1010638.300430316710845],[2355607.0699990298599,1010506.099530320614576],[2355605.382899028714746,1009957.168330330401659],[2355917.919099026359618,1009664.841330336290412],[2355556.299799029249698,1009558.299930337467231],[2355764.502499027643353,1009230.481430336949416],[2355426.312399028800428,1008975.400130346533842],[2355599.418199026491493,1008479.36403036781121],[2356436.233899034559727,1008353.300430370960385],[2356353.72659903485328,1008054.829130370519124],[2356789.180999033618718,1007485.698830379522406],[2356667.180699028540403,1007047.372830401989631],[2357586.299599034711719,1006874.300330403726548],[2358422.347199042793363,1005849.000230429577641],[2358356.928499038796872,1005330.111730438307859],[2359208.37749904487282,1005254.822130439337343],[2359996.362899047788233,1004576.312230464885943],[2360605.298999052029103,1004454.699830457684584],[2360937.999999056570232,1004667.199730461114086],[2361327.799099050462246,1004231.300230463733897],[2361866.299799062777311,1004270.500330464332364],[2362127.503099058289081,1004544.400230451952666],[2362086.499999058898538,1005341.499130440875888],[2362363.400099062826484,1005572.753630431368947],[2363082.878699066117406,1005725.738530429895036],[2363772.300199069548398,1005513.079130431753583],[2364774.999899073503911,1005883.868830419378355],[2365304.91569908009842,1005554.863030429114588],[2365866.300299079157412,1006680.068330404465087],[2367665.030699087772518,1005739.700230425572954],[2368007.799099079333246,1005184.800430440925993],[2368663.498999089468271,1006117.79893041565083],[2369405.899699094705284,1006397.228330407873727],[2369943.450199097860605,1007293.292230398510583],[2369482.884099094662815,1007723.227630378096364],[2369848.547999091912061,1008653.699130360619165],[2370159.847599091939628,1008823.115630351938307],[2370096.289899089839309,1008598.335630364599638],[2370322.373999094590545,1008656.80103036609944],[2370451.299699099268764,1008422.399930359330028],[2371372.098499098327011,1008749.725430349935777],[2371959.416999112814665,1008145.033830376109108],[2372497.799899109173566,1008192.900230363942683],[2373038.196599111426622,1008830.793130358564667],[2373517.830199116840959,1009032.399330345448107],[2373806.48609911557287,1008903.399330351152457],[2374228.424799120053649,1009467.876530342036858],[2374889.375999116804451,1009839.73273032635916],[2375132.801299118436873,1009556.07933033502195],[2375347.807799120433629,1009655.05843032815028],[2375698.000599126331508,1008916.400630342657678],[2377069.107599129434675,1008822.072830349206924],[2377042.79039912391454,1008432.400130361202173],[2376726.410299126524478,1008183.722030375502072],[2377212.784099134616554,1007630.378830385045148],[2377064.100299134850502,1007224.685530387214385],[2377925.35239912988618,1007652.530730377184227],[2378056.798999140039086,1007356.699630381655879],[2378943.254799139685929,1007405.215730383177288],[2379361.427299136295915,1007045.589530395460315],[2379752.799999137409031,1007104.800230397377163],[2379702.500299141276628,1007448.399830383947119],[2380780.098599147517234,1007044.998330391477793],[2381019.799699150025845,1006574.899830400827341],[2381731.800599152222276,1006644.799530404387042],[2381924.750199151225388,1006127.784230416640639],[2383363.499499159865081,1005285.900430435314775],[2383975.49989915965125,1006259.700530401663855],[2383676.905399159528315,1006589.965630407095887],[2383789.413199157454073,1006745.496130402782001],[2384710.999599165283144,1006860.199730389169417],[2384859.300699162296951,1006624.399730397039093],[2385404.000199170783162,1006581.300330399652012],[2385677.299499171320349,1006203.100030405563302],[2387237.999999178573489,1006532.800330406869762],[2387980.999699186068028,1007275.99883038783446],[2388548.679499182850122,1007329.21943038830068],[2389844.011699183378369,1008919.877930352347903],[2389888.867799185216427,1009343.228930336539634],[2390432.403499193489552,1009590.039330330793746],[2390731.252899191807956,1010276.594730313401669],[2390029.940899188164622,1010421.630130309495144],[2390037.713699183892459,1010787.439630302367732],[2389832.299699188675731,1010835.484330304665491],[2389716.657499187625945,1010324.694230310269631],[2388731.572499187197536,1010023.536530320066959],[2388608.717599188443273,1010583.839930310146883],[2388963.592999188695103,1011461.810030285152607],[2387830.979199175257236,1011535.539830286405049],[2387791.258499179035425,1011996.901830277522095],[2387098.299799172207713,1012122.299930269829929],[2387017.70979917049408,1012722.22793026198633],[2386409.442799174692482,1013524.472530240076594],[2386399.818699175491929,1013819.726730227353983],[2386710.251799172721803,1014021.788330223993398],[2388526.090599175542593,1014777.86273020436056],[2389234.299599185585976,1016196.800030175014399],[2388621.799199182540178,1017293.600530149647966],[2388822.99929919000715,1017823.800230130320415],[2388496.300399178173393,1018088.299130124971271],[2387995.499999177176505,1019422.599230100284331],[2387931.75469917524606,1020739.162330058286898],[2388274.673399182036519,1021246.286630057962611],[2388477.299599178601056,1021218.199830053024925],[2388507.704299181699753,1021642.452530042035505],[2389208.117899181321263,1021942.766930033336394],[2389501.506899185944349,1022476.400530025362968],[2388692.799599179066718,1022727.899730017059483],[2388650.000599184073508,1023091.199830006924458],[2388999.299999183509499,1023406.556629997328855],[2389638.300499183125794,1025247.800529953092337],[2390798.300199187826365,1026528.900329925352708],[2389925.999599187634885,1027529.299629899091087],[2390178.999299186747521,1027488.599529895116575],[2391247.799199193716049,1028270.599729887209833],[2392060.198199192993343,1028236.423629885655828],[2392212.162399195600301,1028013.499729886418208],[2391760.296399202663451,1027492.444729905109853],[2391947.342699187807739,1026811.213929921505041],[2392480.503499196842313,1026838.115229917340912],[2392548.192699196748435,1026644.901029917993583],[2393613.76899920636788,1026979.847729919245467],[2393943.619499198626727,1025992.100629926193506],[2394923.389299214817584,1025866.584129942930304],[2395483.555499211885035,1026367.197229918674566],[2395537.321499215438962,1027440.58372989972122],[2397015.32039921823889,1027905.43152989866212],[2397574.230599221773446,1027430.300029897713102],[2397777.474799224175513,1027568.850129898055457],[2398053.799299228936434,1026766.583729922072962],[2398819.971999236848205,1026437.422929920372553],[2398844.800899222493172,1025694.100829955306835],[2399983.816299227531999,1025906.252029939787462],[2400347.799299231730402,1025724.660529942484573],[2400437.299199235159904,1025184.999529951717705],[2400894.405399238225073,1025184.734629955375567],[2400901.500499241054058,1025006.699029960669577],[2401385.993899241089821,1025048.99162995419465],[2401643.800799243152142,1024783.099629960604943],[2401805.999299245420843,1024929.300529961823486],[2401649.458799241110682,1025052.69822996633593],[2402225.142199245281518,1025088.672529955510981],[2401967.907699243631214,1024997.949429960921407],[2402221.40739924646914,1024627.252829960198142],[2401874.361099244561046,1024252.185829978901893],[2402053.921699249651283,1022903.008830015780404],[2404773.350699256174266,1022377.196530023473315],[2405887.3001992655918,1021845.899730031494983],[2406140.289799271151423,1023423.720129993394949],[2405989.646399263758212,1023542.801029994152486],[2406780.853099266067147,1024381.906329969409853],[2406695.935999262146652,1025141.682629956398159],[2407145.407099265605211,1025394.651029947097413],[2407868.000399276614189,1024950.000329949194565],[2407856.998799274209887,1025398.100029952009209],[2408409.80039927130565,1025158.400129948859103],[2408755.299999268725514,1025519.900329948868603],[2408702.000499279238284,1025859.300929943448864],[2408992.499399279244244,1025435.599829949554987],[2409430.299499282613397,1025284.300629947218113],[2409977.084199282806367,1026454.427129925345071],[2409826.299399278592318,1027323.900129895657301],[2410775.799999286886305,1027052.998829916119576],[2410811.799299282487482,1027360.901129897218198],[2411061.299899286590517,1027405.799229901051149],[2410793.299499286804348,1027948.399529878050089],[2411283.819599285721779,1028568.27582987898495],[2411227.385199286043644,1029003.29902986146044],[2412736.565399287268519,1029749.055629839422181],[2412123.736499297898263,1030200.488229835871607],[2412339.104099289048463,1031498.078029791940935],[2412811.517699298914522,1031590.083729793317616],[2413551.49689929978922,1032618.830329777207226],[2415812.086999305058271,1031642.43332980456762],[2415553.743999308440834,1032195.453229780774564],[2415520.559099308215082,1033021.595229762606323],[2415728.007699311245233,1033406.680329756694846],[2415574.917299311608076,1034274.556829728069715],[2416160.204999306239188,1034841.604829720919952],[2416800.969899312593043,1034454.330029727541842],[2417540.156599311623722,1032982.12462976295501],[2418289.106199320405722,1035296.684029708383605],[2418543.500699323136359,1035466.434029705473222],[2419080.724899323657155,1035465.251829712768085],[2420300.895899331662804,1033968.98162974359002],[2422012.650899336207658,1034748.110929727670737],[2421641.262899333611131,1035228.956129713216797],[2422022.628199342172593,1035612.75842970807571],[2422021.193899336736649,1035878.995029689045623],[2421609.838399331551045,1036104.106629687943496],[2421765.440299337729812,1036515.671229685540311],[2422469.777499345131218,1037224.995979661121964],[2423556.455699345096946,1037323.196029664366506],[2424852.675049351993948,1038472.438629629905336],[2424374.286499342881143,1039805.572229602839798],[2424722.992699353024364,1040376.134129587793723],[2424749.030199345666915,1041808.424729556543753],[2425244.93749935599044,1041738.62852956505958],[2425630.796599352732301,1041114.092729567899369],[2426296.323599361348897,1041051.333129573846236],[2427544.951799365691841,1039197.697929618065245],[2427812.645899365656078,1038393.140129639068618],[2427628.018999368418008,1037485.158429662114941],[2427908.625699364114553,1036934.351229675929062],[2428339.931199367158115,1036650.479029682464898],[2429344.957099374849349,1036906.843329674913548],[2429603.834599379450083,1036473.234429679461755],[2430024.566499374806881,1036662.101429676986299],[2432777.270099385175854,1039149.48512961959932],[2433360.153999391943216,1039253.967429612763226],[2433686.409699394833297,1039603.830829610000364],[2433900.109899388626218,1041172.018929574987851],[2433656.523899391759187,1041844.046829561470076],[2434142.369399400427938,1042411.717329539358616],[2433245.102799389045686,1042524.618129540933296],[2432998.800099389161915,1043161.482529514003545],[2432335.602999384049326,1043432.01722951582633],[2432697.419999390374869,1043990.229729504091665],[2431929.498399388045073,1044365.650329490192235],[2432317.149599384050816,1044618.935129485209472],[2432708.078799387440085,1044509.271829494391568],[2432183.482399381697178,1045613.9433294669725],[2432339.872599380556494,1045799.440929464646615],[2432596.231699388939887,1045542.458129462553188],[2432490.515599385369569,1046023.309729453525506],[2432730.193099382333457,1046010.524329454754479],[2432764.903499392792583,1046678.810129438876174],[2432447.267099387012422,1046712.822729429812171],[2432493.104099379852414,1047090.226329429307953],[2432830.16479938942939,1047226.218429425032809],[2432400.330999390687793,1047490.048629423021339],[2432916.151799387298524,1047788.883929416537285],[2432428.625999391078949,1048305.312029399559833],[2433514.22169938730076,1048648.728629395598546],[2434089.487899391911924,1049277.875429376959801],[2434383.93559939134866,1050088.068729354767129],[2434325.608899393584579,1050298.717829347355291],[2433658.511299386620522,1049899.064629360102117],[2433171.438599389046431,1050052.688629359705374],[2433055.097299391403794,1051337.961329321144149],[2433716.648499390576035,1051541.497929323930293],[2434106.52049938775599,1052111.82162931188941],[2434024.338599397800863,1051640.81932932510972],[2434335.40659939777106,1051653.969529315829277],[2434584.315399389714003,1052155.290529305581003],[2434187.798899399582297,1052271.056229312205687],[2434752.757299393881112,1053175.442429282236844],[2434808.035199399571866,1053831.941729268524796],[2435566.792999399360269,1054325.660329257603735],[2433788.768399387132376,1056240.893729211995378],[2434922.078499403782189,1057251.524629187770188],[2434974.918599396478385,1057917.340829171007499],[2433815.099799390416592,1058139.062429171754047],[2432002.125699379481375,1057893.730829174630344],[2431425.822399385273457,1058583.903629154199734],[2429643.653099369257689,1059036.774129139026627],[2429163.096299372147769,1058886.99732915381901],[2428939.400699372868985,1059150.098529142327607],[2428644.704099362716079,1058837.470029157120734],[2428209.007299359422177,1058945.524729144759476],[2428137.842999365180731,1059882.2596291215159],[2428640.471099365968257,1061155.984229090157896],[2428359.949999371543527,1062237.484729070682079],[2426091.277499355375767,1062071.752929071895778],[2426000.741899355314672,1062610.035429069073871],[2425575.452799347694963,1062659.016829060157761],[2425245.941799346357584,1064118.252729027997702],[2424825.092799345031381,1064474.796429007779807],[2424231.523399349302053,1064264.287429022835568],[2424007.774499345570803,1063785.019529038574547],[2421196.159599332138896,1064824.960729005979374],[2420828.612499320879579,1065667.947128991130739],[2420918.380099326372147,1066183.604328973917291],[2420117.890999322757125,1067640.639028937323019],[2420222.340699325781316,1068227.223628928884864],[2419895.538099323865026,1068810.793228919617832],[2419900.310999321285635,1069556.979828894836828],[2419281.827399319969118,1070413.830228877719492],[2420332.721899323165417,1071299.70362885738723],[2420340.379999331198633,1071687.613328847801313],[2419296.272099320311099,1071856.522628844948485],[2418772.545799320563674,1072280.273928834591061],[2418099.006299313623458,1072268.460628838511184],[2417386.981099313125014,1072660.224628823343664],[2417065.479599304497242,1073135.406828814884648],[2417809.498799310997128,1073021.195328820263967],[2418070.5444993134588,1073642.90562880015932],[2418460.813799315597862,1073754.595228798454627],[2419043.324399318546057,1073524.178228797623888],[2420057.217599329072982,1074479.259328781627119],[2421069.253399323206395,1074837.365428770892322],[2423270.499499339610338,1078475.400228685932234],[2423649.233399339951575,1078577.865528682945296],[2424089.169499343261123,1077981.600528701208532],[2425586.499599351081997,1078359.901028694352135],[2425850.499099354725331,1078633.300128682982177],[2425906.000799347180873,1079428.099528656341136],[2426335.299599345773458,1080006.600428650388494],[2426495.79989935643971,1079565.798928651958704],[2428323.500799366738647,1079410.300428657559678],[2428221.800099363084882,1080815.099228628678247],[2428740.299299367703497,1081372.000028617680073],[2428912.000599374063313,1082015.300028599798679],[2430137.300999365281314,1082090.600828605005518],[2431155.79989937832579,1083284.300228574778885],[2432117.300399377476424,1083096.100128572201356],[2433009.299599378369749,1083426.799828565213829],[2433767.499899386893958,1083033.599128581117839],[2434804.000499395653605,1083630.000228564953431],[2436380.300499397329986,1082335.399928596802056],[2437593.799399408977479,1081824.000028603011742],[2438121.299999410752207,1082340.900828588521108],[2438577.300099413841963,1082252.299528594594449],[2438623.299399416428059,1081047.599428621586412],[2440831.154299420770258,1080844.295428631594405],[2441593.930699420161545,1081095.273128625238314],[2443129.601699431892484,1080875.456428627483547],[2443492.637499444186687,1080426.998928630026057],[2444312.158899443224072,1080091.913428643252701],[2444159.000399444252253,1079764.60002865223214],[2450934.820499475579709,1076377.91672873776406],[2451010.999699477106333,1075590.998928751563653],[2451773.498899471014738,1075914.399328742874786],[2452957.499299487099051,1075930.899628744227812],[2453440.799799485597759,1074697.899428773438558],[2453178.500199484173208,1074513.999628770863637],[2453199.300199483055621,1074209.900428785476834],[2452518.093799481634051,1073857.774328788975254],[2453404.799999482929707,1073758.500028801849112],[2453254.798899485729635,1074048.899028786923736],[2453534.500399489887059,1074152.00082878745161],[2454535.748599492013454,1073207.976128812413663],[2456229.182599496096373,1073019.500128811458126],[2457426.00109950825572,1072471.000128822866827],[2458329.415199507959187,1072334.509128824342042],[2458029.016699503175914,1071662.333728838479146],[2460334.694199520163238,1070835.559728858061135],[2461936.999799521639943,1070671.900628869188949],[2462208.021199527662247,1069807.374928888631985],[2466441.941599546931684,1067540.000328945927322],[2466925.133299551904202,1068401.184728921158239],[2468045.698799555655569,1068016.795728932600468],[2469575.924599559511989,1070930.399428865173832],[2468826.640699559357017,1071097.406528858700767],[2468691.261399557348341,1072429.177328821504489],[2471219.118099574465305,1072176.413828837918118],[2471198.467399572022259,1071758.918728840537369],[2471651.788299568463117,1071022.679328863508999],[2474155.2831995873712,1071147.036528861848637],[2475524.477999596856534,1070798.437828862573951],[2476684.773999589495361,1071432.638928843429312],[2477548.614899602718651,1073625.184928790433332],[2477494.557399607729167,1074257.736028779298067],[2477939.003999602980912,1074607.151528776623309],[2477936.74279960244894,1075512.311228754930198],[2481681.999799619428813,1074773.000428772298619],[2482349.000699626281857,1076848.599728720495477],[2482864.000399623531848,1076739.099528721068054],[2482846.499699632637203,1076351.600028725806624],[2484054.799899634905159,1076079.500528739299625],[2484832.800299642141908,1076710.899728722637519],[2485369.00179964164272,1076666.071028722682968],[2485962.999799637123942,1078331.299628687556833],[2486589.298899645451456,1078627.999128683237359],[2486793.190699646715075,1079012.13642866932787],[2487070.012099651619792,1078906.523428671294823],[2487555.379899655468762,1080087.567428640089929],[2488102.391399651765823,1080042.114328641211614],[2488279.278499648906291,1080562.27862863522023],[2488068.888099649455398,1080994.024928622879088],[2489265.863499659579247,1081686.773828607052565],[2489496.317999667022377,1082796.142928580520675],[2491130.686499661300331,1083480.351128560956568],[2490268.000499664340168,1084630.887628537369892],[2491451.650699672754854,1085661.976928515359759],[2492594.77974967751652,1085175.248728518839926],[2493443.601299684029073,1086836.410028480924666],[2494034.52719967905432,1087291.652428475441411],[2494561.000499684363604,1088554.899428449571133],[2494328.999499684665352,1088887.599778438685462],[2495705.799599688034505,1089626.499728414462879],[2495774.617599691264331,1091032.262628382770345],[2496027.3102996959351,1091009.769928378751501],[2496048.784049697220325,1092945.968478344846517],[2497861.273999695200473,1092721.897828346816823],[2497947.885199706070125,1093974.378928314661607],[2512314.81209977157414,1099225.035228194668889],[2516654.506499794777483,1098920.225428197067231],[2516929.16249978961423,1102713.264328110497445],[2515918.277699791826308,1102976.209728109650314],[2514738.401099783368409,1102862.643528100801632],[2513843.474099781364202,1103342.43722809990868],[2513612.916199774015695,1103081.468228103825822],[2513086.543999779969454,1103231.971328108338639],[2512368.980999773833901,1102942.761128103127703],[2511862.160199769772589,1102427.557828118558973],[2512152.987799774389714,1102307.697228130185977],[2511738.44029977498576,1101699.182928134687245],[2511266.668199771083891,1103719.151028084103018],[2510504.977299764752388,1104537.995328065939248],[2510704.876499765086919,1105082.842828059336171],[2510457.085899764671922,1107278.399628013605252],[2510267.500299761071801,1107659.599327997304499],[2509892.499899761285633,1107560.399427997414023],[2509304.000099763274193,1107912.300027995370328],[2508979.500599758233875,1108844.299627966247499],[2509571.999399758409709,1108240.999727986054495],[2510815.49929976882413,1107983.000427991617471],[2510776.800699769053608,1107413.799728001235053],[2511174.29969976330176,1106544.000828017247841],[2514118.991899778135121,1108173.045327987289056],[2514151.200199783779681,1109802.965327943209559],[2514344.041099784430116,1109994.222327942727134],[2514160.654899781104177,1110092.338727943133563],[2514158.559399784076959,1110743.189327917061746],[2514263.37639978248626,1111450.673427911708131],[2514552.926299782469869,1111442.810927912592888],[2514271.259999779984355,1111559.023727910360321],[2514208.498599778395146,1112307.423961214488372],[2516373.959299788810313,1112061.933177893748507],[2517411.388999790884554,1111501.227227906230837],[2518934.286199807655066,1111332.182227917015553],[2519773.448799803853035,1111687.896827906137332],[2520395.037099816370755,1112547.40062788175419],[2520105.500999808777124,1111914.270027900580317],[2522142.9518998186104,1111790.00942790415138],[2522884.093999824952334,1110826.833027917891741],[2522843.960899827070534,1109940.669327942188829],[2524690.560199833940715,1110135.475627937819809],[2525578.183999842498451,1110754.189427929697558],[2527740.993849848397076,1109380.243227951927111],[2527501.414199848193675,1108601.005227973219007],[2529888.972899856977165,1106937.365728018106893],[2529731.741999853402376,1106277.062028035055846],[2532585.326799876056612,1105065.74352805595845],[2534007.892399872187525,1103182.881528098834679],[2535244.167899884283543,1102468.533128125825897],[2535052.630199879407883,1102109.985028133029118],[2535317.795099886599928,1101842.478428133297712],[2535167.837399877607822,1101425.580528144724667],[2535507.448599887546152,1101516.179628142155707],[2535737.951899883337319,1101205.639128155075014],[2535551.607299883849919,1101159.859228145098314],[2535723.153899881057441,1100834.888128158636391],[2535568.189599887933582,1100806.294528155820444],[2536022.720199888106436,1100381.266828167717904],[2535911.067899887450039,1098991.020728201372549],[2536525.83769989060238,1099226.4760281953495],[2537342.064299896359444,1099002.063728203065693],[2538146.251399903558195,1099352.192128199385479],[2538969.423199902288616,1100094.357628175988793],[2539398.435599904507399,1101398.617128141224384],[2539942.200499902479351,1100274.506928168004379],[2541549.003899916540831,1099257.814828193979338],[2541916.03959991550073,1099223.737828199518844],[2542060.366199919488281,1099862.055328181246296],[2542828.167499913834035,1099760.797928184969351],[2543340.703799922950566,1100048.242028173990548],[2544223.967199932318181,1100049.802928185090423],[2544300.01009992370382,1097587.689428239129484],[2544969.584599933121353,1093255.192328338278458],[2544644.021099927369505,1091782.94552837498486],[2545055.418199930805713,1091561.523228373844177],[2545113.241799929644912,1091125.304928390076384],[2546470.765599938109517,1090912.948728391434997],[2547633.133699941914529,1088313.947828456992283],[2548578.865699947811663,1088175.548728454392403],[2548377.860099948942661,1088607.834328448167071],[2549170.278399948962033,1089152.022728436393663],[2549407.10859995149076,1088597.08852844289504],[2549606.037099958397448,1088793.488328443607315],[2550360.721399957779795,1087066.613628488266841],[2547457.605499938130379,1084663.570128541905433],[2545257.265299932099879,1084939.467428527306765],[2542634.720999923534691,1084807.750828533433378],[2542728.479099915828556,1084020.17722855345346],[2542990.300599918700755,1084134.000828553922474],[2543267.000099919270724,1080141.099228648236021],[2544647.70069992588833,1079815.553128658793867],[2545535.130899937823415,1080004.034328646725044],[2544186.265199918299913,1076607.416728726122528],[2543433.139099919702858,1077440.481928709661588],[2542826.707599919289351,1077183.702328708255664],[2543219.057099915109575,1076514.449228732613847],[2543921.070999923162162,1076065.160428742412478],[2544071.977299926802516,1075606.081528751878068],[2544262.122699920088053,1075722.934428746579215],[2544366.961499917320907,1075286.076528765959665],[2543475.238199926447123,1073594.44672880298458],[2542758.652599913068116,1072846.478028822457418],[2543109.666699917055666,1072493.471828827168792],[2542795.996899920981377,1071964.869528841692954],[2542925.164899915922433,1071358.740828854031861],[2542337.664199912920594,1070841.547828853828833],[2541924.839899914339185,1069459.529328895034268],[2541609.293799906037748,1069190.690828903811052],[2541655.106199910864234,1068750.650228918530047],[2542819.107099920045584,1068534.286428919294849],[2543250.67759991530329,1067924.927128936862573],[2542861.799999912269413,1067447.09912894689478],[2542921.299299920909107,1066650.900828964775428],[2542655.181199914310127,1065970.544628975912929],[2541881.500499910209328,1066373.099828968988732],[2541702.324799909256399,1066209.585128974402323],[2541527.875799905508757,1065746.070828987052664],[2541652.849299908149987,1065141.8913289969787],[2540485.973099905066192,1063822.155329031171277],[2540409.879299902357161,1063346.244829037459567],[2540090.397999902255833,1063484.900729033630341],[2539953.772599906194955,1063220.183029053732753],[2540150.785099904052913,1063027.897129045566544],[2539972.225899909622967,1062384.878629059297964],[2540541.616099906153977,1062338.251529068918899],[2540553.857899909839034,1061123.358529103687033],[2540217.998099898453802,1061068.676329094683751],[2540481.216999907512218,1060918.155629099579528],[2540154.250699901487678,1060556.467529104556888],[2539543.449999899603426,1060482.299229107564315],[2539575.011199906468391,1060074.093829115619883],[2538999.578799898736179,1059800.387529123807326],[2539261.250699897296727,1059161.354229144053534],[2538799.299399902112782,1059088.599629139294848],[2539172.999899894930422,1058607.000729162013158],[2538551.859999890904874,1057889.392929174704477],[2537542.228699887171388,1057650.388029174413532],[2536985.223099885042757,1057012.378529192646965],[2537092.726399893406779,1055577.695129222469404],[2537898.499499888159335,1056177.899729215539992],[2538462.299799893517047,1055574.10092922532931],[2538470.500399890821427,1055164.599429234862328],[2542389.299699914176017,1050222.800529349362478],[2542288.68309990875423,1049327.468929376453161],[2542634.110199915710837,1048866.256729387445375],[2542283.864099913742393,1048598.225329393520951],[2542301.631499906536192,1048093.726929404190741],[2542515.066299914382398,1047744.400829414604232],[2543134.300099918618798,1048341.700029401807114],[2543290.033999918960035,1046190.100729452329688],[2544325.858899925369769,1045119.437729479046538],[2543466.00039991363883,1045106.300729476148263],[2542394.96799991466105,1044738.646729480591603],[2541593.209299901966006,1045380.769029466900975],[2541246.177899906877428,1045331.539029472740367],[2540589.808499900624156,1044715.341629483969882],[2539332.599999903235584,1044758.40492948226165],[2538083.525799892377108,1043865.373629504465498],[2537312.757999882567674,1044159.748629498993978],[2535238.500099878758192,1043801.809029506403022],[2534015.556299874093384,1043308.087429509381764],[2533858.092199873179197,1042853.571229531080462],[2533273.816499871201813,1042512.619029532768764],[2533078.777799868024886,1041891.116129548754543],[2533283.920099873561412,1041743.793829560512677],[2533414.588699866086245,1041925.551929548266344],[2534189.67999987443909,1040946.740829574642703],[2535960.912099877372384,1039709.301629602327012],[2535964.749699881765991,1039227.100229619070888],[2536869.801499887369573,1038109.251729651121423],[2536683.117499884217978,1036404.021129684173502],[2536489.566099885851145,1036229.909429691615514],[2536541.765599885489792,1034879.446829721797258],[2537080.300399883184582,1033661.299829752417281],[2536850.799699880648404,1031963.30022978503257],[2535731.999899880494922,1031587.100229797419161],[2534822.097599872853607,1030552.677329819998704],[2533441.500699865631759,1030745.100029817083851],[2532359.799899869598448,1031371.40012980136089],[2531220.499699854757637,1030243.300729826907627],[2531097.500299855135381,1029573.699729842948727],[2530780.799899862147868,1029318.600229849922471],[2530246.898599847685546,1029429.074629847658798],[2530018.214799852110445,1029897.008429834153503],[2527290.931199837476015,1029513.360129847307689],[2527008.80029983818531,1028616.600729868747294],[2525868.299699834082276,1028926.900629859650508],[2524821.090099827386439,1028443.29622986773029],[2525018.29999982798472,1028009.59952987881843],[2524854.799999822396785,1027671.000529896584339],[2524199.300299827940762,1027612.801029897294939],[2523946.800899820402265,1027352.000429895007983],[2525355.499299828894436,1025828.699929930386133],[2524181.799399826209992,1025644.099429941503331],[2523640.591899819206446,1024816.685629959218204],[2523387.565099814906716,1023577.417829983285628],[2523313.019799815025181,1020612.115930058178492],[2522669.99919981462881,1020042.299730072030798],[2522763.300599812995642,1019250.600230089621618],[2522361.499199816957116,1017810.69943011761643],[2522629.300999812781811,1016637.29903015808668],[2521992.87839980609715,1016179.420530165196396],[2520260.95159980468452,1017275.328930136980489],[2520182.827299800235778,1016410.343930165516213],[2519412.269099798984826,1016014.721230166149326],[2519054.999699802137911,1015419.900130184716545],[2519631.756599804386497,1015312.524430188816041],[2519456.500499797053635,1014506.699630197603256],[2518361.566299790050834,1013918.814530219649896],[2517221.371399790979922,1014067.080230209860019],[2517492.753699792083353,1012094.54643026238773],[2517913.330199795309454,1012393.308030264102854],[2518586.761999795679003,1012018.051230264827609],[2518858.201599800027907,1010737.633930289652199],[2517886.147499795071781,1010287.918130307458341],[2517792.343299787025899,1009967.226030312594958],[2516888.701599785126746,1009931.840030318824574],[2516808.813799785915762,1009602.138430319726467],[2513316.234299769159406,1009439.734130328870378],[2512928.799799767322838,1009171.599130326183513],[2512640.49899976933375,1008349.100630346336402],[2512937.300299766473472,1006657.699830395518802],[2511080.000099763274193,1005084.90013043442741],[2510910.499599759466946,1004579.399330440326594],[2510208.299999754875898,1004768.40023043542169],[2510697.999299755319953,1004194.299930455046706],[2510105.999999759253114,1002472.200030498206615],[2509662.450599748641253,1002106.754030499141663],[2509793.202799751423299,1000232.903030544752255],[2509307.855799755081534,999478.913530563469976],[2509504.694999747909606,999424.324530561338179],[2509445.299199752975255,998774.379230584600009],[2508197.499199750367552,997162.129930624505505],[2507794.269399739336222,997081.692830613814294],[2507691.806599742267281,996501.959330641548149],[2508052.979399744421244,995836.456130650127307],[2507103.34959974559024,995304.353430664050393],[2507136.75409974064678,994874.560430679935962],[2506752.433799738995731,994571.778130687307566],[2506912.300499734934419,994244.94083069334738],[2506508.00029973173514,994056.999630693579093],[2506267.658199741039425,992588.540530734229833],[2506542.928999731317163,991744.768630750710145],[2506322.255099729634821,991280.714430765598081],[2505997.375499734189361,991003.473730774479918],[2505708.799299734644592,991247.499430765048601],[2505805.925799741409719,991448.639530759654008],[2505575.403399729169905,991294.975130758946761],[2504362.078899728599936,991785.570530751836486],[2503821.495799728669226,990387.441230787662789],[2502083.488999714143574,990665.916830785106868],[2501957.799999716226012,989537.309430803405121],[2501242.298999710474163,989309.939730816520751],[2500618.229499716311693,988756.333130832645111],[2500107.903399700764567,987881.541930847102776],[2499657.318699699826539,987648.410730856237933],[2499124.99979970511049,986293.129730890854262],[2498621.800799706019461,986001.560430887388065],[2498135.907399693038315,986062.438330883276649],[2498328.944599700160325,985510.34793090634048],[2498696.750799702014774,985517.749430901487358],[2498423.278699704445899,985143.672830909839831],[2498447.405299698933959,984538.367030926514417],[2497743.30009969510138,983733.939430944039486],[2496001.734799695666879,982101.992230985313654],[2494514.999999681953341,982125.880030979518779],[2493455.800599677022547,981484.499130999203771],[2493329.504299672786146,981095.632831010618247],[2492364.800299673806876,981064.130531014525332],[2492042.300299674738199,980694.629631020012312],[2492078.97509967116639,980306.68433102266863],[2491722.877199671696872,980087.894231028389186],[2492104.464299669954926,978886.745331060956232],[2492020.430199671536684,978137.526531081763096],[2491573.518499666359276,977513.288531095604412],[2491713.114299662411213,977080.905331107554957],[2491167.963799669872969,976883.12143110926263],[2490972.273999659344554,977045.340231106383726],[2490640.399199665058404,976472.734231118345633],[2490696.62749966327101,975899.938431134913117],[2490436.517399660311639,975763.099831136292778],[2490056.800699665211141,974685.750331162475049],[2490616.300299662631005,974751.940531159169041],[2490581.102799655869603,974513.970331171178259],[2491443.959999672137201,974368.030531169963069],[2491593.361699671018869,973743.008931181859225],[2491824.317999671213329,974023.442331176484004],[2491875.600299666635692,973780.068531191442162],[2492113.279399664606899,973815.97533119074069],[2492366.880699670407921,974322.807831173529848],[2492992.000299667473882,973823.87913119152654],[2493194.286799671128392,973218.395331187173724],[2492500.580299673601985,972407.785431215306744],[2492364.372599669732153,971234.898031247081235],[2493670.299399678129703,971207.499831239809282],[2493695.389299683272839,970689.183531256159768],[2493312.299199676141143,970130.941031274618581],[2493709.299399677664042,969935.310231273411773],[2495484.134699686896056,969983.108731276239268],[2495638.301199689507484,970323.559931270196103],[2496426.300499689765275,970503.559431265690364],[2496448.385999689344317,969769.01223127450794],[2495812.800999691709876,968421.059831316233613],[2496085.500899685546756,967775.940931332763284],[2497089.299199692904949,968044.630031323526055],[2498507.500599703285843,967738.809731334447861],[2498721.300299705937505,967038.059431350324303],[2498085.499799689278007,964634.060331411194056],[2498019.300899692811072,963232.129231445956975],[2498539.300199696328491,962681.630031460314058],[2498390.269399698358029,962387.662731464253739],[2498564.183199701830745,961937.439331475296058],[2499511.30069970805198,961483.689531483105384],[2500298.499099703971297,961966.629331474308856],[2500489.628799708094448,961619.362231473089196],[2500997.599799710325897,961545.962831479497254],[2501873.499699715059251,961814.629631484043784],[2501932.482099715154618,961175.496331486501731],[2502725.815399716608226,961520.800031480845064],[2502723.500199728645384,961924.130531470291317],[2503312.163799725938588,961849.544231475098059],[2503094.999799713958055,961228.879431494046003],[2503329.836799724493176,959752.82013152318541],[2502953.207599718123674,959313.855031540733762],[2502990.222899723332375,958979.553731548017822],[2503515.990899722091854,958926.260531549225561],[2503722.631599725224078,959126.283131549134851],[2504235.300699727609754,958394.808831563685089],[2504454.799999718088657,958432.309331561555155],[2504613.00119972974062,958002.689231569995172],[2504358.999399718362838,957776.060731569770724],[2504379.999699730891734,957084.250331588787958],[2504557.999799720477313,956944.379931599250995],[2504283.063199718017131,955802.627031608717516],[2504930.064999726600945,955858.258431609836407],[2505071.610199731774628,955652.433931629289873],[2504358.890099733136594,954650.274131647543982],[2504224.299199729692191,953382.690231677726842],[2503423.115899723023176,952555.752931694732979],[2503472.018299716990441,952090.969031709828414],[2503849.000099722761661,952007.311131711001508],[2503862.498899719212204,951552.380931720836088],[2503125.722499715164304,951394.351431735092774],[2503184.499999723862857,950321.880231753224507],[2502568.188899719156325,949178.713831783272326],[2502708.757199722807854,948414.87353179953061],[2502195.29969971254468,948530.499831796158105],[2501666.499799709767103,947667.248731811647303],[2501201.500399714801461,948177.499531806097366],[2501255.299699706491083,948799.629331793170422],[2500847.374099710956216,948434.942031798069365],[2500626.000399709213525,948695.310531791765243],[2500677.998799707740545,948393.80953180254437],[2500461.50069970311597,948273.499231799389236],[2500126.931499705184251,948361.996431801118888],[2500123.217799704521894,948831.615531792747788],[2499679.800699704792351,949013.000131781911477],[2499582.000499702524394,948797.80943178862799],[2498837.299599696416408,948767.49953179305885],[2498531.300099697429687,948503.750231801415794],[2499097.748299703933299,947464.096131824888289],[2498951.70849969657138,946680.349331843783148],[2498048.200799698010087,945765.094731861841865],[2497854.799599690362811,944708.55923189362511],[2497348.499099690001458,944480.810531894443557],[2497239.300299688708037,943933.808731915079989],[2497028.299399690702558,943956.940231902641244],[2497070.800599690526724,943426.059231917606667],[2496053.799799692351371,942931.879531933227554],[2495217.645399688743055,941890.849431959562935],[2495620.299499685876071,940993.999331983854063],[2495310.299299683887511,940698.310731988516636],[2495567.129499685950577,940313.396031998796389],[2495287.487499676644802,939849.619332005968317],[2495427.970099684782326,939021.487932031159289],[2495054.209699684288353,938649.9508320344612],[2494668.324599686544389,938793.787032032269053],[2494615.809699674602598,938560.973132034996524],[2494148.820199684239924,938519.010132041876204],[2494016.047199675813317,937783.441632064292207],[2493572.800599677488208,937721.69083206623327],[2493294.76579967699945,937148.898332077311352],[2493127.842199675738811,937284.725632066256367],[2492929.953399670310318,937034.427132077864371],[2493094.669299670029432,936858.35543207754381],[2492952.47289967071265,936657.647032085806131],[2492591.032599670346826,936510.44053208664991],[2492315.632499667350203,935902.842832112568431],[2492036.209499668329954,935887.663432105910033],[2492311.400599675718695,935545.427732104551978],[2491753.436999669764191,935089.334232123335823],[2492126.576199672184885,934904.588532133260742],[2492093.016099666710943,934470.507732138386928],[2492583.354699670337141,934377.500932149239816],[2492631.101699674502015,933776.866032158024609],[2491957.953399668913335,933811.373132156324573],[2491866.298599668312818,933536.14633216499351],[2491600.68169966712594,933567.593632165458985],[2491631.017799671273679,933229.205432164017111],[2491211.735199667979032,933335.463232162524946],[2491037.43389966385439,932394.201432191766798],[2490803.365199662744999,932300.611832197289914],[2490921.663799662608653,932121.380532199516892],[2490587.950499657075852,931618.216232215519994],[2489924.968099655583501,931595.219032205292024],[2489991.624799660407007,931034.003232220886275],[2489001.952399656176567,930428.739932232536376],[2488612.650299658533186,930381.375832239049487],[2488027.117799647152424,930704.462732237996534],[2487126.776799647603184,930378.545132240629755],[2486387.295799642335624,930715.648332232492976],[2486096.701499639078975,930548.589832235942595],[2486033.704999637324363,930130.913332248223014],[2485337.409399640746415,930067.807832239894196],[2484347.203199630137533,930418.986132240970619],[2482513.515999627299607,930446.440132239134982],[2482584.989799624308944,930171.648432240122929],[2483357.38609963376075,930022.451232244609855],[2483552.908699631225318,929146.22353227448184],[2481591.334099624305964,929280.206132270162925],[2481548.871899620164186,928734.060332282213494],[2481963.129599628970027,928138.868932298850268],[2481761.932199622038752,927935.937932292814367],[2479552.077299606520683,927335.718932312214747],[2478355.488999610301107,928019.202532294089906],[2477976.531499606091529,927519.876732308999635],[2477164.204399602953345,927385.372132317861542],[2476930.241999596823007,926630.65663233702071],[2475242.58419959526509,926384.082132337265648],[2473563.356199588626623,925665.466532351681963],[2473052.118399584200233,926119.215732345823199],[2472856.506499575916678,925731.035832346067764],[2472168.762999571859837,925707.863632358494215],[2471479.798399575054646,926045.519232342019677],[2471176.677499575540423,926540.946632335660979],[2470452.812399570364505,926806.545432329061441],[2469851.260299563873559,926286.786332345101982],[2469462.39879956189543,926846.767032317584381],[2469624.899399573914707,927626.011132305022329],[2468114.359099559020251,928201.199132295441814],[2467859.673299550544471,928089.863732298370451],[2467123.918499552179128,926706.209432330331765],[2465967.091099547687918,927248.728132320800796],[2465057.620399546343833,926374.433432333753444],[2464382.32989954110235,926205.890332333161496],[2464008.424099537078291,925663.354332358227111],[2462716.638099538628012,925882.882532342104241],[2462303.256199534516782,925112.391032368061133],[2461898.028699535876513,924876.161632375558838],[2460205.496699521783739,925121.644932370516472],[2459308.173299513757229,925552.624232365982607],[2458407.062099519651383,924870.216932374518365],[2457356.530999511480331,925507.955732364323922],[2456184.737699509132653,925424.125732356333174],[2455423.304099504835904,926208.099632338387892],[2454793.365399499889463,926345.604132345411927],[2453424.078599488828331,926046.971632350469008],[2452727.40789949009195,925586.44593235081993],[2452685.163499493617564,925022.684032370802015],[2451336.225399489048868,925206.541232362971641],[2450017.220399477519095,924620.502332382253371],[2449430.042499470058829,924056.774132392019965],[2448956.865899473428726,922788.885832422529347],[2448376.249799470417202,922713.957032426726073],[2448029.654899466782808,923285.325132413068786],[2447418.520199462771416,923594.45693241187837],[2447047.394099464640021,921996.470632441691123],[2445810.740499461069703,921939.552732445881702],[2444806.017699455376714,921394.840032453881577],[2444845.783099454361945,920841.878532478236593],[2445659.131999455392361,920456.932432492845692],[2445881.354599450714886,919691.3358325016452],[2445834.297999455127865,919349.532732512801886],[2444992.828799453563988,918651.112632523989305],[2444306.568499451037496,918787.819032527972013],[2444238.555999455042183,919539.62503250874579],[2443380.3259994443506,919716.519832501769997],[2443069.93929944280535,919422.617532510077581],[2442543.228799441829324,917665.069332555867732],[2442241.859799444209784,917529.112132551148534],[2441945.482999444007874,917851.53753254795447],[2442158.921099440194666,918711.25523253204301],[2441249.762599433306605,919459.595832508988678],[2440814.894299439620227,919059.15673250972759],[2441159.353499441407621,918581.096932531916536],[2441026.160699437372386,918078.62703254155349],[2439628.636699430644512,917946.977332542301156],[2438545.368899429682642,917299.041832565446384],[2438238.433899427298456,917743.537332550040446],[2437814.872399423737079,917664.089432550477795],[2437669.436499418690801,918255.796032540150918],[2436504.317999423947185,918479.149032531189732],[2436016.605199415702373,917843.480332546751015],[2436265.563999416306615,917390.974932565237395],[2436174.236799417529255,916936.30593256931752],[2435366.432399412617087,916652.644332583062351],[2435789.036199418827891,916142.240332588669844],[2434696.721099410206079,914108.29523263964802],[2433250.10869940649718,913460.45943266316317],[2431205.915399391204119,914362.220632632845081],[2430283.895699383225292,914281.684732638648711],[2429892.6735993870534,913794.378632650827058],[2429314.267699383199215,913860.129732648842037],[2428649.077299383003265,912880.86963266809471],[2428979.30069938255474,909892.879932746407576],[2429303.999499383382499,909253.749932757113129],[2429212.800699385814369,907749.249732804717496],[2428173.31679937755689,907151.045532810501754],[2426175.000499369110912,907413.248632803210057],[2424461.499399358872324,907093.630732821882702],[2423950.500299358274788,907236.499832801404409],[2421620.999699350912124,905262.879732857341878],[2421129.22959934733808,905796.395932842046022],[2420104.486899345647544,905276.144932854105718],[2419150.12899934174493,904539.91483287489973],[2419334.252999339718372,904287.402632880024612],[2419151.300499338191003,904154.500232887105085],[2418259.800399330910295,904068.129332885961048],[2417773.213399326894432,904155.176732884137891],[2417499.451399324461818,904506.212832871126011],[2416793.222799330484122,904533.002932867384516],[2414657.363599315285683,904047.31643288966734],[2415889.438699323683977,903591.317932904465124],[2416462.000499328132719,902469.380332924542017],[2415894.2505993261002,901328.636432965751737],[2414949.725699318107218,900604.322832974372432],[2414115.776599323377013,900828.559032964520156],[2412989.930099316872656,901775.256332939374261],[2412745.538499316200614,901437.028932945453562],[2412415.307799311354756,901728.714232939295471],[2411925.510499303229153,902523.502132923807949],[2411863.799899305682629,903349.059732906054705],[2410936.999099300708622,904009.999132893281057],[2410732.500699303578585,904848.439332875655964],[2410866.985599301289767,905232.349932860583067],[2411225.000499309040606,905390.809132858761586],[2410171.793199301231652,905964.676332838949747],[2409812.523499302566051,906845.934332815464586],[2408815.500099289696664,906323.940232831751928],[2408193.647299285978079,906603.285332818864845],[2407630.500399284996092,906467.189732830622233],[2406826.800499279052019,907063.309532821178436],[2405192.500699270982295,906888.439432827406563],[2403117.917399268131703,907398.576832812745124],[2402089.799799263477325,907922.309232790023088],[2400634.057499258313328,907843.248832799377851],[2400645.500599259044975,907367.879332817159593],[2401754.998799264896661,905508.561032852623612],[2403696.499399264808744,904004.810332899796776],[2403488.800099263899028,903268.999432914541103],[2401865.499599259346724,903197.249232903937809],[2400919.299599257297814,904235.439432885264978],[2400045.999599254224449,904578.249932873761281],[2399603.00029925070703,903869.379232894745655],[2399527.000299247913063,903026.060132908518426],[2398887.999499251134694,902839.310232921154238],[2397331.799799246247858,903070.13033290929161],[2395991.300799239892513,902920.631132927024737],[2395331.499099230859429,904274.750632889568806],[2392450.460299221798778,904102.328932893578894],[2392159.800299222581089,903777.80873290298041],[2392560.498899214435369,903032.128632919746451],[2391222.999899212270975,902751.498832928016782],[2391454.703599217813462,902309.228232938796282],[2391378.614999215118587,901766.080932947923429],[2392131.682799220085144,901928.341332948533818],[2392393.881799216847867,901335.727932955371216],[2392042.851299215108156,900021.67243299249094],[2391450.513099214993417,899057.102233013603836],[2392095.754099222831428,898032.955733038601466],[2392585.27829921990633,897715.201233045081608],[2392265.156899224966764,897400.592633059713989],[2392603.752199220936745,897071.453733069472946],[2392402.613599226344377,896632.881133078830317],[2392745.890499227214605,896191.89993308368139],[2392564.287899223621935,895910.103733088471927],[2392769.643199222162366,895481.630633102380671],[2393201.735799218527973,895417.408933108788915],[2393053.40129922144115,895225.837333107134327],[2393219.458899221383035,894822.574233111809008],[2393513.832799223717302,894923.793033122899942],[2393603.775099228136241,894261.628033136017621],[2393001.15709921810776,894490.658833120949566],[2393075.039299224969,894172.67173312488012],[2392824.197199223563075,893963.371633140835911],[2393009.291799218859524,893388.032833159901202],[2392788.834699224215001,893093.151233162847348],[2393210.683299222029746,892720.395733172423206],[2392602.996599226724356,892305.384033175767399],[2392028.50649921875447,892299.334733190364204],[2391943.972299220040441,892032.17413319053594],[2392346.482799219433218,891774.769033190561458],[2391892.47269921656698,891462.993533209897578],[2391838.298599223140627,890927.718033216777258],[2390980.552099221386015,890307.28293322341051],[2391044.800699213054031,889955.509833233198151],[2390709.181799215264618,889867.041433238075115],[2390786.351699211634696,889602.072833242826164],[2391137.448099219240248,889563.216933252988383],[2390932.976999210659415,889354.755733253783546],[2391160.40279922215268,889279.131333259050734],[2390494.133599209599197,888706.373533270903863],[2390349.959199214819819,888141.389233280904591],[2391476.799899223260581,886735.809233321691863],[2391925.499799213837832,885684.499333340441808],[2392638.209299220237881,885457.828033354133368],[2393066.313899228349328,884688.832533367909491],[2393240.432199228554964,884895.78743337164633],[2394081.299899236299098,884600.190233373083174],[2394579.299499234650284,885398.999833353795111],[2394429.967799227684736,885745.40953334281221],[2395237.299599231220782,885910.50103333662264],[2396360.299599231220782,887247.309433306683786],[2399005.284599251113832,888026.726933290017769],[2399545.093099254649132,887881.034933289862238],[2399618.322499252855778,888193.202533275005408],[2400054.733299250714481,888114.92413327738177],[2400054.667399254161865,888489.236633274238557],[2400811.500099259894341,888613.880833273055032],[2401375.80099925538525,888007.500233283033594],[2401593.999099268112332,887238.309933305252343],[2402342.519399266690016,887093.359833309194073],[2402638.66699927020818,887449.159533298225142],[2403404.047899276483804,887232.458233303157613],[2405857.885999279096723,885305.723033351241611],[2408000.426899294368923,885592.627833346952684],[2408009.556599285453558,886274.771633322816342],[2409909.275499298702925,885697.360033336561173],[2410329.290299301967025,885775.776033342815936],[2410159.753899299539626,885601.85023333481513],[2410672.500499309040606,885406.440533342771232],[2411689.999499311205,885431.939833348384127],[2413984.118699315004051,884825.282633351744153],[2414268.280099324416369,885002.926233353093266],[2414565.428499315399677,884628.45523336797487],[2414629.341499319300056,884773.748233361868188],[2415582.020899326074868,884391.941833371296525],[2415750.824699325021356,884068.739833383704536],[2415960.000299327541143,884178.000233376631513],[2416235.472499326337129,883670.616433389135636],[2417175.755299334879965,883410.577433400554582],[2417563.000099333003163,883498.129833398270421],[2418651.366499338764697,884477.864033370744437],[2418969.098899344913661,884488.768583370605484],[2419127.800099342130125,884311.809233373729512],[2418216.655099343508482,883509.063233395572752],[2419602.000099349301308,881144.380533458548598],[2422284.999699363019317,878702.99923351011239],[2423697.300499360542744,877773.56083353376016],[2423556.0005993694067,876767.629733557114378],[2422794.499799360986799,876262.129033569945022],[2422508.914599359501153,875490.653233592165634],[2423312.337699361611158,875018.598633610410616],[2423293.094099357258528,873460.041333644767292],[2423761.283699357882142,872665.328733657370321],[2423267.287599368952215,872017.491633678320795],[2422421.300399351399392,871722.878733691642992],[2421768.644199356902391,870609.247733707423322],[2421351.71029935637489,870572.172633711132221],[2422195.972299356013536,869892.448333733947948],[2422795.999199359212071,868545.880433767102659],[2422246.536899355240166,868372.45013376721181],[2422184.705299358814955,868123.987233779160306],[2421143.917299353051931,868348.570933769224212],[2420735.888699350878596,867691.494983786251396],[2420356.664399348665029,867922.198633773252368],[2419619.9832993443124,867862.822033777367324],[2418035.800699345301837,868529.560533768264577],[2417798.499799336772412,868327.500333774019964],[2417269.799999327864498,868386.689433766645379],[2414405.378199321683496,864411.562933872686699],[2415105.799899323377758,864188.249233871814795],[2415059.00049932487309,863130.99913389631547],[2415534.500799324829131,862377.128833913244307],[2414694.500299321487546,861533.689933941233903],[2414727.499799323733896,861316.310233939439058],[2416018.799799330998212,861557.560633935383521],[2416155.351299333386123,860946.915233950247057],[2415293.309599329251796,860332.302533972309902],[2415705.42089933110401,860213.049533966463059],[2415908.635699331294745,859629.209433989715762],[2416852.499499334022403,858928.559934000251815],[2417225.800299337599427,857745.630134035483934],[2417906.798899337649345,857176.499934049439617],[2417920.50009934278205,856696.939734052168205],[2418439.161299342289567,856266.207534068147652],[2418250.800599338021129,855261.689034097129479],[2417201.616999336052686,854518.405634108232334],[2417368.332799335476011,854344.69373410823755],[2416858.123699340038002,854111.288534124731086],[2416630.800099336542189,853385.060734138824046],[2415789.499599328730255,853027.189734146697447],[2417299.800999337807298,852836.560234154923819],[2417142.298999339342117,850781.00063420610968],[2418020.499099339358509,850504.379534204723313],[2417673.299199343658984,850080.500334223499522],[2418240.500099344179034,849899.878934228094295],[2418213.798999349121004,849455.249134241137654],[2418495.499199342913926,849643.750734231784008],[2418877.500399346463382,847810.190134287928231],[2420444.799899354111403,847781.809834278421476],[2421194.355899347923696,847266.3312342914287],[2421007.809999352321029,846927.586034298525192],[2421826.151099358685315,846146.08003432280384],[2422907.776099366601557,846394.186234309687279],[2423818.097299366723746,846038.010634325793944],[2424072.394799368921667,846174.245034315856174],[2424094.804999365936965,845821.406434331089258],[2424830.418399368878454,845759.395834328490309],[2424675.527299377601594,845367.702334336587228],[2424968.943299371749163,845352.408534332877025],[2425128.735599374398589,845043.135634342557751],[2424858.042799369432032,843934.028834374039434],[2424219.669999373145401,843114.267934390925802],[2424005.785599364899099,843195.783534384798259],[2424445.856499370187521,842777.846534400014207],[2424058.426899361889809,842409.941934410016984],[2424652.826299373526126,842472.73993440438062],[2424620.120399366598576,841884.649034420959651],[2425020.034299378283322,841479.397334427572787],[2424721.124199373647571,841221.87213444057852],[2425359.544899374712259,840663.695634458214045],[2425062.340299376286566,840438.85153445834294],[2424836.709499374032021,839238.013734488165937],[2425109.974799368996173,838797.526234499062411],[2425551.873499368317425,838710.087234501959756],[2425646.626899377908558,838213.079334515845403],[2425009.366599373053759,837383.782934538787231],[2425231.9218993736431,837079.923934540012851],[2424826.138799377251416,836539.014634554972872],[2424916.689099372364581,835832.74663458194118],[2424414.10269936779514,835688.798734574927948],[2424172.339199370704591,834694.704434606945142],[2423895.091299370396882,835032.171934589045122],[2423504.155899368226528,834855.104034601361491],[2423587.435499367769808,834446.439834613353014],[2422669.299099357798696,833548.498834635713138],[2422751.894699368160218,832962.259334645350464],[2423388.799399364273995,833255.560234639211558],[2424252.321899374015629,832934.372434642282315],[2425308.827599375508726,833587.287334635388106],[2425275.084699376020581,833782.304034616681747],[2425457.401999377179891,833650.243934621685185],[2426284.988699378911406,834469.045234609744512],[2427517.500199391040951,834800.059434598078951],[2427846.799999377690256,835150.439734595944174],[2429107.800899385940284,834795.690634602331556],[2429568.799799397122115,834985.500134592759423],[2429839.799799396656454,833531.498934637522325],[2429669.499699395615608,833064.249934638151899],[2429995.299299400765449,832712.879734646528959],[2429776.96359939686954,832626.048834651825018],[2431177.992399398703128,832245.566034668590873],[2433582.52439941233024,833198.301334641524591],[2434178.922999412752688,833690.523634628974833],[2434796.538799420930445,833364.769634631462395],[2435056.000799416098744,833501.30993463867344],[2437374.961099428124726,835685.285734578850679],[2437958.087999425828457,836034.953434566850774],[2438141.863699429668486,835841.886334573384374],[2438890.377599435858428,836125.375734569970518],[2439115.858799434732646,836738.236534550553188],[2439492.071499441284686,836321.205234556808136],[2439707.860999441705644,836365.006434560753405],[2439687.613199437968433,835371.12253458192572],[2440154.998799439985305,834850.879234590334818],[2439794.799599435646087,834022.750034621567465],[2439949.300199436023831,833630.500334628741257],[2439721.999399431049824,833403.499634637613781],[2442530.999799441546202,832770.130434654187411],[2443192.300199454184622,831179.44023469183594],[2442602.499299457296729,830452.630334709654562],[2441927.800499441567808,830401.05863471259363],[2441819.499499447643757,829762.560834723059088],[2441031.000399437267333,829741.249534726492129],[2440469.499499447643757,827596.879234776250087],[2440661.99969944730401,827283.380734788253903],[2441504.499799438752234,827761.190334778977558],[2442654.000299446750432,826927.189134799176827],[2441576.300199445337057,826941.559534799424],[2441443.800499441567808,826644.059834807761945],[2442148.800499445293099,826265.379634813172743],[2442767.300299449823797,826442.308834806783125],[2443066.299699455499649,825832.06003482977394],[2442571.500299452338368,825739.309234834159724],[2442297.114299448207021,825371.181434826226905],[2441819.500499448738992,826052.750834821141325],[2440831.513899439014494,826456.278034802060574],[2440237.000299441628158,825528.381034826277755],[2439600.79989944351837,825219.630034840549342],[2440432.14969944069162,823970.935234871692955],[2438981.799499439075589,821442.560034930706024],[2438415.300299432594329,821335.810434937360696],[2437716.000499432440847,819895.499634965788573],[2437696.999499432742596,819407.808834987343289],[2437031.956299423705786,818671.178435001405887],[2436985.999499422963709,817830.999235027935356],[2436559.478499427437782,817000.091035046265461],[2436600.800499421078712,815799.499835073016584],[2436071.506699426565319,814967.104035089258105],[2436221.000699425581843,814764.189835099270567],[2435951.987699425313622,814073.687635121750645],[2435023.648499422241002,813233.746235141530633],[2434387.107299417257309,813203.448635141481645],[2433981.538499420508742,812350.075835155555978],[2433687.207899417728186,812337.771435159258544],[2433840.402499417308718,812063.694235167116858],[2433104.105099407956004,811027.724435197538696],[2432822.870299408212304,809467.746635230374523],[2432585.172499407548457,809180.85463524539955],[2432963.168299414217472,809023.025435246294364],[2432796.805899404454976,808721.52903525356669],[2433024.165499412920326,808590.790235254680738],[2432871.721299408003688,807883.595435281633399],[2432575.400299411732703,807840.42503527586814],[2433089.634499405045062,807447.503635282861069],[2432313.902299406006932,807101.375435301451944],[2432029.71109940065071,806048.61483532236889],[2431718.153499406762421,805971.113635314046405],[2431878.954499406274408,805719.116235328721814],[2431689.877099404111505,805295.291435339138843],[2431145.056299407966435,805082.38503534020856],[2431646.813699405174702,804457.667635352816433],[2431121.617899402510375,804127.074235362000763],[2431190.737899401690811,803711.114235380315222],[2430651.750499396119267,803693.576435377588496],[2430561.570699397474527,802618.153035402530804],[2429973.497499400749803,802918.574635396245867],[2429738.954699400812387,801915.468235426349565],[2429039.975499394349754,802538.705835402128287],[2427231.777499390300363,803460.357835385017097],[2426518.499899383168668,803269.439435385167599],[2426683.203499389346689,804038.205435369629413],[2426910.622099385596812,804054.048435371601954],[2426879.000499388668686,804759.500435355817899],[2427200.499699391424656,804798.690535351051949],[2427139.341299388557673,805831.814235329627991],[2426727.798899387940764,806071.999835314112715],[2426051.405699383933097,805757.554835330694914],[2426020.138099374249578,805189.53823534026742],[2425716.899099377915263,805110.482235340052284],[2425850.832099379040301,804794.225835349527188],[2425263.047499378211796,804520.003435356891714],[2423674.086299374699593,805255.207035343744792],[2422645.304699365049601,805239.17533532960806],[2422344.891899365931749,805917.698235317016952],[2420965.544299353845417,806749.626635300228372],[2418535.174099346622825,805410.280435332446359],[2417138.214699341915548,805296.729435336892493],[2417203.971599348820746,804980.261235343874432],[2416700.856399335432798,804185.066035367082804],[2416919.881199339404702,803779.126535381888971],[2416758.60889934701845,803416.499435384408571],[2415226.481999331153929,803188.359235387761146],[2414633.834299329668283,802641.296435404801741],[2414237.578399329911917,801629.691935430513695],[2413529.871999327093363,801258.128735450445674],[2412931.169099327642471,801735.867735427571461],[2413184.545999325346202,801874.833835432538763],[2412802.710299323312938,802250.068335414514877],[2411301.299599314108491,800537.439735459396616],[2409524.99929930921644,801009.689985450007953],[2409234.999799307901412,801303.629435439244844],[2409239.300699309445918,801900.809135431540199],[2407026.299299298785627,801153.189435448381118],[2404004.816999292001128,798409.314535515266471],[2402706.193199284374714,798185.950335517060012],[2401902.298999280203134,798717.130735506536439],[2401789.500499280169606,797789.6291355289286],[2401176.539399276021868,798180.935135525767691],[2400599.828099279664457,797935.696335526183248],[2400098.000099267344922,798124.939335518167354],[2399758.300999269355088,797360.810235538170673],[2399277.799499268177897,797853.810335534275509],[2399039.999799266457558,797630.129735535010695],[2399000.299899261910468,796940.749635548330843],[2397771.299499266780913,795620.940435584750958],[2397240.800299256108701,795477.998935591778718],[2397398.499799254350364,791904.749735680758022],[2396795.500599258113652,792056.499435675912537],[2394595.531199248041958,793857.545235628727823],[2393545.160499238409102,793644.139735637349077],[2392914.500099238008261,793087.999035650398582],[2393336.3004992431961,791165.628935701097362],[2393779.799499242100865,790730.249735702644102],[2393705.300199242774397,790469.440235715825111],[2393108.999999244697392,790364.249735715566203],[2392995.499899238813668,790143.939735723775811],[2393338.300299246329814,787419.500535791390575],[2395133.300899254623801,785454.690135838696733],[2395798.500799251720309,785038.38023585267365],[2395961.000199255533516,784551.500035863486119],[2393352.300099237356335,784073.880635877372697],[2393016.000999239273369,784417.881135865231045],[2392351.00029923254624,784546.499635861837305],[2391788.800499237142503,782667.999935908126645],[2391510.300899232272059,782469.629635918186978],[2391489.000099239870906,781903.940135934040882],[2389949.500799228902906,782259.689235923928209],[2389675.500399231445044,782632.879435915732756],[2388670.500799222849309,781816.500635945587419],[2388337.799999219365418,781787.440235936548561],[2387969.800599224399775,781173.310035955742933],[2388263.498999226372689,779338.560235998476855],[2388439.000299217645079,778948.999036009307019],[2389168.300299226306379,778786.188736006384715],[2389441.50039922632277,778496.310636020032689],[2388481.406199226621538,778380.881736022885889],[2388418.570099222939461,778199.992036022245884],[2387998.103299224283546,778301.306936027598567],[2385689.300499208737165,776976.379636058118194],[2384631.135799201205373,774846.283536108327098],[2383875.579899196512997,774470.423436117125675],[2383547.299399208743125,773411.500336144934408],[2381917.499099198263139,771870.559336190694012],[2381765.000499201472849,771046.88053620653227],[2380774.299899198580533,771156.129236210370436],[2379325.500899182166904,770594.311036219121888],[2376689.800499171949923,771763.379636187688448],[2375105.99959916761145,773835.059936133679003],[2373601.49989915965125,775000.189636109513231],[2373393.799699154682457,775468.880236099590547],[2373592.000299158040434,776453.249936069943942],[2373206.800099154002964,776805.879036058089696],[2373062.300399156287313,777713.69053604407236],[2372745.851499150041491,778062.345136039773934],[2372963.284999152179807,778247.376636029570363],[2372952.49969915766269,779163.190436002099887],[2372125.566999156493694,779230.437836003955454],[2372075.722199148964137,779615.489835996530019],[2371683.172199154272676,779888.016635984997265],[2371368.526699149049819,780975.362535960040987],[2371464.340599152259529,781507.475335947470739],[2370873.369699147064239,781359.422435953398235],[2370700.795999146997929,780870.551535962964408],[2370327.108099146746099,781070.987735955161043],[2369707.333399144001305,780405.043335975380614],[2369084.861299138516188,780202.498535975930281],[2368874.443399148527533,780474.274235982098617],[2368442.876399143598974,780055.132835980970412],[2367877.226799142546952,780174.079435982857831],[2367676.867199138738215,779287.015435993671417],[2366405.294199132360518,779079.669836011831649],[2365789.211099123582244,778556.799436022294685],[2365316.737999118398875,778866.881736010196619],[2364716.471799124963582,778003.596036039176397],[2364531.475399121642113,778295.919136036303826],[2363501.918099119793624,778132.546736030722968],[2362924.856799110304564,777352.384336056304164],[2360006.000299102626741,775994.059536085929722],[2358749.000099098775536,776546.809436079580337],[2357931.999399095308036,776510.440236074267887],[2357614.800399092026055,776786.688836068962701],[2356785.799599087797105,776396.559736082330346],[2355744.300899083260447,776431.810036075301468],[2355310.500299081671983,776802.560636067762971],[2354578.500599081162363,776546.4393360754475],[2354372.000299075618386,775972.058636090368964],[2353492.799599073361605,775411.379936102544889],[2352936.278399066068232,775300.252336107427254],[2352157.409499076195061,775878.628936093999073],[2351705.643299062270671,775455.882736106286757],[2351166.894299061968923,776251.599736093077809],[2351339.073799063451588,776649.621236068429425],[2351015.386299063917249,776622.191536071943119],[2350878.018899064511061,776965.077936071320437],[2348526.34379905462265,777240.465236053918488],[2346285.132999044377357,776544.103936069062911],[2345299.630699038039893,778113.080436036922038],[2345152.113899038173258,777875.763236044324003],[2345414.079699046909809,777755.789036040077917],[2345346.614899041131139,777444.281336051411927],[2344751.764899037778378,777341.95523606101051],[2344608.404699039645493,776818.342336068046279],[2344124.165299026761204,776871.65153606957756],[2344364.46339903306216,776386.990636075031944],[2344290.339699034579098,775811.993036093655974],[2343719.559599036816508,775974.336836090078577],[2343813.909899037331343,775591.164236096781678],[2343595.779999036807567,775231.942036107066087],[2343500.570299027953297,775652.865136104053818],[2342927.300199027638882,775876.940736099029891],[2342873.799299029633403,776165.250036088051274],[2343481.999999041203409,776987.190936069120653],[2343242.999399030581117,777684.879936048411764],[2343396.270199029706419,778650.084036027663387],[2343081.500099030323327,779876.058835987700149],[2342584.04099902883172,780449.646235975786112],[2343036.299799026921391,780739.439535972778685],[2343097.501199030783027,781525.440035952837206],[2343676.967999029904604,782155.23563593137078],[2343430.799399031326175,782719.129235919914208],[2342798.799599020276219,783002.559935913886875],[2342811.500599035061896,783723.059935899684206],[2342353.49999902676791,784503.129535871790722],[2341803.300499025266618,784586.000435880851001],[2341521.311899018473923,785487.342335847322829],[2340144.494799019303173,786458.028035825118423],[2340193.292199016548693,787611.51423579803668],[2339749.072699015028775,787844.025135797914118],[2340200.936399009078741,789391.051235760562122],[2340727.047599016688764,790049.047035744064488],[2340338.300099017098546,790405.379435731912963],[2340399.30019901599735,791473.629635704797693],[2340093.006499017123133,791916.389335696469061],[2340529.39269901951775,792884.992035670322366],[2341435.255999011918902,793714.008035644306801],[2341133.500499024055898,794411.879735627328046],[2341656.475899017415941,796351.995935574173927],[2342403.174199025146663,797064.57103556394577],[2342306.499999019317329,797914.250235536601394],[2342888.211099021136761,798401.715235532261431],[2342801.500199027359486,799761.749835495371372],[2342292.5006990195252,800640.310435469844379],[2341529.000399014446884,801178.000235455110669],[2341482.998899019323289,801966.750335435150191],[2341083.935399019159377,802473.803935424773954],[2341650.000799016561359,802722.879935418022797],[2341206.689899016637355,803204.855035406537354],[2341576.501099020708352,803931.6893353901105],[2342008.999899012036622,804246.380635380861349],[2342114.000999019946903,805201.560235357959755],[2341680.292599020991474,805994.960535343619995],[2342171.79969901451841,807090.130735312821344],[2341905.30089901201427,807643.129935292643495],[2342039.290999014861882,808540.119235277990811],[2341816.000199016183615,808622.189635273301974],[2342121.000599018763751,811114.309335208847187],[2341816.500499017070979,811717.629335194709711],[2342153.800499017350376,811827.749835188384168],[2342249.786899018101394,812175.296635181293823],[2342682.800499023869634,812216.440735182142816],[2342875.295199015177786,813181.046335154678673],[2343314.584799015428871,813375.15693514875602],[2343612.095699033234268,813157.804035157314502],[2343857.500299017876387,813411.440635148901492],[2343847.299899026285857,813835.3101351383375],[2343261.051299015060067,814418.867335127433762],[2344197.299299026373774,815254.500035108067095],[2344250.001199024263769,816410.560935076326132],[2343600.169399019796401,817122.072335057193413],[2343618.274199026171118,817368.152435053372756],[2343097.001099019311368,817441.379935044096783],[2342935.799199021421373,817159.750335059245117],[2342662.000299020670354,817199.879435049369931],[2342343.299899022094905,817601.309035046724603],[2340898.499799010809511,818292.879435030510649],[2341054.051999013405293,818562.33373502525501],[2340813.299199012573808,818435.80943502439186],[2340757.41349901817739,818672.894835020997562],[2340524.56459900457412,818650.268635022337548],[2340069.288199005182832,820304.21943497331813],[2339393.499799000564963,821136.308934963541105],[2339072.883099002763629,821228.926034960779361],[2338875.242199,822055.260534933418967],[2337484.840898989699781,823247.497834916808642],[2337021.256398987025023,824112.946634890278801],[2336740.93789899488911,824340.387634879327379],[2335704.114498991053551,824046.692534882109612],[2335135.798698978498578,824640.249034874490462],[2335117.419698982033879,825014.632834860240109],[2334845.298998990561813,825150.129634858691134],[2335018.127998983953148,825571.467334848712198],[2334690.000798981636763,826231.059734835871495],[2334678.100798984058201,827285.99213480646722],[2333907.000598977319896,827740.310234795091674],[2333877.499498977325857,828237.880334782646969],[2332684.683798965066671,829509.011834754608572],[2332349.99959896504879,830313.689634728012607],[2331704.00079896999523,830645.12893473287113],[2331603.299698960036039,831089.060534718446434],[2331270.500198965426534,831130.750234718783759],[2330911.79969896376133,831688.940434698597528],[2331233.299798959866166,832859.250434670248069],[2330991.299898965284228,833790.811234638793394],[2331901.999498963356018,834499.249734624521807],[2330652.999098959378898,835833.439834596589208],[2327157.499698952771723,834601.499134621233679],[2325763.798898941837251,834798.060234626289457],[2324125.800098929088563,834078.940134638105519],[2323872.798898930195719,833770.380534646916203],[2323116.883998933248222,833705.070534652215429],[2322759.800098922103643,833062.629234666004777],[2322187.718798928894103,832867.639134669327177],[2321179.49939891975373,831234.499434708617628],[2320389.000198924914002,830929.689434719388373],[2320337.303198918234557,829820.843734745983966],[2320112.800998917315155,829441.56053475860972],[2319358.300098916981369,829200.130534760653973],[2318314.298898912966251,828351.190634782193229],[2316710.299498903565109,828618.000734776142053],[2314206.799998891539872,826980.438834827160463],[2312280.299698880873621,826669.309334832127206],[2311706.500798879656941,826048.999434844008647],[2311371.912798882462084,826069.136634846450761],[2310538.472698878962547,825352.592734863981605],[2309649.59199887374416,825038.830034865997732],[2309477.299598868004978,824632.25013488123659],[2309054.806598871480674,825539.594434860977344],[2309055.499998869840056,826676.499134827055968],[2308598.300298873335123,827284.440634817816317],[2309006.831298871897161,827844.722534801228903],[2307846.000798861961812,828070.999734794953838],[2306003.500598860904574,827162.629434812697582],[2305613.999998855870217,827175.439634817652404],[2305333.499698852654546,827410.879434820613824],[2305437.99929885705933,827818.129634807351977],[2304872.465098852757365,828957.15983476897236],[2303630.076698844786733,828513.311934782890603],[2303228.499998849350959,828658.939934783731587],[2302842.79889884730801,829939.500234745093621],[2302218.49959884211421,830781.44103472714778],[2301379.299498840700835,830553.50013473292347],[2300169.499798829201609,829708.190734759089537],[2301278.499098835512996,828034.559734793845564],[2301109.299298839177936,827589.500734805013053],[2297844.800298819318414,828840.130834780749865],[2294304.499698810279369,829846.379634756711312],[2293637.800898798275739,830790.440234731766395],[2293371.500698798336089,832109.879634702694602],[2292001.000898797530681,832100.440234700567089],[2291884.49949879059568,831755.940634702914394],[2290889.999698791187257,831821.190234705922194],[2290637.299698790535331,831515.940634709666483],[2286570.499298768118024,833320.810234674019739],[2285269.299298767000437,834767.559834638377652],[2284227.000298755709082,834793.810834638774395],[2283446.300298755522817,833325.310634681489319],[2282627.80089874798432,832886.560234680771828],[2281530.300898742862046,828687.69063478638418],[2282163.500898752827197,827925.880034807370976],[2282215.000698748975992,827546.379234820487909],[2283169.001098760869354,827913.809234812855721],[2281781.299698753282428,825766.308634862187319],[2281075.999098748899996,823284.630234922631644],[2279027.999898739624768,822008.940034952713177],[2278048.799898744560778,820970.939834977616556],[2277876.500298738479614,819695.881035017431714],[2276495.799698733258992,819015.939235029509291],[2277357.601698735263199,816237.009235103847459],[2277684.436498736031353,816100.446635106927715],[2277269.57269873842597,815748.420835109893233],[2277524.350498741026968,815169.428435126901604],[2277235.716498737223446,815324.125635124393739],[2276802.696698732674122,815044.058035135269165],[2276560.921298735775054,815387.335235120728612],[2276150.799898738507181,814888.380235139280558],[2276146.707498740870506,814515.667635144782253],[2275969.311698732897639,814460.883435146301053],[2275719.993898731190711,814878.855835142428987],[2275226.668898723553866,814342.3826351496391],[2274380.009298726916313,814786.898635135032237],[2274262.029298723675311,814436.535035151755437],[2273831.23969872109592,814318.109835156588815],[2273445.623698720708489,813428.351435175980441],[2273234.128898722119629,814039.756235159933567],[2272703.542698716744781,813986.819235160248354],[2272608.96649871673435,814571.95723514771089],[2272219.49669871525839,814725.721435144776478],[2271559.89329870371148,814543.527035142760724],[2271381.669498713687062,814384.087435149587691],[2271571.469498713966459,814128.478835161309689],[2270939.299898714292794,813851.689635168295354],[2271029.422898707911372,813559.821035171626136],[2270471.705098706297576,813397.632235176395625],[2270492.33069871366024,812438.811035197228193],[2270282.112698708195239,812316.037435205304064],[2270217.662298710551113,812660.304035194800235],[2269759.300098704639822,812808.131035194150172],[2268972.614898699801415,813593.879235172877088],[2268696.991098696831614,813201.824835182633251],[2267940.689098694361746,813474.103835176327266],[2267489.462898695841432,813110.372435185359791],[2267365.961898697074503,813370.181235178373754],[2266741.101598692592233,813451.517735172645189],[2264593.772198680322617,814584.045135144377127],[2263585.322798676323146,814372.859935153042898],[2263031.000098680146039,814592.130635143141262],[2262912.800198672804981,814104.310235160053708],[2262110.28799866931513,813515.986435175873339],[2261415.96399867720902,813401.27343518473208],[2260890.585698660928756,813632.691135175875388],[2260651.798998673446476,812995.750435198540799],[2260310.962798668537289,812993.792435191920958],[2260287.380198662169278,813323.654335178667679],[2259766.793198657687753,813673.053335176315159],[2259199.237998656928539,813644.449135175091214],[2258924.455998655408621,812915.059535194770433],[2257808.991698661353439,812213.487335204496048],[2257733.746398651972413,811518.353435226366855],[2257353.842998652718961,811100.020635240827687],[2256546.618798649869859,811244.643835235154256],[2255673.300098643172532,812033.05963522195816],[2255340.951798644848168,811921.561035217368044],[2254324.604198640678078,812274.283835218055174],[2252816.306898632086813,810203.830035262857564],[2252401.575598631985486,810046.048635268351063],[2252143.802898630034178,810129.026135268504731],[2252261.760498628485948,810739.271035240381025],[2251125.210898625664413,811480.972835239255801],[2250053.005498621612787,810412.07423525932245],[2248874.531798619776964,810348.539335257490166],[2248262.298398616258055,809864.669335267157294],[2248165.262998608406633,811145.681135245598853],[2248705.219198611564934,811955.714135223883204],[2248342.937398617621511,812320.66653521975968],[2247139.152198606170714,811927.882435228792019],[2246597.051798603031784,811378.326335237245075],[2246301.759098601527512,811306.459135240875185],[2245933.030998605303466,811589.598835237673484],[2244306.652998592238873,811165.241935243364424],[2244659.786098602227867,810294.482335269567557],[2244367.510298602283001,809495.378435284248553],[2243257.299898598808795,809086.333135302294977],[2242356.799098587594926,809148.380435297964141],[2242108.593998588155955,808603.771135311457328],[2242526.945598595310003,807889.056035327143036],[2241335.729398584924638,807585.616935330443084],[2241731.209398582112044,806237.584435367374681],[2241540.258298589382321,805918.243435373995453],[2240815.727998577523977,805798.001235382049344],[2240585.456398587208241,806653.530535362893716],[2240248.971198579762131,806897.310535351280123],[2239542.253198583610356,806008.221035373047926],[2239005.810198574792594,805951.59353538020514],[2239092.070898579899222,807859.100735325366259],[2238466.777598574757576,808611.321835305658169],[2237741.903698566835374,808474.348135318723507],[2236996.158998562023044,807563.529035334242508],[2236407.167698567267507,808006.65603531722445],[2235461.786498555447906,809373.33583529421594],[2234730.168398554902524,809321.795535294804722],[2234360.300098556093872,809135.314035302842967],[2234004.046798558440059,808368.066935319220647],[2232145.799998543225229,806862.188735354691744],[2231523.213998548686504,805888.463135384838097],[2231509.144398543052375,804952.363335409318097],[2230579.022998549044132,804858.212535405880772],[2230419.00679854536429,804307.419135416275822],[2230740.054098541848361,802930.805735448258929],[2229935.041398538742214,802035.833435477339663],[2229963.519898543599993,801232.168335497495718],[2229682.171298542525619,800624.111735521233641],[2228938.098098538350314,800392.880235529853962],[2228671.911998538300395,801214.346135501284152],[2228321.684798532631248,801347.281335503212176],[2227230.760398522950709,800541.238835519994609],[2227657.913498533889651,799711.198935538413934],[2227635.527098524849862,798877.396735555608757],[2228718.092698532622308,798610.712735565262847],[2228569.56529854144901,797697.576935584540479],[2228268.837998534552753,797324.709735600859858],[2225867.383898525964469,797963.214035581680946],[2226021.181798524223268,798569.76563557179179],[2225574.18669851962477,798652.996135561959818],[2225249.565098518971354,799319.909835544414818],[2225646.004398527089506,800023.542335530975834],[2225290.380998514592648,800775.100635512848385],[2224529.230998517479748,800496.618235523579642],[2224170.891498518642038,799918.246735533815809],[2221683.53799850307405,801022.497835517511703],[2220644.401498505845666,801086.871735515422188],[2221447.34977250546217,801100.679247369989753],[2221351.547650508582592,802281.435337062808685],[2220665.62083926377818,802628.809597182669677],[2220017.568472334649414,802644.226936820312403],[2219642.300199894234538,802350.470209383987822],[2219658.870231891982257,802724.198219618527219],[2218946.027273514308035,802527.525194321060553],[2218976.981983579695225,802984.804391482146457],[2218716.421414602082223,803175.849506274331361],[2218342.7130540125072,802836.185343251097947],[2218450.99959848774597,803410.630135449580848],[2218252.96929849172011,803933.247935432707891],[2216880.299698485061526,805342.060235400102101],[2215667.501498476602137,805568.89543539355509],[2215359.128098473884165,805339.514635400846601],[2215433.698498470243067,804841.300435421639122],[2215115.800198476295918,805199.440035404055379],[2214562.988398473709822,805167.350835414254107],[2214418.314498465508223,805477.921135396813042],[2214061.000098468270153,805212.786235405714251],[2213646.499698465690017,805630.939935398986563],[2213312.319898463319987,805496.359435399528593],[2213112.879798459354788,806281.633735378505662],[2213565.299698465969414,806239.691035377560183],[2213795.500898468773812,806500.441235370002687],[2213604.921298464760184,806883.879435367067344],[2213730.407798466272652,807185.132135355263017],[2213468.500098465941846,807458.190835357876495],[2212808.405798461288214,807556.587235348299146],[2211935.000098460353911,807079.778535361750983],[2211496.959198458585888,807298.111235353397205],[2210742.299798455089331,806331.250135377515107],[2210477.799898453056812,806685.501035376917571],[2209641.500698450952768,806570.561135376337916],[2209350.998898440040648,806834.37983537139371],[2209409.500598453450948,807379.190235352143645],[2208901.000598448794335,807677.560335351503454],[2208649.499798437580466,807370.189135355409235],[2208407.299798449035734,807547.750035356613807],[2208020.299298439640552,807306.061035355902277],[2207449.498798446264118,807413.310435351449996],[2207155.498898432124406,806883.37983537313994],[2206629.030198439024389,806569.353635379928164],[2206583.300198432989419,806984.750035374541767],[2206139.299298436846584,807004.93963536596857],[2206117.299898436293006,807188.940935364691541],[2205584.500298430677503,807181.630335362860933],[2205465.499598434194922,806930.749435367528349],[2205457.299098423682153,808487.559835337800905],[2205760.117298433557153,809142.629335312638432],[2205464.823698428459466,809735.926635295385495],[2205855.59209842979908,810075.358335287543014],[2206348.300498434342444,809904.630235290387645],[2206520.791998435743153,810796.299835262238048],[2207693.30009843967855,812251.130235234857537],[2207151.500898434780538,813752.810635195462964],[2205522.799398426897824,814786.379535165731795],[2203362.799598413519561,815193.499735163408332],[2202598.999898415990174,814831.939735175925307],[2202229.800598413683474,814374.059935189434327],[2202346.500198420602828,813951.630635194247589],[2202678.300198418088257,813836.749235201976262],[2202647.998998412396759,813232.309535214793868],[2202366.79999840632081,813511.189435204258189],[2201603.799798410385847,813072.439535219455138],[2201553.500598414801061,813341.129835211322643],[2201248.500698402523994,813110.068835210055113],[2200852.000698405783623,813400.249035212094896],[2199626.499698403291404,813299.940335217048414],[2198950.000198405701667,812935.810635222122073],[2198734.499798393342644,812272.499835239490494],[2198440.542698396835476,812356.395035241846927],[2198187.299698398448527,812866.310935218585655],[2196930.50029838969931,813558.189135210821405],[2195016.546098383609205,814180.25343519449234],[2192791.49929837230593,815564.631135158939287],[2192421.299798369407654,815663.070835154969245],[2192307.799798368476331,815472.250535160652362],[2192038.760798360221088,816109.456335137947462],[2190523.686998362652957,817030.053535120328888],[2189849.377798358909786,818012.94943509704899],[2189225.940998358651996,818296.58903509855736],[2188783.924998349510133,819234.379835071507841],[2187220.686098342761397,820258.940035043982789],[2187321.827398343477398,820393.552935039740987],[2186875.265898345503956,820964.854835025034845],[2186421.128498336300254,821135.08403502672445],[2186210.215098341461271,821714.797035006224178],[2183965.792698328383267,823550.76283496466931],[2183293.721198325976729,823933.535434955265373],[2183020.792898331768811,823846.398334965459071],[2182458.231098326854408,824500.319234945112839],[2182594.339998324867338,825512.841934919124469],[2183368.247998333070427,825078.595134921721183],[2184000.792898334562778,826410.760634890641086],[2183816.787498332094401,828079.766034856089391],[2183292.792298330925405,828398.759434842388146],[2183051.793698323424906,828974.820434831897728],[2182757.893998318351805,829023.130234831362031],[2183305.9011983233504,829781.238134810235351],[2182709.947298322338611,830030.940434799995273],[2182513.30069832643494,830747.459134788601659],[2181469.299398316536099,830962.629734781221487],[2181558.986498314887285,831210.324734779074788],[2181106.00519831571728,831399.1297347714426],[2181321.799798319581896,831859.56033476034645],[2180435.500298304017633,831880.750634760595858],[2180089.99959831032902,832500.94003474037163],[2179492.800498301163316,832712.690634736674838],[2178700.83039829833433,833408.250134719652124],[2178823.499498296063393,833585.867534725111909],[2178328.045598301570863,833753.646234709420241],[2179182.000498300418258,834008.354934705421329],[2179775.30029830802232,833750.837534722406417],[2179656.46959830308333,834073.456734706414863],[2179970.358898307196796,834088.438834704691544],[2179614.499998300801963,834471.750434691901319],[2179774.614298302214593,834677.897834693663754],[2179514.000198305118829,834695.630234691314399],[2179841.5008983053267,834799.440134688164108],[2179733.799998301547021,835100.878834674251266],[2179361.30029830429703,835167.50063467794098],[2179479.501098304521292,835360.440534673864022],[2179053.144498305395246,835762.953334665857255],[2179684.999298307113349,836451.129934647702612],[2179150.349698293022811,836550.492234647972509],[2179055.000298298429698,837056.939134628162719],[2178686.799798300955445,837149.380034627509303],[2178527.999098295811564,836915.810234635020606],[2178039.500998302362859,837223.499634622363374],[2178088.301098290830851,837397.129534625099041],[2177814.299298298545182,837297.645234625088051],[2177532.801198299042881,837557.499834624817595],[2177741.500198300462216,837850.379534612991847],[2177391.799098285846412,838275.495934605482034],[2177804.29939829511568,838457.880934604210779],[2177282.800098289269954,838679.809334582882002],[2177454.999498296063393,838722.879834595718421],[2177415.999998295214027,839085.130034581408836],[2177717.299798298161477,839175.629734584013931],[2177461.30089829210192,839934.879334559082054],[2177265.083898286800832,839971.559434565482661],[2177609.29989829659462,840470.689534540404566],[2177358.977398286107928,841947.18463450926356],[2176843.299998283851892,842955.939734485000372],[2176883.800498285330832,843647.881034474237822],[2176010.532498279586434,844290.999434453668073],[2175326.499798273202032,845623.558834415161982],[2174259.653298273682594,846486.944734404445626],[2172817.000598270446062,846770.709034395636991],[2172185.800198262557387,846475.190134402830154],[2172185.500698266550899,845469.88073442154564],[2171417.000198259949684,845600.691334421397187],[2171338.300598263274878,845383.060134427621961],[2170970.499598261434585,846239.999434403027408],[2171140.50029825232923,846295.000834402395412],[2170324.499498250894248,846735.939534394186921],[2170517.621898255310953,847299.629934378084727],[2170288.034398259129375,847826.596534368232824],[2170532.29939825553447,848190.060134355910122],[2170320.800398248247802,848543.500234347884543],[2169362.999798248056322,848589.750134352594614],[2169607.744298248551786,848915.255934342276305],[2169351.486998253967613,849449.22413432772737],[2168610.299398245755583,849925.732334314729087],[2167805.799998239614069,850094.38003431702964],[2167433.989198241382837,850505.800634306506254],[2165469.801098231691867,850610.129934297758155],[2165245.676898232661188,850795.725234300713055],[2165569.00099823763594,851119.310334289213642],[2165210.801298228558153,851732.750034278025851],[2160346.571698205079883,856275.370634168735705],[2158835.300098201259971,857167.898634141427465],[2159366.499298204202205,857618.378934141132049],[2158963.000898197293282,858961.999234098591842],[2157723.326498189941049,860524.812034056987613],[2156131.841998186893761,861728.249834035756066],[2156087.597398191690445,862303.250834022415802],[2154903.506498171016574,864197.061033974750899],[2153309.299798166844994,866047.500233930069953],[2152166.000698164571077,866927.689233909011818],[2152433.800098167266697,867445.439833889831789],[2152119.999598163180053,868550.909333871328272],[2150772.183398149441928,871214.88013379718177],[2144132.30019812239334,879833.499733591685072],[2138331.601898082066327,888335.813833393971436],[2134610.799598067067564,894414.440033246064559],[2130683.547098038718104,903296.452333020279184],[2130169.999398042447865,903672.999333014478907],[2130561.913098039105535,904495.337532997247763],[2130656.300198040436953,905506.879932971438393],[2130437.800198043696582,908369.190232898457907],[2130523.022098038811237,911818.45753280678764],[2131125.800198039039969,913609.380132777732797],[2130029.888698033988476,918049.031432668445632],[2129181.546298032160848,919182.766532636363991],[2128200.300698025152087,919673.749832621891983],[2127952.999698027968407,919595.749032628606074],[2127920.500798017252237,919242.879732638946734],[2127283.373298015445471,919590.701332616852596],[2127569.402398018632084,919752.519532623817213],[2126924.089598011691123,920675.450632593361661],[2126945.607398012652993,921520.619632571586408],[2126400.566198012325913,922355.029332560952753],[2119692.961397977545857,928554.20493241166696],[2119527.184697976801544,929152.476932399556972],[2117669.116597964894027,931902.256332335062325],[2117695.507497964426875,932426.013432322302833],[2116672.799197966698557,934091.410332280327566],[2116712.362897957675159,934756.849832258769311],[2116086.571697960142046,936425.883432225789875],[2115918.085997962858528,938745.930032170959748],[2116690.084097956307232,939035.056632158113644],[2117468.0816979566589,939008.545132158556953],[2117677.799697957932949,938591.059632164891809],[2118262.416997973341495,938483.37993216724135],[2118088.521397956646979,939084.885732159949839],[2118488.805697969160974,939265.125432154396549],[2118265.282497963868082,939637.839332142844796],[2118426.578597963787615,940518.697632123134099],[2118797.899597965180874,940744.442032121354714],[2119852.0009979698807,940485.059332118136808],[2120184.367897976189852,940717.214132118388079],[2120700.078697966877371,941841.774732083431445],[2120544.94549797847867,942160.688932077144273],[2120875.033297969494015,942520.642532063531689],[2121415.067897975910455,942258.626332077546977],[2122189.279297982342541,942624.295332067646086],[2123396.041497987695038,943811.907632033224218],[2124392.736997991334647,945342.908432001713663],[2125022.378197991289198,945356.697932001785375],[2125539.998897988814861,945840.605731985880993],[2126813.799697996117175,945563.310231992625631],[2128663.999098004307598,946619.753831960144453],[2129529.500198016408831,946495.130131971440278],[2130800.500898012891412,947045.499531947076321],[2131733.741798019967973,946842.484331954969093],[2132205.332598020788282,947183.980731949210167],[2134549.803698029369116,947574.136331944260746],[2136132.527298038825393,947427.054931938415393],[2136927.316498044878244,947062.262931946548633],[2137470.301198051311076,947108.629831956350245],[2138046.298998058307916,947543.767231933539733],[2139968.300498057622463,947772.591631934046745],[2140948.799598054029047,947571.570931932888925],[2142075.499298071023077,946815.879831951460801],[2142372.30009806714952,947213.690631942707114],[2142061.574298067949712,947969.840631919330917],[2142426.298798067960888,948227.249631909886375],[2144202.999598077498376,948069.232731925905682],[2145063.722198078874499,948474.933631909661926],[2145588.300798082724214,948329.341131916735321],[2146819.499998088460416,948973.519131894223392],[2147747.500498091802001,948628.277231906657107],[2148262.299898103345186,948775.641331898979843],[2148617.00029808934778,948494.857631905819289],[2149337.49999809730798,948415.628531911177561],[2149700.799398106522858,948637.147531893919222],[2149964.300498094409704,948378.496431902516633],[2151721.411198109854013,948819.35253189492505],[2152639.299698118120432,948667.046431903378107],[2153462.773998111486435,949135.021031888900325],[2154584.999398123472929,949139.999931889120489],[2154636.999598127789795,949359.689931879984215],[2155503.299898132681847,949060.130831888527609],[2155224.800098124425858,949881.878931870800443],[2157671.963098140899092,951167.375031831092201],[2157618.769298132043332,951465.279831823543645],[2158094.300498134456575,951275.439831828582101],[2158623.000098139978945,952667.126831803238019],[2159999.29909814381972,953006.941031783819199],[2161723.25589815620333,954010.640031763119623],[2163153.260798153001815,956700.595031698117964],[2163069.284698158502579,957290.486031688167714],[2164445.786398160271347,960316.478231612360105],[2164426.639098160434514,962513.261931559653021],[2163607.763198156841099,963455.001331535982899],[2163249.795865246094763,964538.944893962703645],[2163579.809241526760161,964539.87590894184541],[2163624.619022550527006,964875.594392618397251],[2163206.601327605545521,965475.432305936119519],[2162964.919216319452971,965468.495324111077935],[2163036.412806229665875,965653.223835653392598],[2162793.246432297397405,965615.615927586564794],[2162769.100382596254349,965982.75866440415848],[2162500.096707618795335,965608.801371476263739],[2163217.619746472686529,965087.553889606730081],[2163007.290536919608712,964694.643591045751236],[2160048.756243319716305,966569.368826356483623],[2160316.608798142988235,966983.30563145247288],[2159913.641873279586434,967247.7833859246457],[2159979.669163149781525,967789.896927591064014],[2160518.768308962229639,967922.498994359513745],[2161204.026398143731058,967384.186231434694491],[2161699.214002889581025,967485.043763878638856],[2161796.511424738448113,968128.649169277516194],[2161585.204455400817096,968549.604302535066381],[2162304.322309273760766,969197.00275353086181],[2162373.440647136885673,970063.388003061176278],[2162824.651569691952318,970232.087065039784648],[2163489.435983727220446,970018.892584063229151],[2163734.650686226785183,970118.334189191344194],[2163793.15285056643188,970529.596449368284084],[2163422.984170326963067,971212.949411545181647],[2163573.601015297695994,971745.5432108232053],[2164236.402086777612567,971939.063040289795026],[2164405.794314437080175,972175.608860469656065],[2164711.506399255245924,972120.33501262171194],[2165014.302436725236475,972257.419239667593502],[2165179.851608622819185,972170.2316947580548],[2165268.78140291152522,972182.303664110950194],[2165543.878199567086995,972470.425118639133871],[2165209.300054566003382,972196.511926445993595],[2165032.817070894874632,972284.92769284453243],[2164394.327200770378113,972198.766611516592093],[2163990.725234125740826,971959.194689209922217],[2163784.857583876699209,972543.420632455381565],[2164502.150181493721902,972633.891070262994617],[2164604.319267384242266,972801.11550190509297],[2164208.077430876903236,973429.208843032596633],[2164265.633058999665082,974031.779660402564332],[2164059.685698963701725,974878.407520342967473],[2164344.933398148976266,974940.274931252235547],[2164730.601135483011603,974582.906298908870667],[2165020.868422015570104,974598.699449226376601],[2165187.928988929372281,974819.349986402085051],[2165152.847383873537183,975139.914510835777037],[2164948.035290992353112,974641.087233769474551],[2164551.015314374119043,974868.842156282276846],[2165559.182398156728595,975528.757731245481409],[2166182.537698160856962,976401.254631218966097],[2167187.545198161620647,976917.428531205747277],[2167513.920698162633926,976619.079331214074045],[2167954.147498167585582,976877.09653120895382],[2168171.494398169219494,977615.902431190363131],[2168578.799998168833554,978059.000131175969727],[2170998.211498173419386,976962.185031200409867],[2172211.27459818450734,979670.822331147151999],[2171318.499898183625191,980086.310931127402],[2171691.299598178826272,980919.940831109066494],[2171157.500698174349964,981184.750931097893044],[2171346.999398180283606,981751.060931081068702],[2171054.351198178716004,982058.673731076181866],[2171346.965398183092475,982367.404831078485586],[2171341.371498182881624,982839.689031060785055],[2171922.189198181498796,982767.936831064638682],[2172002.644698178395629,983687.01593103655614],[2172371.413398182950914,983925.709331034915522],[2172149.781198177486658,984280.609731023432687],[2172435.399298179894686,984899.837531011551619],[2172294.737198184244335,985862.447030989336781],[2173070.136698179412633,986327.716030970681459],[2172546.379198180511594,986818.933430954697542],[2173366.61979818250984,987294.563230952597223],[2173361.341198190581053,988071.682930935872719],[2173855.287398185115308,988031.009030935587361],[2174596.7446981924586,988779.533630917198025],[2174824.122798193246126,989472.883530892315321],[2174476.196698186919093,989682.50823089259211],[2174482.932398192584515,989979.413930880487897],[2175984.766898197121918,990252.641530880355276],[2177140.731198201421648,991079.810730856261216],[2177140.139298209454864,991503.22163084440399],[2177684.359998198226094,991449.25523084984161],[2177671.527898209635168,991929.423630838864483],[2178476.792298210784793,992249.697430832427926],[2178485.72199820401147,992742.984230818343349],[2179229.718698210082948,993116.902230812236667],[2179032.985448215156794,993441.504380806349218],[2180476.408798215910792,993974.438730780500919],[2181032.338998217601329,994799.287330765160732],[2181804.251398222520947,994399.503080772585236],[2182289.787798224017024,994803.944980766507797],[2183086.885598233900964,994976.62403076631017],[2183328.849298222456127,994690.638430763501674],[2183716.808998228982091,994893.783280765754171],[2184152.431598229333758,994758.293030768167228],[2184510.632698241155595,995035.110280762193725],[2184729.018498240970075,994717.052380770910531],[2185239.876798233017325,994574.303630766342394],[2185571.837598240934312,993976.614880790002644],[2185261.713098234031349,992685.250130812986754],[2186024.934698241762817,992234.304380828747526],[2187103.708198245614767,992463.55713081988506],[2187229.371798248961568,993192.990780796390027],[2188072.107198242098093,993232.364880795474164],[2188673.714698249008507,993652.0710807912983],[2189090.67129826080054,992913.788980806944892],[2188950.980498254764825,992358.651530814473517],[2189278.543298256583512,992445.367630822467618],[2189591.554598262067884,993303.214830793440342],[2190323.855498258955777,993510.236180788255297],[2191188.14089827099815,992739.517330808448605],[2192691.27489827061072,992132.005980824353173],[2193060.053098272532225,993184.786780799739063],[2193408.085998272988945,993260.367980793002062],[2194196.120998278725892,994374.998130764230154],[2195240.014898280147463,994636.335730764083564],[2195441.676898282486945,994897.669680760591291],[2196159.118598290253431,994814.849830752820708],[2196787.440198295284063,995356.130080744274892],[2198347.759998298250139,995838.217330733430572],[2199057.265398300252855,995603.636680741212331],[2199249.21269830269739,995949.540080730686896],[2199682.21439830865711,996049.751030727173202],[2199894.66369830397889,996717.916530708433129],[2199524.299798304215074,997125.379880708293058],[2199708.282798301428556,997857.997930678538978],[2200461.021698305848986,998317.917080672341399],[2200880.270498305559158,999048.316680657677352],[2201583.049998305272311,999023.103680658619851],[2201799.595898306928575,999818.25783063180279],[2202559.126798313111067,999962.642180627211928],[2203274.216998320072889,1001364.201180598232895],[2204196.661298320628703,1001252.651130601530895],[2204896.63819832727313,1001878.632280583493412],[2204662.993998330552131,1002412.068880564766005],[2205956.78989832662046,1002581.040830569108948],[2206371.139798329677433,1003557.876580540207215],[2206305.678498327266425,1004038.711080529610626],[2206584.73209833400324,1003965.348180528846569],[2206873.547398331109434,1003377.957030548364855],[2207374.844198341481388,1003803.711080535082147],[2208061.680998337920755,1003432.475030536879785],[2208688.800498343072832,1003477.399880549754016],[2209177.000298341270536,1003100.699330548057333],[2209909.718998344149441,1003582.495380537468009],[2210706.057498349808156,1003304.143830543733202],[2211252.275398355908692,1003391.835530536598526],[2212069.558698358014226,1004295.114480518153869],[2212538.028898351825774,1003642.169830539729446],[2212821.029198362957686,1003638.091780534712598],[2213150.379998367279768,1002647.251230562920682],[2213649.580298372078687,1002860.63538055412937],[2214096.499598370399326,1002661.100030562491156],[2214339.560298365075141,1002989.429930554353632],[2215146.329798373393714,1003014.343580552376807],[2215408.220298367552459,1002652.181830560439266],[2216505.304898372851312,1002311.735080577316694],[2217475.60079837962985,1002970.758180556935258],[2217960.757598389871418,1002133.456480561988428],[2217763.92839838610962,1001932.723380579496734],[2217909.499498386867344,1001383.600580589496531],[2217647.205698391422629,1001067.130280600045808],[2217827.181598384398967,1000666.799980603391305],[2217479.308998384978622,999758.901130628190003],[2218874.444698398467153,999436.418930634274147],[2219040.018898393958807,999135.689930640277453],[2218828.849098391830921,998826.453130646026693],[2219107.712798402179033,998646.007830650079995],[2219580.000298390164971,998755.81043065385893],[2219893.353598396293819,997915.914730669581331],[2220724.672398396302015,997736.463280681753531],[2221237.745098407845944,997319.769730677828193],[2222432.500698406714946,997186.379180686897598],[2222667.734598408918828,996523.920380707946606],[2222243.105198409873992,995921.303480718750507],[2222403.831898412667215,995331.94168073264882],[2223626.446698413230479,995029.955580742796883],[2224429.018298416398466,995309.288080731523223],[2224346.000698419287801,994733.310780737549067],[2224750.278098423499614,994118.022480759653263],[2225292.989898428320885,993991.430480764713138],[2225905.129698424600065,994337.534930752590299],[2226826.227498430758715,994178.84413075982593],[2227795.432198435999453,993029.992980786948465],[2228408.397798439487815,993291.015130776795559],[2228991.85379843832925,992928.325630788807757],[2229522.783698443323374,992926.331430785707198],[2230662.999598443042487,993812.483430759049952],[2231644.299798454158008,993805.043030758854002],[2231730.525098452344537,994143.90913076302968],[2233030.671998458914459,994046.822530757170171],[2233218.302298461087048,993685.85083077463787],[2233941.4999984591268,993693.380330760963261],[2234427.800898464396596,993175.061030780780129],[2235211.065998473204672,992927.525230778381228],[2235324.53009847458452,992259.952930795028806],[2236644.041798471938819,991555.647830817732029],[2236427.36879847664386,990368.906430847011507],[2236569.991498477291316,989972.369130849721842],[2237351.379398479126394,989770.159730865387246],[2237591.058798479381949,989082.902230868232436],[2237441.721098483540118,988465.226330885780044],[2237807.781998478341848,988307.257130892248824],[2238024.467998488340527,988631.198430888471194],[2238499.753398483153433,988636.879430884378962],[2238456.294798485469073,988057.458930902648717],[2238682.492998487781733,987966.224230903433636],[2238980.336298495065421,986797.14323092601262],[2239544.109498495236039,986495.176630936795846],[2239882.458198497071862,985734.580730952206068],[2240321.076398498378694,985857.898830948630348],[2240515.329298498574644,984309.7767309875926],[2240789.822498500812799,984142.399930983548984],[2240613.58209849987179,983754.908131001400761],[2240946.37929849838838,983348.90433100622613],[2241644.616898504085839,983400.023231011582538],[2242454.942998512648046,982781.34833102056291],[2242950.676798506639898,981667.998631054419093],[2243445.483598511666059,981594.314731050981209],[2243294.890598515048623,981264.268931064289063],[2245034.551398519426584,980512.701331077027135],[2244725.681598524563015,980267.085831080330536],[2245194.737598523497581,980056.018731086165644],[2245189.543398522306234,979783.803331091534346],[2246122.799598530400544,979439.249931106925942],[2247000.61829853290692,979878.006431086803786],[2247238.884698535781354,979613.955031096586026],[2247537.933998535387218,979660.958931087749079],[2247672.533498531673104,979067.394631105940789],[2248186.643398539163172,978660.221831121714786],[2248388.8293985449709,978021.060031128698029],[2248792.505698542110622,978043.463231139467098],[2249239.170798541978002,978580.081531119416468],[2249755.453498550225049,978301.03493112733122],[2249914.252398549113423,977877.360131140914746],[2251545.715998555533588,976845.055931168491952],[2251700.725598549004644,976135.577831182861701],[2252345.725198553409427,975416.81733120046556],[2252806.16839856095612,975241.006531203747727],[2252616.391998557373881,974884.029431216651574],[2253331.440698562189937,973987.923031229991466],[2253567.574598563835025,973144.080231249681674],[2253452.58459856826812,972572.554931261343881],[2253995.000598567072302,972446.811031267629005],[2254535.975098577793688,972815.202331262640655],[2254890.209298564586788,972773.434831260936335],[2255366.829298574477434,971964.446631282917224],[2255948.932798578869551,971823.132031282992102],[2256195.547598577104509,970649.256231305771507],[2257734.207998581696302,970195.812531321658753],[2258135.804998586885631,969670.354131333297119],[2258948.702798587735742,969744.798031334066764],[2259068.500198596622795,969355.000231335521676],[2259522.785998589359224,969288.033531341003254],[2259731.090898589231074,968565.308131356490776],[2260487.576498602051288,968188.956631371984258],[2260822.733998596202582,967137.380131389480084],[2261619.743298602756113,966839.234031399013475],[2261931.500898604746908,966936.688831402687356],[2262593.752298607956618,966556.289331401349045],[2262744.999498606659472,966263.809831415768713],[2262520.71919860644266,965864.633431420195848],[2262575.561198608484119,965039.785531440749764],[2262968.484298613853753,964506.374431454110891],[2262598.217098615597934,963386.342231488903053],[2263067.00059861689806,963073.808831488364376],[2262915.651698610279709,962552.065331494668499],[2263339.145198612473905,961825.279531522886828],[2263118.799098613671958,961422.880631532287225],[2263090.837698611896485,960712.376331544364803],[2263296.185798620339483,960615.987131553818472],[2263159.941798613406718,959913.570231567951851],[2263484.724798620212823,959339.856931587215513],[2263876.231098613701761,959149.307431586552411],[2263922.104198617395014,958535.240931605920196],[2264692.14199861837551,958256.13283160678111],[2265535.179798619821668,957151.772431634599343],[2266059.909098633565009,957047.724831634201109],[2266289.922198629472405,957580.492331623798236],[2265885.743698627222329,957864.841131615219638],[2266256.523498638067394,958265.226231608190574],[2265970.842898632399738,958698.837931594112888],[2266093.79989862581715,960045.249431556323543],[2266687.799898637458682,959898.688731569214724],[2266805.499498633202165,960131.559931561583653],[2265427.799198620021343,961403.940231534885243],[2265771.500898623373359,961737.939931519795209],[2265973.30039862729609,962547.309931500465609],[2267945.299298636615276,963576.499731476651505],[2267894.998998635448515,963818.940231465850957],[2266875.800298631656915,964476.440831457381137],[2266996.325098625384271,964795.003831441164948],[2266246.348398623988032,965742.046831420622766],[2266799.560698629822582,966192.836731412564404],[2266795.394498624838889,966547.802831407519989],[2267285.708598629571497,966767.622331404010765],[2267343.769298635423183,967047.104231395176612],[2266796.061398624442518,967644.407031378126703],[2266886.305998631287366,968298.565231357119046],[2267510.970998629461974,968775.098631348228082],[2267476.799798627384007,969155.879631346906535],[2266991.499498625285923,969697.559531331062317],[2266895.799498628824949,970587.63043130596634],[2265643.299798619933426,971599.000331278075464],[2264188.499198615085334,975442.940531184896827],[2263611.800498611759394,975335.379431202076375],[2263343.299798610154539,976944.058731155237183],[2262608.299398604780436,976719.879331163479947],[2262364.800298606511205,976260.060831173090264],[2262563.762298610527068,975802.231431184220128],[2262419.774498605635017,975542.514231192762963],[2261790.785198602359742,975570.262931188684888],[2258656.539898589253426,978630.961831114487723],[2257867.300998584367335,977738.249531131703407],[2256884.299898579716682,977849.809631143580191],[2256778.798998578917235,978122.43903112935368],[2255541.000698566902429,977847.809431136818603],[2255201.000798565335572,977288.999531149980612],[2253754.373398567084223,976213.236431176774204],[2253700.500398566480726,977166.000031155650504],[2256392.499198572244495,980161.380231085699052],[2254981.301898570265621,980436.94033108453732],[2255384.799398571252823,981082.059331060387194],[2255712.799798568710685,981079.880531063186936],[2255609.299498577602208,982676.129531018086709],[2255267.722598567139357,983408.730131000629626],[2255522.999798567499965,983311.130431007943116],[2255453.754198564682156,983515.343330997508019],[2256120.799598571844399,983599.309830995509401],[2256496.299298572354019,983914.130230982089415],[2256990.000398572534323,983982.749530986999162],[2257327.479398577939719,983731.40343099902384],[2258128.499898574780673,983993.749330986640416],[2258387.769798582419753,983557.421230999752879],[2259755.275298589840531,983075.497630999539979],[2260359.518198594450951,983268.963931001257151],[2260764.800298598594964,983967.059730989392847],[2261459.800898598507047,983835.939230983378366],[2261862.564798597246408,984018.778430987847969],[2262150.800698599778116,983800.249030990060419],[2262185.809398595709354,984062.712130983709358],[2262696.500598607584834,984179.500030981609598],[2262669.799998604226857,985648.999930941383354],[2263873.49949860945344,985869.939130942337215],[2262691.500898603349924,988454.940330881043337],[2265077.00059861317277,988380.129830885096453],[2267076.000598621554673,990367.940030834055506],[2267354.799298619385809,992068.69003078865353],[2268391.800198629964143,992598.059830781421624],[2269212.057598624844104,993620.186730753397569],[2270017.552698633167893,994262.940630730357952],[2271508.475298639852554,993671.940130744595081],[2271389.865698638372123,995292.286430706619285],[2271739.010598640888929,995387.243530709878542],[2272094.011098647490144,996183.95773069257848],[2270309.727248634211719,996325.821630685590208],[2268815.867098628543317,997282.024230658193119],[2268302.860248623881489,999870.368580600363202],[2268789.86109862383455,1000544.100030590663664],[2269706.738648627884686,1000285.516230592620559],[2269899.734248636290431,1000850.080630572629161],[2269799.063498629257083,1001545.527780557866208],[2269263.362248631659895,1002514.130180544918403],[2268120.299648623913527,1003132.800430525559932],[2267924.800098615698516,1003754.399430505814962],[2268631.300098619889468,1004208.300030491081998],[2268662.299648622982204,1005152.6001804767875],[2269626.216848627664149,1005597.925230460241437],[2269780.272848626133054,1006282.357580443727784],[2269200.538298625964671,1006346.759630440268666],[2269168.695498621091247,1006144.46063044690527],[2268414.500448628328741,1006496.099980436498299],[2268335.784248623531312,1007026.26518042862881],[2268813.537648621480912,1008188.34558040171396],[2269396.991698627825826,1008010.778380403993651],[2270160.499698631931096,1008425.700030394014902],[2270084.260098631959409,1008807.71883038431406],[2270714.054698629770428,1010155.068980350275524],[2270248.201298628002405,1011496.27778032515198],[2270314.046248626895249,1011877.74763031094335],[2270971.3066486264579,1012567.585980297531933],[2270891.536298630293459,1013263.592780280974694],[2271236.003098625689745,1013314.669230277533643],[2270969.137098631821573,1013568.157830273266882],[2271375.695848632603884,1013761.438230261323042],[2271187.62269862787798,1013966.283180260332301],[2271423.684298629872501,1015119.371180230635218],[2270977.775648628827184,1015465.740980227477849],[2270968.265298623126,1016028.033230213797651],[2270566.150248632300645,1015872.401180213666521],[2270559.305648626293987,1016231.554780210950412],[2270314.612448623869568,1016216.160780214588158],[2270352.905098629184067,1016625.715980192180723],[2269951.753048621118069,1017377.610430183354765],[2270277.956098631024361,1017602.274980175658129],[2269994.287698619067669,1018092.863980170805007],[2270319.436898626852781,1018225.911230161553249],[2270064.440898622386158,1018396.858230156358331],[2270358.666698621120304,1018975.38923014595639],[2270147.123648620676249,1019356.329430133104324],[2270469.406498624943197,1019420.163430132437497],[2270470.791298622265458,1019799.915630127303302],[2270742.176648628897965,1019728.921180122066289],[2270591.820498623419553,1020167.565430108108558],[2271135.399848627857864,1020484.439980100956745],[2271718.799648634623736,1021546.79978007718455],[2272335.449098636396229,1021928.683580061420798],[2273000.799698635004461,1021997.900430064182729],[2274977.500048650428653,1021373.5986300886143],[2276150.499248658306897,1021435.000180080416612],[2276794.499048657249659,1020949.098980097216554],[2278071.300248662009835,1021708.000580072053708],[2278955.021898665465415,1021369.289180080522783],[2280004.499898661859334,1021607.399630077532493],[2280479.251048674341291,1022184.429780059610493],[2281831.028848681598902,1021318.898630083538592],[2282057.499648679047823,1022083.899430058314465],[2282967.800698682665825,1022654.79963004833553],[2283564.99964868882671,1022090.500380063080229],[2284121.463048692792654,1022115.697630057111382],[2284169.001098691485822,1022939.999830029672012],[2284460.800648689735681,1023128.299380038864911],[2284945.800898688845336,1022724.800180051475763],[2284919.49969869479537,1021394.499430076451972],[2285768.857498699333519,1021441.358430074295029],[2286195.500198698602617,1021054.432330077397637],[2286457.669398698490113,1021375.802830075263046],[2286122.012698699254543,1021902.514030062244274],[2286285.883298699744046,1022312.55603005643934],[2286908.232198695186526,1022511.100330053362995],[2287150.068098697345704,1021829.084530063089915],[2287479.490098703186959,1021847.918030061991885],[2287623.78349870769307,1022999.761930033098906],[2287852.457198701798916,1023085.092730029369704],[2288634.244498702231795,1022389.045030054170638],[2289340.512898715678602,1022956.856630037771538],[2289650.360998714342713,1022016.784030059934594],[2290405.669898721389472,1021864.947130068088882],[2290576.989598726853728,1022502.137830051942728],[2289911.539998712018132,1022755.255730041651987],[2290278.511798713821918,1023408.89323002519086],[2290742.834798711817712,1023873.34753000701312],[2291013.202998723369092,1023632.637630021665245],[2291005.659998713526875,1023006.561630036565475],[2291660.741198725998402,1023256.498830033931881],[2291594.450298718642443,1024483.493429999565706],[2291823.283798724412918,1024711.561429988360032],[2291539.150798716582358,1025434.280229982105084],[2292718.393798728939146,1025510.507029975065961],[2292991.753598725423217,1026434.611929947976023],[2294626.82019873522222,1027276.331429939484224],[2294897.396698739845306,1027812.84542991721537],[2296019.916098741814494,1028083.145629909704439],[2296133.007998744025826,1028580.549729897174984],[2296567.640298744197935,1028634.780929905246012],[2297456.4997987463139,1027995.299329911125824],[2297683.954198753926903,1028165.407129917992279],[2298308.953198752831668,1027608.356729922466911],[2298955.299498763401061,1026523.900029949960299],[2299917.800398754887283,1026567.500229954137467],[2301207.300698772538453,1026113.700829955399968],[2300753.000598768237978,1027793.800929909572005],[2300054.335998767521232,1028289.91572990687564],[2300236.119698763359338,1029025.647629885119386],[2300521.789798764046282,1029206.209129879483953],[2301785.800298769026995,1027324.399929929175414],[2301653.499998767860234,1026065.799729962833226],[2301834.499198765959591,1025714.699229967896827],[2303370.799998776055872,1025957.800029954290949],[2303846.300498779397458,1025187.800629981094971],[2304489.500798784662038,1026494.899929948616773],[2305496.299598786979914,1026865.599829942802899],[2306252.000798789784312,1026495.599129942944273],[2306371.500298788305372,1026893.400429942528717],[2307646.799998792354017,1027604.400829925085418],[2308562.300298803020269,1027291.400329929077998],[2309378.999998811166734,1026637.299629940651357],[2309893.300398801453412,1026578.199229940888472],[2312036.500498815905303,1027500.300429929280654],[2312292.998998812399805,1028345.800729900947772],[2311489.500098820775747,1030023.40022985660471],[2312003.500598818063736,1030596.399829843314365],[2311983.500198824331164,1031094.599629827891476],[2312578.000098817516118,1031756.799329818342812],[2313285.299298824742436,1031946.400229810853489],[2313742.500498828943819,1033196.200029786326922],[2316122.299398838076741,1034070.300629766425118],[2316431.999798836186528,1034399.498829754185863],[2316606.300498833879828,1035514.299529722891748],[2316974.999298843089491,1035362.099129732814617],[2317416.499998838175088,1035586.799529727548361],[2317850.498898836784065,1036248.299229712225497],[2318550.499998845625669,1036385.399629705352709],[2318745.799898850731552,1037253.999529684660956],[2319002.800598852336407,1037046.100129695842043],[2319390.630998845212162,1037137.452029692125507],[2319367.50029884558171,1037660.599229679792188],[2319083.000398852862418,1037625.100329672801308],[2319098.00089885154739,1037864.600929668638855],[2319508.798998851329088,1038066.099729673238471],[2319931.00059885205701,1038846.59972964937333],[2319656.499598854687065,1039682.599629628122784],[2320268.500098849646747,1041242.599929601536132],[2319409.299398853909224,1042138.299429562990554],[2317798.80049884179607,1042591.500529559445567],[2317604.499498837161809,1042859.700429552816786],[2317735.798898837529123,1043400.499929540557787],[2318696.300698844715953,1044106.100329518085346],[2317936.499998840037733,1045265.899529493879527],[2318757.000298839062452,1045228.900629497249611],[2318936.000598846003413,1045845.599329481599852],[2319297.499498847872019,1046043.400229474995285],[2321362.50019886251539,1045840.799729483551346],[2321744.299698857124895,1046402.100329467677511],[2322181.72059885552153,1046416.734329465660267],[2322445.727398855146021,1046878.147329452680424],[2321687.649998858105391,1048016.31722943589557],[2320286.793498843442649,1048681.389329417143017],[2320045.498998851981014,1050069.799629377666861],[2319662.299798842519522,1050979.399129356956109],[2319194.799898849334568,1051397.899729350116104],[2319687.500298838596791,1051918.900529336882755],[2319574.500098849646747,1052319.000229331897572],[2318349.000798838213086,1053133.399029300315306],[2317547.79899883735925,1053284.599029304692522],[2317436.300698833540082,1053878.000229286961257],[2316625.500798832625151,1054294.099429277470335],[2317053.000298826023936,1054982.900229265214875],[2316442.49979882221669,1055166.89942926261574],[2316095.801098822616041,1054879.899429271696135],[2315304.800398824736476,1054934.899929257575423],[2315094.999898818321526,1053939.499529293505475],[2314210.99959882395342,1054074.600529287010431],[2314326.499798813834786,1053783.500329287955537],[2312934.999698816798627,1054605.000529272016138],[2311932.799798814579844,1054459.399329283740371],[2311481.500098808202893,1055030.100329271052033],[2311516.00109881022945,1055810.799529250711203],[2311100.499598804861307,1056284.400529240723699],[2311093.799498809501529,1056712.600629218388349],[2309325.400198798161,1056860.240929229184985],[2308243.999098790343851,1058000.300229193409905],[2308450.500498792156577,1058720.100729174213484],[2308866.000198800116777,1058926.50062917615287],[2308680.298998790793121,1059530.900529164355248],[2308943.500098789576441,1059888.800229152664542],[2308660.000898788683116,1061038.100629116175696],[2307162.344798785168678,1060657.695029124151915],[2306044.299798781983554,1061047.599629119271412],[2305488.000298775266856,1061417.89962911629118],[2305008.870098776184022,1062200.368329097284004],[2304921.428598768077791,1062592.104029087815434],[2305188.299798771273345,1063204.600429076002911],[2304949.499398768879473,1063486.40012905607],[2303877.800198766868562,1063530.299629068002105],[2303773.299098762217909,1063877.099929061019793],[2302402.999098756350577,1064145.100329051725566],[2302214.000098764896393,1064387.000329046975821],[2301819.001098759938031,1065338.10002901754342],[2302960.14079875824973,1067249.058328974759206],[2302305.299998757429421,1067850.300828960957006],[2302280.000198762863874,1068161.800828964216635],[2302548.143198761157691,1068384.821328956168145],[2303232.29919876344502,1067993.400128966430202],[2303456.500498765148222,1068413.49942894699052],[2303046.800998758524656,1069647.599128925474361],[2301167.799698753282428,1071004.799228895222768],[2302124.799698754679412,1073907.600428819889203],[2302753.500998756382614,1074168.400328818941489],[2303046.000398761592805,1073960.999828817788512],[2303708.151898761279881,1075428.294228785904124],[2304070.586398764047772,1075484.691928785294294],[2304007.649598760996014,1075805.724928781855851],[2304492.00099876942113,1075973.800328772747889],[2304973.800898759625852,1076671.000328742899001],[2305629.000098775140941,1077105.499028746504337],[2305351.799598762299865,1077287.899428743869066],[2305262.501098776701838,1077981.299728722311556],[2304739.999198767356575,1078761.400028709555045],[2304829.500298763159662,1080413.498628665227443],[2304536.300198765005916,1080412.999928667442873],[2304104.799098756629974,1079157.49932869290933],[2303960.000598762184381,1079404.500228694174439],[2303627.799598761368543,1079397.499428692273796],[2303296.499498762190342,1080175.89992867433466],[2302599.499098758678883,1080621.500528660370037],[2302224.500298754312098,1081203.599128649570048],[2301569.499898744281381,1081476.100328633794561],[2301155.80089874425903,1082185.500728628598154],[2300976.000298748724163,1082743.900928607443348],[2301180.500498752575368,1083059.99922860134393],[2302372.000498755369335,1082992.799728602869436],[2302789.80039875023067,1083528.599728594068438],[2302451.999098757281899,1083878.399228586582467],[2302546.299498762469739,1084678.400428570574149],[2302233.299398753326386,1085140.500028560170904],[2301650.800398742314428,1085590.098528546979651],[2299944.99889873387292,1085886.09862854052335],[2299214.800298737362027,1085577.799528551287949],[2299040.300098731648177,1085813.099728549132124],[2298496.800398727878928,1085378.099128555506468],[2296819.999998725950718,1085270.600328555097803],[2296149.499798714648932,1085663.8999285439495],[2295784.500698711723089,1085476.598828551592305],[2295311.800398716237396,1086284.899328538915142],[2294495.999798714648932,1086231.800228534499183],[2293929.859098709188402,1086644.822128521278501],[2293093.499498708639294,1086545.899928529979661],[2292053.688298697583377,1087129.264628514414653],[2291330.000398699659854,1087196.999028510181233],[2290740.999398696701974,1087547.399528502719477],[2290174.999998692423105,1087377.999128507450223],[2288842.109698691871017,1088017.998628491070122],[2288389.999398683663458,1087755.799828491173685],[2287500.299398679751903,1087974.400028499541804],[2287394.500198682770133,1087494.000328507274389],[2286366.499598671682179,1087497.900528511963785],[2285974.999198670964688,1087045.800428526010364],[2285982.537598678842187,1086697.748428524006158],[2285563.579298670403659,1087073.585928512969986],[2284600.799998661037534,1086955.600428519304842],[2284618.499798664357513,1087691.600928503088653],[2284087.532398655079305,1087872.594628495164216],[2283750.051898659206927,1087597.988528507528827],[2283245.500198664143682,1087670.89992850786075],[2282945.000498658046126,1087284.500228507909924],[2280797.010998642537743,1087660.453928506234661],[2279161.800298642367125,1089445.500028470531106],[2278389.722298630513251,1089586.451628466602415],[2278176.499098630622029,1089940.39982845261693],[2277601.999198636971414,1089844.799728452693671],[2276110.300298630725592,1092335.100228395313025],[2275551.799298620317131,1092883.600028383312747],[2275031.499698621220887,1092973.400028387317434],[2274691.800298615824431,1094431.099828344769776],[2274253.799098609481007,1094365.300628346856683],[2274081.300198615528643,1094381.900128347566351],[2274044.703398608136922,1094408.886628345120698],[2275851.260498613584787,1095407.872928321128711],[2276625.999898623209447,1096633.499428293900564],[2276285.299798627849668,1096704.000128293409944],[2275944.299898618832231,1096237.399628302780911],[2275165.300998614635319,1096291.298728302121162],[2274717.29959861561656,1097310.599328277632594],[2274191.999598613008857,1097571.400328273884952],[2273698.000698608346283,1098899.400228247512132],[2273810.298998610582203,1100879.599028199911118],[2275002.49999861465767,1101911.600528171518818],[2275056.000298609025776,1102925.999128152150661],[2276072.500298613216728,1104100.899928121129051],[2276011.968698618002236,1104823.465528099099174],[2276629.000198620371521,1106778.400128051638603],[2276646.000198624096811,1107603.399628038983792],[2274650.076798611320555,1109235.505227997899055],[2274246.666298604570329,1109296.131627998081967],[2273686.346598609350622,1108958.549728008685634],[2272650.300298600457609,1108986.50002800161019],[2270453.000298584345728,1107512.50062804389745],[2269694.499498579651117,1107612.940028040437028],[2269205.50099858827889,1107283.399028043495491],[2267930.499998573213816,1107887.600928035099059],[2267577.082898576743901,1108402.124128026189283],[2266204.29999856185168,1108838.599528011865914],[2265627.87389856018126,1110945.088827960193157],[2264804.410698558203876,1110820.704027967760339],[2264329.299898556433618,1111307.599227956030518],[2263476.999798546545208,1110816.799427971476689],[2262859.799498554319143,1109773.000727992504835],[2262152.999798541888595,1110025.099327982636169],[2261655.299698540009558,1109305.299228000454605],[2261129.299598541110754,1109306.799828001996502],[2260912.499398535583168,1108344.599828027188778],[2259989.520998538006097,1108850.058528011897579],[2259194.000598540063947,1108294.100828027585521],[2257794.999098523519933,1108035.899028031853959],[2256979.500698518007994,1108298.574528028722852],[2256774.686698524747044,1108125.239528029924259],[2256410.84589852206409,1108506.900028023403138],[2256487.058298521209508,1109345.992328003980219],[2256809.000298519618809,1109671.099628006573766],[2256768.300498522818089,1110842.29882797319442],[2257347.755098524037749,1112181.764127932721749],[2257568.478498525451869,1112261.641927936580032],[2257575.935598519165069,1112771.956427926430479],[2257452.999898523557931,1113255.999827906955034],[2256914.218498522881418,1113326.175927906762809],[2256668.970798519439995,1113834.438327897805721],[2257101.801098521798849,1115117.800427864771336],[2256837.799398524686694,1116104.899027845356613],[2257490.271998520474881,1116937.811727833468467],[2257329.999598518013954,1119285.499627769459039],[2256858.298998521640897,1120264.799727746052667],[2257028.80019851680845,1120766.500427739927545],[2256779.500498512759805,1121756.099627716001123],[2256384.499198519159108,1122433.099127699621022],[2257273.300098518840969,1123506.499127675779164],[2257666.998998513910919,1125205.79972764197737],[2257640.499998521991074,1126173.299527605995536],[2258384.99959852360189,1127759.799827565904707],[2258235.000898519996554,1129329.500227537704632],[2258945.499698526691645,1129796.100227527553216],[2258838.966398517135531,1130471.861827504821122],[2260296.498898527119309,1131641.100127479992807],[2260357.998998522292823,1132465.399227463174611],[2260803.50059853028506,1133072.600527453003451],[2259946.999698530416936,1133759.099727438297123],[2259844.300398521590978,1134164.999727417249233],[2260010.500098527874798,1134566.400227413745597],[2260619.800198522862047,1134841.900327416136861],[2260836.453998532611877,1136219.008427373832092],[2261469.799298532307148,1136587.600327364401892],[2261208.798798530828208,1138086.500627332134172],[2261868.451198533177376,1139008.863227312918752],[2262580.299698535352945,1139316.600327296182513],[2263074.139898533467203,1140033.591627287678421],[2263494.499898537062109,1140208.399927276419476],[2264191.469598540104926,1141400.008827253710479],[2264652.166398549918085,1141506.890327248955145],[2264993.668598550371826,1142396.409627224085853],[2265372.895198550075293,1142457.339827223215252],[2265281.920998545363545,1143331.410527212079614],[2265791.999298547860235,1143712.500127201899886],[2265804.837698551360518,1144324.683327183127403],[2265359.623598542995751,1144809.900227171834558],[2265012.745398546569049,1144859.342427181079984],[2264820.058498542755842,1145605.326827161246911],[2265025.606598548125476,1146252.039427139097825],[2264367.734798545949161,1146895.102927125990391],[2264376.052698543295264,1147131.846627118997276],[2264854.171598541550338,1147168.260227116756141],[2265015.175198542419821,1147430.922827112255618],[2264496.539298539515585,1149320.806827070657164],[2264815.799298543483019,1149286.499627064215019],[2265067.500698541291058,1148888.799627075204626],[2265801.734098551329225,1149062.828527074540034],[2267010.067698555532843,1148725.261127077741548],[2267799.793498554266989,1148780.892027078662068],[2267884.036598565522581,1149132.214327066438273],[2268152.659998560324311,1149022.881927071139216],[2268969.035798567347229,1149357.552627064986154],[2268790.060298556927592,1150521.799227041658014],[2268975.951898561790586,1152055.999327002558857],[2268547.810698562301695,1152588.300126989372075],[2268662.730498556047678,1153314.001026979647577],[2269210.499198569450527,1153519.398926967522129],[2269075.425698569044471,1154168.799926957581192],[2270489.352298573125154,1156382.67472690041177],[2271615.857498571276665,1156560.722926896531135],[2272062.799998571630567,1157081.399626883212477],[2272575.120798579417169,1157267.566926881903782],[2273171.822998581454158,1157441.895426878705621],[2273980.343698580749333,1157311.658526875544339],[2274527.672498591709882,1156706.167026894865558],[2274759.808398591354489,1155713.905726913828403],[2275375.222798594739288,1154803.384326940635219],[2275669.620698597282171,1154792.866826930781826],[2276930.712398597504944,1153734.366226966725662],[2277983.500598609913141,1153467.400226965080947],[2278266.999698607251048,1153936.099526952253655],[2277923.999098607338965,1155399.399826924549416],[2277370.561098601203412,1155779.77232690481469],[2277556.299998599104583,1155981.600426907185465],[2277318.664698601700366,1157165.871226882562041],[2276875.723798607476056,1157899.255626870086417],[2277395.221698595676571,1158124.115526854991913],[2277169.712398600764573,1158368.367626846767962],[2277377.309698596131057,1158409.758126849774271],[2277573.468698604032397,1159319.958226828137413],[2278069.364498610142618,1159833.088626815704629],[2277289.300398602616042,1159551.299626821884885],[2277296.124198598787189,1160024.30882681440562],[2276841.478898603934795,1160391.941626807209104],[2275753.812498590443283,1159971.868826818885282],[2275246.398998588323593,1160149.34732680930756],[2274772.321598584298044,1161112.346326789353043],[2275205.171498585492373,1161755.374526778236032],[2276310.980298597365618,1162004.869626769330353],[2276044.023098598700017,1162405.938326764618978],[2276245.703998597338796,1162753.959126745350659],[2276181.986498601734638,1162796.103626755066216],[2276109.413998588453978,1162583.134626762708649],[2275807.663298596162349,1162412.495026763528585],[2275976.973298599477857,1162613.307826756732538],[2275727.080298591870815,1162648.629326752852648],[2275483.183598591946065,1163208.775226742262021],[2275277.512898590415716,1162937.363526751752943],[2275071.256398582831025,1163400.903426742181182],[2274743.845398586709052,1162948.098126749973744],[2274282.516198582481593,1162838.556026748148724],[2274915.474898592568934,1163770.695826723705977],[2274683.15149859059602,1164056.340326724108309],[2273645.871698580682278,1163895.615026728948578],[2273288.800298583228141,1164203.800426721340045],[2273905.286998582538217,1164107.682426719926298],[2274637.229198586661369,1164491.201026709750295],[2274931.000898584723473,1165366.999726691748947],[2275481.322298589162529,1165896.632426674244925],[2275345.833098587580025,1166322.014926666161045],[2275591.799998587463051,1166330.852726673707366],[2275845.918198595289141,1166747.899926653364673],[2276645.499998594168574,1166741.900126658380032],[2277087.999098600819707,1166473.900026674615219],[2277858.000198605470359,1166675.544726657681167],[2278627.165298604872078,1167458.330726644955575],[2279110.840198603458703,1166887.172126663150266],[2279298.838898607064039,1167533.018926638411358],[2279935.496998608112335,1167640.515526636037976],[2279984.640798615757376,1166920.1816266477108],[2280665.000098612625152,1166349.000826670089737],[2282558.499598625581712,1166081.098926675040275],[2282877.299698625225574,1165437.499926689313725],[2283679.323198637459427,1165418.368526685517281],[2283509.12989863101393,1165748.791826681001112],[2283892.00039863307029,1166174.800226669060066],[2283796.299998624250293,1166807.399426659103483],[2282967.499698634259403,1167523.899826639564708],[2283009.999198632780463,1167727.89922663429752],[2283563.183698634617031,1167762.804526628460735],[2284082.300198633689433,1168299.899426621384919],[2284431.498798637650907,1168342.400426627136767],[2284841.075798634439707,1169239.064926603110507],[2286975.435598645824939,1169440.312026588711888],[2287455.513598651159555,1169237.852326598251238],[2288295.851598648354411,1168148.081926619866863],[2287737.299498653039336,1167458.000526634743437],[2288215.272198657970876,1166719.045726655982435],[2287966.999398646410555,1166060.000326671637595],[2289498.364698660559952,1164913.977126696612686],[2289970.887698662932962,1162037.279026763280854],[2288854.499898659065366,1160349.001026801764965],[2289316.332198663149029,1159934.202526816166937],[2289214.799898663070053,1159485.600326823070645],[2288703.016998657491058,1159247.898926835274324],[2288875.999898660928011,1157542.000826868461445],[2288381.598298660479486,1157668.948626869823784],[2287882.999198652338237,1157164.399426879128441],[2287291.799198654480278,1155514.500126915052533],[2287342.300498652737588,1154587.900026936782524],[2286834.299498653970659,1153603.101026967400685],[2287387.499998650047928,1152924.899626970523968],[2287236.376398656517267,1152481.000226989621297],[2286461.588698648381978,1151919.999726992100477],[2286092.043498651590198,1151947.000127000268549],[2286043.500498645938933,1152415.29982699197717],[2285673.999198645353317,1152363.099526996957138],[2285147.429898641072214,1151608.800427010748535],[2285303.655298648402095,1150989.033027014695108],[2285110.000898643862456,1150108.000027048401535],[2285431.800098643638194,1149797.423927046358585],[2286535.781898657791317,1150097.953127044485882],[2287378.020998656284064,1150798.351527022663504],[2288175.896798656787723,1150458.148227035999298],[2288258.499898655340075,1150757.300327032105997],[2288475.499998662620783,1150663.101127026602626],[2289287.620798672083765,1151619.112327002454549],[2289667.292598661966622,1151580.070127001032233],[2290117.666198664344847,1152086.937426993623376],[2292098.552798682823777,1151467.965527012944221],[2292718.798798682168126,1150733.399627026868984],[2293543.500598688609898,1150756.97622701828368],[2293561.500598691403866,1151155.500827010720968],[2293867.299998686648905,1151412.399527005385607],[2293815.799398690927774,1152266.499826985644177],[2294799.499798686243594,1153506.40102695976384],[2294556.412298691924661,1155575.81892690481618],[2295898.50079869478941,1155756.099626899929717],[2296564.299698695540428,1156225.300526901613921],[2296719.000298694707453,1157131.800426867324859],[2297599.350398706737906,1157579.684526856057346],[2297705.500798699911684,1158562.500126840546727],[2298538.837698713410646,1158211.837726850993931],[2299236.305698711425066,1158209.624026840785518],[2299458.851698716636747,1160179.174026801483706],[2300430.299598711542785,1161345.400426777778193],[2301596.190398716367781,1161435.770826774649322],[2301552.589998726267368,1162204.899326760787517],[2302070.421298724599183,1162359.689326752210036],[2301590.448698726948351,1162595.870326750911772],[2301631.325098719447851,1162806.599826738936827],[2301953.499698726925999,1162959.400126732187346],[2302275.299098720308393,1162621.299926748033613],[2302485.798898727167398,1162786.298926743678749],[2301445.281398727092892,1164322.300026704324409],[2302133.993298718240112,1164329.899326705606654],[2301632.353098723106086,1165033.299926689360291],[2302013.999398718588054,1165524.49982666852884],[2301373.800098715815693,1165473.600026679225266],[2300877.00099872238934,1165999.999726663576439],[2300429.000698710326105,1165870.800926668103784],[2300427.800698714796454,1166533.600326658692211],[2299774.300298715475947,1166065.099326662486419],[2299582.000398711767048,1166413.598626660648733],[2299058.299198708496988,1166458.999726659851149],[2299096.12999870814383,1167227.291626638965681],[2298787.084098711144179,1167474.601026644697413],[2297953.727498702704906,1167377.189226634567603],[2297864.328898704145104,1167073.459626637864858],[2297593.299598698504269,1167439.52362663205713],[2297304.990798702929169,1167261.096226633992046],[2297347.858798698987812,1167693.999826627783477],[2296882.994498696178198,1167711.454526635119691],[2296550.000398694071919,1168201.600926611805335],[2296231.9993986915797,1168175.29972661845386],[2296652.747898695059121,1168783.599026615032926],[2296328.352798691019416,1168663.840626612305641],[2295373.058298694435507,1169012.400626599090174],[2294787.799698684364557,1169664.299526578048244],[2295042.999798682052642,1170175.500626571942121],[2295482.999998693354428,1170426.101026570657268],[2297400.500398701056838,1170070.499026579316705],[2298201.500398706179112,1170554.800226564053446],[2297201.274098698049784,1171052.528826548485085],[2297034.701498690526932,1171555.815426543122157],[2296343.800098693463951,1171884.499326536664739],[2296025.203898692503572,1172723.500026522437111],[2295466.686698686797172,1172703.889826513128355],[2295318.304798685479909,1172980.99912650953047],[2296418.800598688423634,1173656.000226495554671],[2296452.49979869229719,1174695.899726470932364],[2297142.299598689191043,1175015.299726457335055],[2296850.301198695320636,1175617.51602645451203],[2296580.442698694765568,1175794.499226443236694],[2295805.774298686534166,1175620.715126446913928],[2294813.500298677943647,1176149.100726434262469],[2293603.000498674809933,1176333.400426429929212],[2293067.239898676984012,1177062.406726418528706],[2292713.925298670306802,1178129.378526394255459],[2292936.220698672346771,1178571.012126383371651],[2292757.21189867798239,1178495.179026377853006],[2292839.300498668570071,1179344.599126362940297],[2292360.500698667485267,1179772.500526353018358],[2292103.558298669289798,1180443.799826332833618],[2292684.369498669635504,1181032.176426324993372],[2292721.565498672425747,1182011.044526302488521],[2293005.716398667544127,1182514.562026298604906],[2293541.945498679764569,1182465.793426289921626],[2293975.799298681784421,1184251.099926257273182],[2292425.499898663721979,1185390.999626223463565],[2292123.999198669102043,1184474.799826245289296],[2291143.274498660583049,1184619.77092624315992],[2290776.361998661421239,1185202.748226231662557],[2289973.702298649121076,1185355.499426218681037],[2290788.751898659393191,1185716.999426220310852],[2290585.000098660588264,1186307.600826208246872],[2288522.299798651132733,1186658.800326192285866],[2288141.499898642301559,1187015.000626192661002],[2288080.499098649248481,1187424.299526175716892],[2288238.593198641203344,1187906.800526158884168],[2288556.593698644079268,1187890.299826166592538],[2289203.592698647640646,1186941.400026196613908],[2289550.292598648462445,1186864.49992618500255],[2289680.29279865231365,1187369.400926174130291],[2289064.293498654384166,1188512.80112615856342],[2289889.093498661648482,1188728.199826144846156],[2290402.093598651234061,1188588.500426158774644],[2290748.593798659741879,1189060.200026144273579],[2289972.592598660849035,1189950.801026118220761],[2289933.092098657973111,1190374.701026102993637],[2290888.499998660758138,1190869.099826090969145],[2291875.799898663070053,1190968.100526096532121],[2291985.300198659766465,1191453.398926083464175],[2292842.300198669079691,1191992.999126070179045],[2293050.800798668526113,1192456.39892606344074],[2294463.999898673500866,1192948.676826048409566],[2294883.499598683789372,1192537.898826053366065],[2295375.000198688358068,1192822.138526049442589],[2296507.18729868112132,1192928.308926049619913],[2296812.499798682518303,1192757.499926050193608],[2296785.798998686950654,1192245.90042606764473],[2298018.800198690965772,1192814.100326046114787],[2298330.300698701757938,1192788.00002605188638],[2298221.998998688533902,1192567.600626053987071],[2298531.999698698986322,1192200.499826069688424],[2298805.298798698466271,1192752.299426053417847],[2299903.999798700213432,1192586.83062605233863],[2300689.800098706968129,1192795.600526050897315],[2301124.299898713361472,1192615.85912605933845],[2301775.769298708997667,1193103.31232603918761],[2302448.25689871609211,1192631.708426055265591]]]]}}
]
}
