{
"type": "FeatureCollection",
"name": "VERACRUZ",
"crs": { "type": "name", "properties": { "name": "urn:ogc:def:crs:EPSG::6372" } },
"features": [
{"type":"Feature","properties":{"CVE_ENT":"30","NOM_ENT":"Veracruz de Ignacio de la Llave","CVE_CAP":870001,"NOM_CAP":"Xalapa-Enríquez","AREA":7021462.8654699996,"PERIMETER":6456.2179627599999,"COV_":29,"COV_ID":30},"geometry":{"type":"MultiPolygon","coordinates":[[[[3250522.020700533408672,620251.616851929808035],[3250720.426837398670614,619915.797785964445211],[3250420.425752992741764,620270.493907879455946],[3250522.020700533408672,620251.616851929808035]]],[[[3280440.632863809820265,669103.610417734715156],[3280552.345405983738601,668709.88242226280272],[3280171.693706899415702,669312.648240120033734],[3280440.632863809820265,669103.610417734715156]]],[[[3294415.866781138814986,680909.808655717177317],[3294766.784369993023574,679754.61289025307633],[3294374.092607806902379,680456.649894507136196],[3294415.866781138814986,680909.808655717177317]]],[[[3337704.773503089789301,688031.392239026958123],[3337516.02280106022954,688273.071028265636414],[3337517.069476280827075,688322.418933987501077],[3337704.773503089789301,688031.392239026958123]]],[[[3339266.19331446941942,689882.131392078706995],[3339565.806981386616826,689737.180749778402969],[3339323.352892000228167,689822.399470469215885],[3339266.19331446941942,689882.131392078706995]]],[[[3296321.991272242739797,688596.495913566322997],[3295574.022836277261376,688137.756516059860587],[3295602.837837303988636,689929.432816858752631],[3296208.375291587784886,690266.423707166337408],[3296827.325410589575768,690178.785446509369649],[3296427.578079650644213,689540.848268944304436],[3296321.991272242739797,688596.495913566322997]]],[[[3337737.156896512955427,691615.905254443758167],[3337598.710600305814296,691503.637106706970371],[3337820.385519115719944,691724.793355122208595],[3337737.156896512955427,691615.905254443758167]]],[[[3297011.407933947164565,692103.829805203946307],[3296651.025173126719892,692670.731513694743626],[3297303.415290620177984,694080.547913632472046],[3297194.270424125250429,692990.965609638369642],[3297011.407933947164565,692103.829805203946307]]],[[[3121148.059234046377242,696340.857786104665138],[3121102.514196800068021,696195.89325850084424],[3121108.407596058212221,696305.74160369229503],[3121148.059234046377242,696340.857786104665138]]],[[[3120943.424902240745723,697050.786038469639607],[3120973.579676576890051,696991.623073908034712],[3120919.529242130927742,697204.667322330526076],[3120943.424902240745723,697050.786038469639607]]],[[[3114310.889444070868194,697446.555997789721005],[3114279.551551468670368,697436.450712120742537],[3114280.586502202786505,697437.96883845794946],[3114310.889444070868194,697446.555997789721005]]],[[[3337580.754503109492362,697647.60303877259139],[3337529.834810544271022,697660.494613929418847],[3337501.390348351094872,697685.567350732861087],[3337580.754503109492362,697647.60303877259139]]],[[[3121631.297502239234746,697862.572638449957594],[3121557.855771087575704,697666.363071962841786],[3121630.509034588932991,697872.547950633335859],[3121631.297502239234746,697862.572638449957594]]],[[[3111304.543102197814733,698161.121038434212096],[3111301.848692003171891,698151.342449075658806],[3111301.731952306814492,698180.531579383183271],[3111304.543102197814733,698161.121038434212096]]],[[[3115428.370059370994568,698833.22121239581611],[3115137.840542727615684,698817.655123356729746],[3115500.705587305128574,698845.040241193957627],[3115428.370059370994568,698833.22121239581611]]],[[[3115701.738432597368956,698877.887350440374576],[3115701.112304721027613,698877.785046308767051],[3115702.442007340956479,698878.685888745938428],[3115701.738432597368956,698877.887350440374576]]],[[[3336841.537703106645495,701948.317538667237386],[3336848.556473961099982,701915.83386591670569],[3336766.105628042016178,702066.31059815955814],[3336841.537703106645495,701948.317538667237386]]],[[[3331641.152403104584664,709228.556338465190493],[3331733.204165489412844,709122.359840261749923],[3331615.853666434530169,709265.830089180846699],[3331641.152403104584664,709228.556338465190493]]],[[[3279088.489438434597105,711462.706475603976287],[3278722.175420102197677,711115.3388903925661],[3278603.587857469916344,711208.254686992499046],[3279088.489438434597105,711462.706475603976287]]],[[[3150016.788781626150012,718367.207609057892114],[3149604.788031133357435,715741.027777501149103],[3149081.279227186925709,716724.017342095845379],[3149260.669295811094344,717503.159163752803579],[3150016.788781626150012,718367.207609057892114]]],[[[3161278.451454201247543,741454.407278945320286],[3160942.366904159076512,742071.067149637266994],[3160960.463441047817469,743128.706813270342536],[3161299.437757081352174,741949.371665087528527],[3161278.451454201247543,741454.407278945320286]]],[[[3163733.586636270862073,747695.532540414482355],[3163485.049339822027832,746393.666495758108795],[3162888.168048780877143,747195.589086429448798],[3163083.590584229677916,748278.678748332313262],[3163733.586636270862073,747695.532540414482355]]],[[[3142981.195585201494396,750061.123870471841656],[3142568.126296245958656,748729.30914904770907],[3142687.370919197797775,747836.922156060580164],[3142192.97470328444615,747033.783476398326457],[3142679.16927548404783,745421.492332405294292],[3141754.35727296769619,744159.82391494163312],[3140425.538912579417229,744090.114563914947212],[3140625.798766694031656,746633.728358847671188],[3139866.096727008931339,747663.284292093827389],[3140312.281666893512011,748296.610628566122614],[3140475.315595098771155,747923.873711481690407],[3142148.77490513259545,747789.112075791694224],[3142144.797171478159726,749263.054327899473719],[3142606.976049636490643,749630.736815798096359],[3142768.487642897758633,750352.617482052417472],[3142981.195585201494396,750061.123870471841656]]],[[[3147557.161293652839959,754360.071870122454129],[3147358.154037845321,754481.24047512258403],[3147638.180265656206757,754814.468625508365221],[3147650.919410490430892,754761.23424516315572],[3147557.161293652839959,754360.071870122454129]]],[[[3160541.97059609182179,754620.448649091296829],[3160704.539900252129883,754777.934088174602948],[3160759.40810721507296,754593.317253318731673],[3160541.97059609182179,754620.448649091296829]]],[[[3163944.678531544283032,757930.086087911156937],[3163808.90032965503633,757945.043405358097516],[3163836.697233280632645,758032.619714747648686],[3163944.678531544283032,757930.086087911156937]]],[[[3164268.192920525092632,758305.935130952391773],[3164198.152232400141656,758256.830004330491647],[3164212.004573682788759,758360.569081827299669],[3164268.192920525092632,758305.935130952391773]]],[[[3155238.894369708374143,758822.320659658056684],[3155233.426104234997183,758485.483146940125152],[3155018.878507063724101,758834.48793504817877],[3155238.894369708374143,758822.320659658056684]]],[[[3166214.189085048623383,759480.193040287471376],[3166212.996552871074528,759365.211924119037576],[3166180.084651640150696,759347.278360374388285],[3166114.589917789213359,759373.380522109684534],[3166077.16330823674798,759364.172541430452839],[3166214.189085048623383,759480.193040287471376]]],[[[3154643.054529529530555,758750.262509026215412],[3154332.579902721568942,759031.420141708804294],[3154566.622172218281776,759307.309098272235133],[3154418.617057578638196,759698.221766341361217],[3154816.92919332627207,759615.75313006748911],[3155146.512610331177711,759116.7334630319383],[3154643.054529529530555,758750.262509026215412]]],[[[3154253.355368573684245,758689.276609200052917],[3153782.564450642094016,758718.426121226279065],[3153269.772576160728931,759587.471225171466358],[3153479.987208019010723,760042.415629758499563],[3153943.40054780151695,760126.82421810447704],[3154511.758216395042837,759385.913939539343119],[3154298.307277983985841,759098.687035475391895],[3154253.355368573684245,758689.276609200052917]]],[[[3152903.849668727256358,760296.270691674086265],[3153083.466815409250557,760306.788709900341928],[3153165.812012274749577,759556.184911340475082],[3153620.28977728029713,758826.756444805650972],[3152388.772178621962667,757911.912851538741961],[3151801.224850692320615,758763.439339689328335],[3151833.063246097881347,759589.42822116240859],[3152092.197003928478807,759973.705978527199477],[3152457.695016787387431,759701.42649681516923],[3152716.700077541638166,760496.957591588259675],[3152903.849668727256358,760296.270691674086265]]],[[[3153253.756511243991554,761924.554470232105814],[3154433.148560934234411,760623.217593790381216],[3153980.493038967717439,760346.711222583544441],[3153601.661456002853811,760518.198856575996615],[3153499.842015696689487,760456.21213936759159],[3153498.916617021430284,760792.973002545302734],[3153229.221288523636758,760709.374408341478556],[3153477.536196100059897,760729.832402218366042],[3153442.134906237479299,760378.000061348779127],[3153967.157568473368883,760246.378635675180703],[3153442.274051134008914,760059.340705992653966],[3153270.175856386311352,759912.271718593081459],[3153106.67415238590911,760439.182052715565078],[3152791.461908082012087,760608.382687553297728],[3153065.208125207573175,761266.837160776136443],[3152953.621761791408062,761931.802489947993308],[3153253.756511243991554,761924.554470232105814]]],[[[3149609.749353973194957,762455.705939554492943],[3148778.030905125197023,762694.477814284036867],[3148177.064628623891622,763941.75121258571744],[3148556.160708832554519,763386.764396961778402],[3149979.043879259377718,762652.349744819570333],[3149609.749353973194957,762455.705939554492943]]],[[[3148166.462778064887971,764281.872328297700733],[3147773.273760535754263,764548.402112043695524],[3147797.716854412574321,764615.458291972056031],[3147963.363388920668513,764650.623006841982715],[3148166.462778064887971,764281.872328297700733]]],[[[3145710.109305915888399,763840.339447186444886],[3145354.456471265293658,763944.262509308056906],[3145484.384954466484487,764701.403836307465099],[3146331.703837739303708,764957.0159162908094],[3145951.187969674821943,764628.817782770725898],[3145997.365727242548019,764057.409631307818927],[3145710.109305915888399,763840.339447186444886]]],[[[3153710.507761867251247,764349.122994898236357],[3153212.787680106237531,764094.945258886436932],[3153146.45580199547112,763529.634221316780895],[3153574.342040525283664,763466.981351176509634],[3153406.290890784934163,764006.531673621269874],[3153609.323033948428929,764143.339531722362153],[3154125.433313395362347,763862.25188343366608],[3154288.113990745041519,763447.110009955358692],[3154066.821259843651205,762971.44316348223947],[3153461.092716691084206,762649.092800756799988],[3153269.737988846376538,762075.191234430065379],[3152721.661669513210654,761831.077601462253369],[3151509.086766754742712,761859.628009587991983],[3151250.106343356892467,762868.306615506415255],[3150884.66947958432138,763346.218037880258635],[3151125.708248761482537,764334.503491815994494],[3151843.838914900552481,764863.219046033453196],[3153238.795476456638426,765145.650679989019409],[3154030.272264630999416,765055.539410782395862],[3153710.507761867251247,764349.122994898236357]]],[[[3158093.135602477472275,769329.775236677494831],[3160499.81860248092562,767257.767736739828251],[3166555.872402507346123,764532.992236815975048],[3171655.925702531356364,763196.738736861734651],[3176263.594602548517287,762477.552536887815222],[3182920.358202564995736,762127.859936897177249],[3190316.984102596528828,762138.699136912357062],[3198727.66710263537243,762521.86863690870814],[3205553.950002675876021,763157.287536900839768],[3206230.147402673028409,763532.227736896369606],[3206631.31170267239213,763152.06273690785747],[3208087.940302680246532,762584.916536921868101],[3210617.990402695722878,762304.078736934694462],[3210912.505202686414123,762581.19473692541942],[3212658.069302702322602,762355.340336927911267],[3214578.647602713666856,762434.410936934058554],[3215070.654102706350386,762775.720536925713532],[3216165.163002709858119,762690.04933694016654],[3216427.608202716801316,763258.939936917973682],[3216812.329802721273154,763195.99433692288585],[3217014.658902714028955,762863.728636926156469],[3217175.992302710190415,763094.369636919582263],[3217519.580302717164159,762887.765736926347017],[3217415.788802715949714,762136.865736949257553],[3218191.947702719829977,761434.818836966878735],[3219259.214402724988759,760821.07363698258996],[3220264.644802724942565,760551.340936984983273],[3220490.758502732031047,760704.961436987738125],[3220863.314302732236683,760353.50903699954506],[3221354.237202724441886,760305.094536998309195],[3221578.17870273347944,759783.854837010381743],[3222089.175202729180455,759391.037237023585476],[3222759.710602737031877,759307.871537022874691],[3223016.390402736607939,759640.567637019907124],[3223018.470702737104148,759090.163737031398341],[3223310.092502736020833,758650.33343704638537],[3223169.122602731920779,758390.986837062053382],[3224088.925302742049098,757280.465437085251324],[3226602.503502750303596,756267.619537114398554],[3226769.990102741867304,756758.395537099451758],[3226982.512402745895088,756643.120537092210725],[3227106.343702747952193,756955.265137092443183],[3227498.158802749123424,756546.239037098013796],[3227749.022802747320384,756603.071937101194635],[3227821.304502753075212,756408.418237106059678],[3228008.647102752700448,756605.652737106895074],[3228068.578202751930803,756328.069937111460604],[3228581.011702755000442,756302.543537105666474],[3228584.072902753949165,754979.92673714493867],[3229720.779802756849676,754060.863737169420347],[3230016.719302760437131,754043.489337175386027],[3230152.624702762346715,754289.591437163762748],[3230549.616102760192007,753771.990237171878107],[3230636.394402759149671,753165.920537195750512],[3231011.29240276478231,753072.638737191446126],[3230820.252202753908932,752506.933737205574289],[3231453.100702757481486,751786.577037231414579],[3231936.54100276529789,751824.268837226671167],[3231803.823002761229873,750368.792037268169224],[3232555.360202769283205,749489.533937289728783],[3234660.035702770575881,748539.019437319948338],[3238603.815202789381146,747367.291037356713787],[3238493.886769752018154,747029.00601409887895],[3238154.191153760068119,747275.502977857016958],[3237095.222820664756,747019.727498270804062],[3236468.969171687029302,747299.323309136671014],[3235425.740261044353247,746769.720562450354919],[3235992.107881296891719,745670.815981667838059],[3235960.721153400838375,744943.874465842731297],[3235693.11282175173983,744685.862227878416888],[3234438.309234852902591,744760.655411752057262],[3233794.105708427727222,744530.99460321944207],[3233790.370509047061205,743613.808939438778907],[3234433.613576143048704,741794.580483234720305],[3234954.054553342051804,741574.710615365998819],[3236003.764838083647192,741863.639312115381472],[3236859.44076063297689,741623.038611652213149],[3237031.56390916602686,741825.354791406076401],[3236001.585105989594012,742321.417276633321308],[3235289.868021216709167,742103.803609441965818],[3235177.357227988541126,742314.184429193031974],[3235912.311664062086493,742699.197167287347838],[3236985.583971626125276,742305.473722133552656],[3237014.319679184351116,742657.146703037782572],[3236377.887806449085474,743818.902541370829567],[3238049.898813121020794,743727.303570628399029],[3238186.070699166040868,744252.39537495363038],[3236162.998217751272023,745881.071909476653673],[3235912.355217104312032,746315.952837238321081],[3236051.409268085844815,746766.243214916088618],[3238101.849098414648324,746897.161205334123224],[3238420.299881301354617,746591.38722114067059],[3238896.054202787112445,747492.061037347069941],[3239772.844202791340649,747383.87173735210672],[3240234.287002785131335,747604.600037351832725],[3240895.480302795767784,747159.173937363782898],[3243934.275602807290852,746777.495737376855686],[3246966.269902821164578,746728.26653738738969],[3247940.673002820461988,747020.216237379354425],[3249283.655602818354964,746909.89623736962676],[3250574.160602833144367,747113.492637379094958],[3252033.589102840516716,746735.114737382740714],[3253812.334502843208611,746929.504237377783284],[3256806.850902856327593,746284.086937410756946],[3257492.551302854903042,745807.702137419139035],[3257788.062702857889235,745185.574537428794429],[3258673.617102863267064,744865.663837443571538],[3259288.17510286392644,743603.40223747829441],[3260050.63970287097618,742808.057937503792346],[3261069.066202866844833,739367.012437585508451],[3261677.494502861518413,738260.281637614709325],[3261567.147302858531475,737428.916637637768872],[3261817.405902869068086,736647.690137660014443],[3265121.030702869873494,733776.243437743047252],[3265140.548802870791405,732679.103937763604335],[3266042.144402867648751,730740.175337815540843],[3268566.27180286962539,728506.011437873938121],[3271867.326802891213447,726622.918537933845073],[3272054.517102883663028,726085.922337942873128],[3272923.444402885623276,725425.968237953493372],[3273094.868302891030908,725519.675737951998599],[3273330.99980288837105,725058.915237968671136],[3273771.553502892144024,724847.262137978686951],[3274000.147302894387394,725003.531037975335494],[3274082.827702887821943,724584.966737985028885],[3273814.671902887523174,724333.157838001614437],[3273951.778702897019684,723809.236238004057668],[3274875.753802891820669,722084.964038046309724],[3278600.996102906763554,719566.314138121670112],[3278335.344202899839729,719377.25543812289834],[3278237.465402902103961,718448.411938147735782],[3278748.305702896323055,715492.120638226275332],[3280241.650602897629142,712153.51433830964379],[3280660.758402901701629,710662.430038350867108],[3281520.434144479222596,709681.878989087883383],[3281269.17848269129172,709543.016243649413809],[3280843.974769822787493,709742.337677623494528],[3280697.690019480884075,710309.06654683186207],[3279629.209434851072729,711620.398599049425684],[3278493.136317243799567,711801.955382983200252],[3277987.524636180605739,710929.973394707310945],[3277001.20656966837123,710411.019046210218221],[3276478.153967187274247,708916.618768885033205],[3276338.791521806735545,707919.472968123154715],[3276903.363811471033841,706215.439070145133883],[3277308.9296656367369,706351.96403459564317],[3277434.506429159082472,707585.328255523694679],[3277825.881943105719984,707321.669963112915866],[3277998.294642653781921,706731.74674225167837],[3278207.345634435303509,707219.663476916961372],[3278514.705617727711797,706674.898975381976925],[3278917.913284990470856,706637.15708065207582],[3279481.399355972185731,705995.58296493277885],[3279934.58863169606775,705959.806887924904004],[3279215.205051621887833,707292.418308039777912],[3278952.937541118822992,708952.794925984810106],[3278518.152875974774361,709527.079863876802847],[3279055.087274354416877,710998.409422724274918],[3279966.116628217510879,710815.210549240116961],[3281350.135239993687719,709022.529003913514316],[3282425.971317906863987,708199.784015242010355],[3282616.547384495381266,708136.372546858736314],[3281357.218854097649455,709323.127056837431155],[3281856.381103537511081,709374.164860528311692],[3282905.427002902608365,708552.029238408780657],[3286303.957202911376953,706753.90133845678065],[3288614.884602926205844,705969.535938482731581],[3290901.12290293071419,705521.685338496812619],[3294391.242202946450561,705286.838738509570248],[3297299.877002953086048,705570.574238508357666],[3301210.288102970924228,706464.948038489674218],[3301144.933702978305519,707357.602438466739841],[3301186.626702977344394,707374.879338472033851],[3301222.51374604087323,706074.993628437514417],[3301741.307259103748947,705549.854106950922869],[3301824.294829794205725,705004.592988355201669],[3301065.676232753321528,702781.606698297779076],[3300629.621534079313278,703161.450767399859615],[3301006.977710061240941,703341.475852546864189],[3301328.757017255295068,704311.920035318355076],[3300830.569075895473361,704187.577764744055457],[3300317.641269110143185,702936.322212376515381],[3300227.404206352308393,702580.59050391591154],[3300720.912535116542131,702214.117142321192659],[3300600.266784313134849,701883.590117727522738],[3299972.675436087884009,702020.622603553114459],[3299820.572010994423181,701643.038260048022494],[3300388.072560388129205,701405.259756166487932],[3300342.385266827885062,700313.398224153206684],[3300056.440119455568492,699670.672214029124007],[3299692.135705158580095,699486.289336136076599],[3299368.889346699696034,700054.39253311813809],[3299265.123347781132907,701637.570359285105951],[3298562.265584504697472,701854.100600369856693],[3298284.489314992912114,701392.828523353440687],[3299033.020203651860356,701520.368412869051099],[3299018.94593843864277,701144.162853773101233],[3298649.274466360919178,701046.738056659],[3298391.204762663692236,700548.487998832482845],[3298204.079236460383981,700650.333450748817995],[3298057.715778357349336,700178.03782630560454],[3297362.296394417062402,700605.350739138317294],[3296440.204003790393472,700290.325530707719736],[3295844.126612559426576,701041.79601034312509],[3294922.67173496587202,700760.896868711221032],[3293769.196045917458832,700791.190048166783527],[3291913.895826111081988,701267.364768352243118],[3290841.69745921343565,700376.80025512597058],[3291725.69683117326349,699629.632525936700404],[3291522.954944900237024,699041.905134938424453],[3290516.120060208253562,699356.329170422512107],[3289911.580875815823674,700740.026147948228754],[3290269.714335281401873,699078.028227377915755],[3291668.634347966872156,698712.278280650498345],[3292113.787344357930124,698789.19283090706449],[3291759.930461692158133,699268.420390805229545],[3291866.012410007417202,699587.977617783588357],[3294113.2505172197707,700699.843994668801315],[3294974.537585241254419,700526.898335184901953],[3295717.218947540502995,700859.011023602914065],[3296241.232290744315833,699864.907782256253995],[3297511.854099318385124,700327.0878861034289],[3298041.740501262247562,699714.723659483483061],[3298978.420116750057787,700672.165316929342225],[3299152.35854494292289,700376.408927789656445],[3298872.752420179080218,699520.75544891145546],[3299201.874119522050023,698733.955778439296409],[3299744.680526782758534,698353.554771957104094],[3300197.585295710712671,698405.987271528807469],[3300581.86315146740526,698839.576402189675719],[3301560.815394553355873,697134.314700569841079],[3301546.145771639887244,695731.885508081060834],[3301067.056173623539507,694751.959320208290592],[3300502.222585905343294,694567.508326548151672],[3299231.168142943643034,695116.226149901980534],[3298368.060961205977947,695101.968126163817942],[3296791.607915772590786,693655.102701838011853],[3296565.484371073078364,692852.718002846231684],[3296738.604221342597157,692050.410366469994187],[3297137.377676258329302,691460.814295053831302],[3298520.704874351620674,690518.624728919705376],[3298472.743860503192991,690278.283429057104513],[3297656.091953770257533,690128.826586109469645],[3295907.483324907720089,690485.471010413835756],[3295391.717970073223114,690116.878437036299147],[3294935.595524485688657,688256.323460819665343],[3295856.146691972855479,685859.462899066507816],[3295600.238084173761308,685543.570409762789495],[3294154.421429868321866,684711.393418806605041],[3292313.927044230047613,684418.863793561351486],[3291066.542640263680369,684768.961845509125851],[3289165.560732994694263,685886.439992109895684],[3288612.648719852324575,685915.110961877391674],[3287917.556326169986278,685210.491290455800481],[3287462.078222702257335,683643.298465952742845],[3287713.588204480707645,684234.240572865237482],[3288001.984099357388914,681937.064301759121008],[3287411.119960888288915,680124.301873846794479],[3286993.232621255796403,679573.492806224152446],[3287722.792760568670928,678266.073079362278804],[3287165.295199678279459,676304.995266787242144],[3286255.276666215620935,675849.688752951216884],[3285336.11495567811653,676757.472172085777856],[3284766.25037974352017,676873.301022073253989],[3284295.082887477707118,676582.567091531469487],[3283916.815012851729989,675808.914959851186723],[3283561.458726529031992,675687.260123375453986],[3282749.667170450557023,676289.176260150503367],[3281949.940213550347835,676266.089923558058217],[3281692.294583784881979,675975.253151887678541],[3282214.436273036058992,676031.744728750549257],[3282039.095258651766926,675807.881469612475485],[3279194.942183492705226,674209.923443329404108],[3278228.133172017522156,673372.812742198468186],[3277760.052559645380825,673569.96901275543496],[3277475.193852421361953,674660.109652288374491],[3276672.063539757858962,673548.656857575871982],[3275611.14834554772824,673710.043756373808719],[3274912.137957587372512,674405.808810910210013],[3274527.906746208667755,674451.876882167416625],[3274054.56540651479736,673897.742013562354259],[3273968.947137570474297,673022.679879946983419],[3273455.132902656216174,673467.308232165290974],[3273049.293925849720836,673556.038317328318954],[3272596.896972764283419,672859.165700886631384],[3272298.588663209229708,672822.219509399030358],[3271350.138489588629454,673397.937593363458291],[3270991.878572765272111,673426.40656982047949],[3270569.969774025026709,673162.901451311190613],[3270463.677535057999194,672850.164208708214574],[3271383.782088948879391,672004.257291528163478],[3271089.155450316611677,671066.60913253785111],[3270425.97029152372852,671696.616049538482912],[3270314.798981729429215,671670.903907096362673],[3270628.611629675608128,670813.596990835038014],[3270550.294112130533904,670252.377060606726445],[3270327.247115422505885,670533.191958540584892],[3270121.970560391899198,670495.944273654604331],[3268893.368976460769773,668870.262407214264385],[3268266.097455340903252,669526.495609678444453],[3268027.270920574199408,669544.189801109838299],[3267446.412930940277874,668275.884168824297376],[3266630.13080842141062,668108.724716651136987],[3267041.615129196550697,667413.619236028753221],[3266854.508636604994535,667095.959268295904621],[3266555.120201935991645,667078.087810396100394],[3266658.924977581948042,667634.886484455200844],[3266389.057959204539657,667850.029884141404182],[3265305.054467753041536,666828.047633307636715],[3265213.281763017643243,666497.048499810160138],[3265275.75896119652316,666381.690627145813778],[3265871.729442729614675,666361.266062838374637],[3266435.996772881597281,665606.237141101853922],[3265911.571034931577742,665587.791190441465005],[3265630.311361691448838,665482.764070633566007],[3265928.269750759005547,664887.922185306553729],[3265321.712682838086039,664988.723082249984145],[3265591.029903689399362,664560.370716273784637],[3265139.643553402740508,664377.059803535346873],[3264992.715634074993432,664111.928070018184371],[3265229.251966568641365,663306.091879414860159],[3264957.069905664771795,662827.19121454784181],[3265034.995789174456149,662662.536380851059221],[3265317.666854868642986,663174.290277695283294],[3265072.468089006375521,664135.805257322266698],[3265644.696811421774328,664507.51882340607699],[3265433.13237207615748,664914.278159223031253],[3265951.774680285714567,664807.143380309105851],[3266035.579189509153366,665087.475889405701309],[3265713.690734731033444,665450.635718198493123],[3266553.975745762698352,665626.348917207797058],[3265951.521842944435775,666384.093685749685392],[3265278.095042636152357,666544.044095864053816],[3266431.71571027720347,667758.604363668127917],[3266474.876098836772144,667048.263117702212185],[3266849.968351985327899,666945.535342547227629],[3267177.383239089976996,667433.790408952976577],[3266712.583175520412624,668094.723665295983665],[3267275.451654077507555,668103.527350298594683],[3267574.403721432201564,668321.648431659326889],[3268122.476230596192181,669517.957088136696257],[3268659.18054157635197,668812.136123837437481],[3268914.953146509360522,668827.62936991895549],[3269921.536136663518846,669789.111560314195231],[3270224.749043757095933,670463.983743744669482],[3270379.090818536933511,670085.88905750203412],[3270654.338004045654088,670195.557378033990972],[3270737.915892394259572,670876.182807913166471],[3270368.160746327601373,671623.973595399060287],[3270830.804640457965434,671007.00943219626788],[3271119.384981164243072,670981.327661308809184],[3271505.863303367514163,671942.659216658910736],[3271333.827613583300263,672413.831619778298773],[3270570.620189048349857,672831.515755780506879],[3271034.395252788439393,673354.003851680317894],[3272312.201721204444766,672697.863498143968172],[3272714.823973543010652,672879.113251915085129],[3273105.50387693895027,673453.28793382155709],[3273995.475772922858596,672899.195065718027763],[3274204.90162352938205,673900.767033787094988],[3274650.133897225372493,674403.198987401789054],[3275557.689445570111275,673568.742539762170054],[3276491.951951961498708,673431.707574674976058],[3277105.325451056938618,673730.749062974122353],[3277486.757128233090043,674560.790349317598157],[3277630.65690622664988,673537.142345702042803],[3278338.432056967169046,673257.433934551780112],[3277269.710530706681311,672717.430503345094621],[3277381.531253435648978,672098.532604512642138],[3277590.075482505839318,671960.930840022978373],[3278301.436078405939043,672417.138391257147305],[3278764.148375281132758,672419.971311829751357],[3279374.712121817748994,671230.145434654783458],[3280374.048183884471655,671452.409086443250999],[3279726.98883709916845,669949.726652994868346],[3280814.011035556904972,667887.419371667900123],[3280438.519118547439575,667476.439308459521271],[3279379.823973884340376,667600.962559785344638],[3278758.552247000392526,667325.282356631127186],[3278401.397577281109989,666602.848736837389879],[3278263.473315906245261,664730.156107666320167],[3279110.111398457549512,663140.943268460803665],[3278449.595180009491742,662663.60839305294212],[3276234.460427386686206,662041.872303254902363],[3275735.315699286293238,661399.034020947292447],[3276011.91205736156553,661152.252038458827883],[3276625.72807228192687,661152.159736157627776],[3276975.572365425992757,661373.301744212512858],[3277137.422217298299074,661169.681645483942702],[3276360.136183198075742,660360.041338059469126],[3276219.035734338220209,659587.594303603982553],[3275045.308368858881295,658703.874580904375762],[3275721.333424661774188,657868.351806516060606],[3276045.304909070953727,656648.062242398154922],[3276102.535799257457256,655274.460634626215324],[3275871.697755613829941,654322.218808504752815],[3275388.390050102956593,654029.833153786021285],[3274662.131078076083213,654450.007001330028288],[3275338.862466565333307,655491.958387859747745],[3275137.456734300591052,656343.086832900880836],[3273942.882322591729462,657260.817848503240384],[3273534.738344749435782,657386.439043157035485],[3273117.349106161855161,657248.346512733493],[3272834.093153419904411,656543.465480898506939],[3273641.491261736489832,655402.021242695394903],[3273660.392766115255654,654665.171853718697093],[3273415.444818100426346,654161.874492514529265],[3272291.547210878692567,653481.596496412297711],[3271796.603627199307084,652762.772542678518221],[3271233.018601121846586,650889.337923809769563],[3271497.768385771196336,650015.95955187769141],[3272428.797994907945395,649746.102042435202748],[3270157.521771860308945,648783.905137590016238],[3268750.855945096351206,647610.934445417486131],[3268689.855039733462036,646317.395666826632805],[3270909.170481161214411,644797.63209409522824],[3271335.773322134744376,643946.746725928853266],[3271034.947694662027061,643340.845035617123358],[3269407.001278703100979,643118.247431395808235],[3268320.243989224545658,642677.617751420009881],[3267968.828044301830232,642267.859470706433058],[3267807.889259301126003,641184.518960161251016],[3268278.57642200961709,640020.854468421079218],[3268968.749606993049383,639360.893898830399849],[3272302.590370636899024,637632.285752841387875],[3273455.615457094274461,636361.125421498785727],[3273509.423715938813984,635462.682450526859611],[3272622.445728184189647,633970.063119473517872],[3272330.232644698116928,632775.447946408181451],[3269483.710693513043225,630125.751550651388243],[3269037.887957485858351,630261.517202794551849],[3268714.775074533186853,631469.372892185347155],[3267948.213202316313982,631724.015409352374263],[3266918.73144009988755,630097.682730093714781],[3265044.018423742149025,629396.691484955023043],[3263519.357125193811953,629769.445278707775287],[3261604.569753914140165,631859.062007720698602],[3260443.080558811314404,631789.751195082091726],[3259318.241871938109398,630921.136480272747576],[3259046.672350171487778,630429.086203994462267],[3258818.955461957491934,628374.14118989999406],[3259062.372582454234362,627024.279853516956791],[3259870.912892280612141,626270.964011861244217],[3260769.438076233491302,625910.881114016869105],[3260382.168684523086995,623997.227313088951632],[3259795.557225973345339,623748.947875252459198],[3259146.652261017356068,623935.548536610440351],[3258582.086669622920454,624791.560251091956161],[3257977.21875456161797,625268.492841550149024],[3256413.986582742072642,625238.480054433224723],[3255979.775283650495112,624748.727704398450442],[3255996.108918686397374,623848.053242026246153],[3255678.807836629450321,623291.186815803404897],[3254405.364403763785958,622389.078100953600369],[3252706.922055663075298,621887.107401671353728],[3251647.0542499627918,620533.932845898903906],[3251361.081988303922117,619452.777054339880124],[3251028.103283658158034,619570.361354216118343],[3250626.544537029229105,620222.738776873564348],[3249782.798656020779163,620937.035641285357997],[3248969.00229212641716,620499.801423783181235],[3248789.940524373669177,620789.875412748777308],[3249158.903818441554904,621325.681720293941908],[3249016.275869951583445,621617.753578906878829],[3248726.277628788724542,621011.433651043334976],[3248154.343860008753836,621152.833375090267509],[3248988.486541222780943,620400.7797713651089],[3249882.316573098301888,620729.50657066272106],[3251066.073435692116618,619360.220631481381133],[3251573.802415408659726,619452.496899566962384],[3251714.706195103004575,620462.657363141071983],[3252836.663825542200357,621594.429733807919547],[3254622.363556928001344,622301.757759553496726],[3255775.10401355382055,623133.634890250163153],[3256168.856039719190449,623671.052148098824546],[3256105.842784889508039,624530.94134459097404],[3256692.827851603738964,625180.05540146084968],[3257420.203117468394339,624947.804467462236062],[3258114.216268139891326,625076.20909300702624],[3258815.697497741319239,624029.168557251105085],[3259309.995051500853151,623720.06481676234398],[3260461.445561680011451,623726.402774479589425],[3260957.072508242912591,625696.63585439149756],[3261274.771161815617234,625202.492288038600236],[3260921.824459387920797,624405.093028127565049],[3261374.504800620954484,625220.586702937493101],[3260793.156842364929616,626150.700051186839119],[3259645.901419000234455,626730.437868126085959],[3259925.143399454653263,626371.322852300014347],[3259337.140441971831024,626868.265071334433742],[3258962.322899813763797,628070.172909313812852],[3259243.970437782816589,630491.135524051846005],[3260622.634136820212007,631524.820699949166737],[3261642.516077606007457,631635.875096896430477],[3263053.091854112222791,629828.692297370522283],[3264883.009438397362828,629161.595288122538477],[3266793.103728709742427,629676.451297910301946],[3268108.289739882573485,631558.363843007711694],[3268595.413089548237622,631374.994577512261458],[3268897.882937973365188,630077.743001419585198],[3269492.09109292505309,629976.108871783013456],[3270561.157780835404992,630527.765638875542209],[3272461.104221619199961,632482.814078004797921],[3273049.685918513219804,634358.25588054349646],[3273789.593922822736204,635392.396172309294343],[3273585.723320264369249,636482.080994893680327],[3272583.741499712690711,637749.279344620998017],[3268882.25656435219571,639756.357008920167573],[3268097.264137199614197,640961.39647207444068],[3268059.676587123423815,641785.563464597100392],[3268361.610226377379149,642404.569115054560825],[3271008.706392525229603,643138.97047200857196],[3271578.081768513657153,643660.873580206884071],[3271378.580033330246806,644700.576328363851644],[3268887.538481362164021,646367.122355405124836],[3268846.567678962368518,646840.493421946535818],[3269710.871637392789125,648306.336700980667956],[3272620.953137950506061,649457.302186076762155],[3272619.108029685914516,649907.915704827639274],[3271504.166560645680875,650129.329898714204319],[3271388.541534212417901,650810.601884805364534],[3272162.162842383608222,652934.959516837145202],[3273477.912295655347407,653953.343573196558282],[3273838.189811492804438,654625.844487340305932],[3273768.866664323024452,655573.10119146539364],[3273011.265443011652678,656515.931002497905865],[3273056.719613160472363,657007.359288863954134],[3273731.98193844454363,657235.070017028134316],[3275178.93079917691648,656070.111787422094494],[3275197.602300690487027,655545.598091264255345],[3274556.087996034882963,654543.693394418922253],[3274717.795605709776282,654152.814899880671874],[3275670.788474992848933,653909.659261496621184],[3276149.953929509967566,654489.198185227694921],[3276381.676411662250757,655629.745302858529612],[3276115.008258286863565,657566.476138260215521],[3275168.569563996978104,658748.407604800071567],[3276170.583678691182286,659347.221747422940098],[3276531.971306309103966,660420.379440899239853],[3277259.716036831960082,661026.996099006850272],[3276930.431871412321925,661495.851975618861616],[3276319.705629110336304,661245.734983715810813],[3275882.782176740467548,661444.809406779939309],[3276365.309411289636046,661937.436691613052972],[3278598.201739825308323,662497.356360064237379],[3279283.417207037564367,662951.037079639965668],[3278534.023528499528766,664395.87180481699761],[3278729.906569884158671,666747.722129076835699],[3279084.853938760701567,667307.80716444645077],[3280487.668157475069165,667292.006556655513123],[3280940.82482201512903,667656.706697633839212],[3280614.921352277509868,669114.05426394531969],[3280124.493511373177171,669585.266616025590338],[3279952.796670735813677,670138.567805313505232],[3280557.537786364089698,671126.183044954552315],[3280504.776614267844707,671585.456693494343199],[3280148.845973996445537,671677.206881690886803],[3279519.305304464418441,671314.043463009991683],[3279146.337259934749454,672304.824941739905626],[3278738.294008767232299,672655.652850588201545],[3277553.841952566057444,672146.864452769397758],[3277434.548523154575378,672690.389342111069709],[3278436.507582515943795,672875.693466875003651],[3278719.036142029799521,673393.357419300824404],[3279684.501554555259645,674177.412152203498408],[3282041.284999107476324,675357.437598753254861],[3282606.898441393859684,676155.493168353219517],[3282993.349725455977023,675564.979758580448106],[3283364.503808862529695,675412.200715653598309],[3284039.570108490530401,675640.992921869154088],[3284744.963804685510695,676596.755102939670905],[3285161.0995317180641,676559.570124792284332],[3285975.426536758430302,675707.598702960065566],[3287254.254037546925247,675884.819896281929687],[3288030.74007206177339,678146.463193871779367],[3287255.468337594531476,679601.468392828945071],[3287940.805667724926025,680468.651468864525668],[3288278.769160577561706,681715.521670067450032],[3288160.47778407111764,684286.193896982003935],[3288727.308876668103039,685684.947375754476525],[3289204.519326984416693,685650.648545872769319],[3290586.424669704865664,684532.701494038687088],[3292363.794706840068102,684114.575117870001122],[3294668.884801517706364,684492.077237729448825],[3296130.674075487069786,685143.288602250861004],[3296314.774050626903772,684778.894901008927263],[3296133.818673274945468,684467.560514233773574],[3294604.325958122964948,683687.334206957952119],[3294069.325820437632501,682816.113057134090923],[3294296.467700101435184,680301.766509442823008],[3294878.634316325653344,679148.538710405933671],[3295048.805955388583243,677568.975152718136087],[3295442.424066498409957,677067.01246120443102],[3296175.799770678393543,676736.0361431526253],[3298018.444259591400623,676897.519561861990951],[3299442.23892849450931,676332.646670401096344],[3301109.850728970952332,676684.061170590110123],[3301659.762197087518871,675678.852808049763553],[3302194.073577568866313,675535.990774002973922],[3303093.02724045002833,675765.659114703768864],[3303995.668844756204635,674505.617474972968921],[3303209.414180968422443,673231.288448962382972],[3303247.837414445355535,672796.019059547688812],[3304155.229292226023972,671861.7289804170141],[3304050.007073297630996,671342.572045509004965],[3303163.38347316486761,670049.359044358949177],[3303460.089073211420327,669704.645219406345859],[3304508.210274666547775,669554.827621564152651],[3304420.428573364857584,668523.185861984267831],[3304752.177724023815244,668205.696482387254946],[3305590.181535221636295,669057.646059530321509],[3305731.23521660361439,670029.585200989502482],[3307142.941241342108697,669877.711532278335653],[3307274.551816891413182,670173.097311434103176],[3306832.33640770893544,671060.564975030021742],[3307879.591968085616827,671549.601591081824154],[3308844.456874861381948,673597.879707327228971],[3311347.417847195640206,672572.968859514105134],[3311736.939859976060688,671933.594233789481223],[3312414.902434212621301,671486.075410311575979],[3313410.671018337830901,671784.926634547067806],[3314115.630826709326357,671514.282526592724025],[3315272.338744943030179,671634.495989368762821],[3316214.565578895621002,672205.522584425401874],[3317317.699983916245401,672372.661603157874197],[3318004.401561437174678,673027.221180076594464],[3318813.127204700838774,673114.372786768013611],[3319330.277135057840496,672845.457171865040436],[3319555.153907268308103,671619.321451711817645],[3320065.510150955989957,671237.65386337833479],[3320426.829514929093421,671471.846841810387559],[3320520.292019641958177,672617.371436211629771],[3321532.900706027634442,672228.282334361807443],[3324335.228166772983968,674313.468278227606788],[3324855.35147541295737,674408.082558000111021],[3325486.076573537196964,674121.045324022416025],[3325789.669658567756414,673450.499895912362263],[3325751.652612750418484,672647.0520439700922],[3323856.82266300264746,668814.243231261963956],[3323671.702319492585957,667526.094321400043555],[3323930.342414749786258,666565.221033681300469],[3324390.9851298276335,666805.758089998620562],[3324576.070380128920078,667467.869366245693527],[3324959.665061771403998,667754.735857111401856],[3325781.050436288118362,667629.317920291796327],[3326271.285101608373225,666983.235668638488278],[3326046.766271630302072,666555.813896019943058],[3324610.745928888209164,665667.18122719717212],[3323581.511952104978263,663651.68547117349226],[3324516.42435694579035,662080.862853163271211],[3324374.383151009213179,661534.305962714599445],[3323708.558016132097691,660742.723825286375359],[3323729.137422419618815,660393.270143309608102],[3325672.008062046486884,660373.281487459433265],[3326528.001885633915663,659887.334867625613697],[3328030.42507989378646,658438.165926179499365],[3328641.308725547976792,658275.168591320281848],[3327625.776568411849439,656660.611766047193669],[3327807.642291681841016,656133.743979337858036],[3329064.47701316094026,655020.309928586822934],[3329085.668880518060178,654483.614029504940845],[3328385.745653686113656,654240.638321193633601],[3327201.196216562297195,653342.139857366564684],[3326750.555644927546382,652299.999572461936623],[3326924.983734421432018,651909.843674746691249],[3327699.363292165100574,652157.231238152715378],[3328287.746680956799537,651742.306833631941117],[3328804.032307545654476,651698.607509334338829],[3330184.735985296778381,652672.217485840548761],[3330152.249946221709251,651768.629373171133921],[3330517.25198390847072,651126.636010377435014],[3331404.425794523209333,650542.376165997935459],[3332915.697627617511898,650183.63581280480139],[3332904.584290356375277,649957.510669814073481],[3331295.689201604109257,649033.061580797540955],[3331145.622665023896843,647997.016446960973553],[3330554.631799845490605,646808.978538074530661],[3330578.388981677126139,646196.264362220885232],[3330728.31868684804067,646004.930370564106852],[3331064.527360823005438,646025.426007972448133],[3332434.904996576718986,646973.367982999887317],[3333225.398765617981553,646131.911639788653702],[3335252.970721136778593,645742.479344284278341],[3335560.540806051809341,645222.079128725337796],[3333962.965553765185177,643684.941117668175139],[3333446.009871362242848,643528.280610370449722],[3332916.383346329908818,644209.467372670886107],[3332435.082780029624701,644305.272937008063309],[3331926.468719552736729,643611.176135523826815],[3331097.089355913922191,643235.003264214610681],[3331034.971980144269764,644044.760818695067428],[3330838.839552245568484,644383.646779058733955],[3330171.498944760300219,644456.248599192476831],[3329871.93078351393342,644224.502578637562692],[3329610.373424147255719,642969.256764953606762],[3328541.834178869146854,642202.870036759180948],[3328006.057217929512262,644236.245014435844496],[3327789.028800080530345,644498.567906580516137],[3327158.24290505098179,644585.550367695745081],[3326735.009405067190528,643495.746889666537754],[3326065.118082150816917,644018.183793007745408],[3325406.642493754159659,643928.08903853863012],[3325075.986052820459008,643595.409780132584274],[3324991.955350040923804,643126.471425519092008],[3325271.309770782478154,642029.188106339192018],[3324876.902091013733298,641315.953738713636994],[3324901.651167575735599,640904.691175102023408],[3327103.211111880838871,640737.893327406607568],[3327841.120807055849582,640131.444703606772237],[3327615.827124579343945,639516.527476923074573],[3327878.235501575749367,639732.896345316316001],[3327907.345683711580932,640285.765881981351413],[3327055.064045749139041,640922.132658290793188],[3326179.40307964105159,641094.562912443187088],[3325251.611300149001181,640912.904404614702798],[3324949.440495661459863,641145.082470026332885],[3325432.199610906653106,641650.263842328567989],[3325216.270316974259913,643565.824622624437325],[3325796.529228735715151,643901.709361081360839],[3326792.726455974392593,643373.966534076840617],[3327300.278770005796105,644493.938510285457596],[3327934.958898003678769,644156.913220599526539],[3328288.658105456270278,642249.73735353234224],[3328497.9611098729074,642100.075250092661008],[3329620.870479143690318,642806.648537055007182],[3330104.662469374481589,644313.939162138500251],[3330641.373957707546651,644346.432319212239236],[3330905.587370461784303,644112.090039473259822],[3330944.810464424081147,643275.928087708889507],[3331129.130158419720829,643123.669568900368176],[3331648.125713999848813,643243.582301220158115],[3332567.855643156450242,644176.209808606188744],[3333364.330639678519219,643435.235488126403652],[3333994.206775243394077,643573.780344944330864],[3335547.592603122349828,644808.555037131300196],[3335691.492516630794853,645318.267112827044912],[3335465.442569638136774,645742.321506913285702],[3333329.282790065743029,646263.371463106945157],[3332542.472524379380047,647067.18834550480824],[3331477.168722016736865,646664.549881111946888],[3330948.094000599812716,646093.46001770789735],[3330692.909753304906189,646178.005458867410198],[3330646.008216760586947,646739.36172426934354],[3331275.680427616927773,647916.839137160917744],[3331495.987573539372534,649032.185527248424478],[3332952.287788217421621,649797.17060760455206],[3332944.651549803093076,650335.707593057421036],[3331405.36151947453618,650717.849496225826442],[3330768.264415376354009,651116.900546645978466],[3330311.809779628645629,651815.392042328952812],[3330347.823940843343735,652669.084710179246031],[3330089.869115815032274,652791.514912545681],[3328623.280593931674957,651787.657201203866862],[3327908.949450574349612,652208.173496137722395],[3326949.111456303857267,652136.660561811644584],[3327251.551450683735311,653131.851440779399127],[3329207.343166148290038,654540.977266442612745],[3329064.335866018664092,655245.586204582941718],[3327780.732616239693016,656582.834594643558376],[3328584.154596040956676,657570.444896510452963],[3328766.486097848042846,658282.634009996661916],[3325877.971599378623068,660473.870497666066512],[3323804.857410551048815,660610.17208865203429],[3324443.669281437061727,661213.069989270647056],[3324701.915632519870996,661916.818379274569452],[3324518.353554275818169,662656.785739692859352],[3323697.241701648570597,663608.519623096799478],[3324606.417330386582762,665329.500021045212634],[3326433.790094092488289,666779.730221805395558],[3326134.019461693242192,667600.776238513877615],[3325120.162252639885992,667989.756613095989451],[3324499.558041235432029,667713.672489788616076],[3324007.912648569792509,666732.341618280624971],[3323895.866673298180103,667752.090985164861195],[3324324.531057329848409,669355.610815959982574],[3325992.764534686226398,672574.609672393184155],[3325987.28096994291991,673701.057710724300705],[3325731.26949832495302,674211.083231359487399],[3325004.364943774882704,674629.572282752837054],[3324113.422620881348848,674463.251070655300282],[3321397.58699475415051,672395.258563856245019],[3320797.794672490563244,672784.289579400443472],[3320462.725625468418002,672738.909949799301103],[3320144.108131271321326,672419.136426014592871],[3320289.460945466067642,671676.96444578433875],[3320081.616518378723413,671388.954550464171916],[3319651.399728167336434,671875.517395148985088],[3319522.698666349984705,672969.304384205490351],[3319152.743734980467707,673285.245743663865142],[3317943.358002690598369,673198.650749887223355],[3317158.131588138174266,672525.055208902922459],[3316164.297495502047241,672402.681220046593808],[3315522.208720073569566,671849.902052070014179],[3314456.677494281902909,671659.984176149126142],[3313833.069491445086896,671847.509513738914393],[3314333.741693993099034,671793.880815656739287],[3314478.465402574278414,671977.849983025225811],[3314402.961968278512359,672298.73088548972737],[3313976.7715631313622,672729.452948292717338],[3314060.994853266980499,672984.958733145846054],[3315860.381836180575192,673132.328655356075615],[3315822.665938600432128,673442.343790207407437],[3314979.397128766868263,674555.808542224229313],[3315919.910136410500854,675350.862035779864527],[3316351.279659343883395,675304.989796896465123],[3315952.982450638897717,675428.061752220266499],[3314931.71002946421504,674614.93550418689847],[3315735.827577451243997,673130.700976416934282],[3314055.473867166321725,673072.761058728210628],[3313845.560119684785604,672821.709367703064345],[3314322.815842041745782,672268.86502040096093],[3314348.173395226243883,671856.769265898969024],[3313436.164551530964673,671973.690403339802288],[3312453.266343689057976,671676.583042965852655],[3312014.609654472675174,671887.39671117591206],[3311323.028566077817231,672771.733591575874016],[3309669.716265048831701,673450.501683077891357],[3309987.990671364590526,673476.788157206727192],[3310458.535203373525292,674894.340471038827673],[3310329.574221808463335,675581.431836484582163],[3311295.323491781949997,674106.918470659060404],[3312556.768516256008297,674458.796682522399351],[3314275.533794123213738,675426.223132312530652],[3314413.882187097333372,676029.61498880374711],[3313972.996966770384461,676690.633650901145302],[3314063.010919324588031,676445.759069879422896],[3312271.898658588062972,677088.064781843451783],[3311198.825079095549881,678074.424571953248233],[3310607.437844614963979,677801.132316339178942],[3310442.396410000510514,678467.041275241295807],[3310214.549213655758649,677476.992745686322451],[3310034.356767377350479,677760.371354828355834],[3310088.336041343398392,676461.94340012408793],[3309531.608156043570489,676871.834453879157081],[3309420.931587442755699,677353.706381825613789],[3310102.512914365623146,678089.969801837811247],[3309411.816451392136514,677509.333846893510781],[3309413.936045697424561,677878.922331289853901],[3309995.341560096945614,678521.10650760657154],[3309715.730278381612152,678378.791863435064442],[3309635.221762717235833,678780.510243620024994],[3309439.950035446323454,677967.556558100506663],[3309339.516896815039217,678606.290452257031575],[3309339.420369972009212,677880.437882741447538],[3308989.906458454206586,677865.16911293764133],[3309349.861448600888252,677699.954584944294766],[3309455.276179509237409,676786.005716265179217],[3308980.510866611264646,676676.173392886761576],[3309081.688470900524408,677069.851016901549883],[3308920.588926698081195,676934.929378742584959],[3308721.340576661285013,677242.23568648903165],[3308905.346329476684332,676871.797236313461326],[3308496.356593099888414,676696.831778653315268],[3308343.64720119535923,677057.113595558446832],[3308465.864083114080131,676494.728257530718111],[3308094.10059219924733,676015.652682688552886],[3308410.258352463133633,676277.976770694018342],[3308770.096304853912443,676024.432507342658937],[3308473.318489568307996,676370.064202466863208],[3308820.586241581011564,676428.083696802495979],[3308530.315381683409214,676560.69463028316386],[3308738.595207703765482,676736.575959706562571],[3309207.927255808841437,676114.119410828338005],[3309434.977469828911126,676089.899177611107007],[3309077.212576095014811,676425.716142294113524],[3309320.823435823898762,676727.918577600736171],[3309765.110251353587955,676635.655587085755542],[3310113.022525042295456,676363.338870590785518],[3310092.19238400273025,676192.800314666004851],[3309932.669959364458919,676452.573468307848088],[3309809.862141278572381,676206.665113176684827],[3309885.426511105615646,675473.418471415527165],[3310196.326283083297312,675091.590900147915818],[3310165.869935360737145,676116.247665055561811],[3310375.042747179046273,674927.272391824633814],[3309929.54289582464844,673510.427119558444247],[3308674.861173433251679,673712.636669850558974],[3307730.998954436276108,671740.913722339551896],[3306651.318093641661108,671161.643500670325011],[3306973.196914999280125,669979.599975249962881],[3305661.504552419297397,670138.48880021891091],[3305469.146761454641819,669187.491018732311204],[3304744.119341646786779,668342.385628239600919],[3304522.451665232889354,668492.255642759031616],[3304662.165676284581423,669689.330202460754663],[3303325.053179242648184,670084.114690045709722],[3304227.721296261996031,671303.400582037051208],[3304318.83223472815007,671859.627249131910503],[3304037.736432886682451,672368.232933696825057],[3303399.208671622443944,672780.162446343107149],[3303459.233441913500428,673434.649186163209379],[3304141.020622858311981,674389.31601237389259],[3303328.199333033058792,675816.982899321941659],[3301902.270783329382539,675805.746445518452674],[3301565.188941698987037,675998.542681623599492],[3301113.363057963550091,676847.327681124676019],[3299403.787460292689502,676555.595059060608037],[3298221.872427522670478,677059.896344850771129],[3296540.547762533184141,676908.12644589447882],[3295611.381291007157415,677177.480861500836909],[3295174.627457462251186,677776.88048045989126],[3295101.70549102127552,679599.595389886875637],[3294330.281336253043264,682219.141573906876147],[3294391.941598089411855,683048.881883854861371],[3294677.168445670045912,683516.474503612611443],[3296224.81187186576426,684197.756208551931195],[3296432.194446832872927,684498.653015874908306],[3295601.441195499151945,687476.849500968120992],[3295764.916883272118866,688074.278912954730913],[3296461.614330250304192,688554.833504099515267],[3296594.900433687493205,689664.115174585138448],[3296917.654152890667319,690121.23117934691254],[3297938.156903920695186,689807.441677878261544],[3298788.518905769102275,690222.483631966635585],[3298856.834232312627137,690551.970904253073968],[3297625.374533491209149,692078.905232207500376],[3297448.118460392113775,692743.922473431332037],[3297664.208335517905653,693920.239542658673599],[3298214.933653999119997,694542.060549820889719],[3298789.752217899076641,694752.082916961051524],[3300946.312625761609524,694269.123971078079194],[3301520.600614346098155,694504.144897192600183],[3301799.107951376121491,695059.536577887367457],[3302127.651728122495115,696073.539050437626429],[3301918.080984766595066,697879.702342720353045],[3300958.847579927183688,699838.323704816051759],[3301836.669279646594077,703932.318761890986934],[3302268.249528259970248,704246.804095213417895],[3302292.074938277713954,702440.674225488561206],[3302453.766309554222971,702666.537931157159619],[3302675.420539165847003,702446.843675193726085],[3302652.53723734151572,702695.657212906633504],[3302757.838341244030744,702476.764979369239882],[3302941.441597926430404,702746.241400023689494],[3302955.381574450060725,702513.84760488208849],[3303099.667771955952048,702747.875947062042542],[3303615.850130597129464,702762.172180488472804],[3303907.46090000262484,702913.858584160450846],[3303872.723087789490819,703203.007601965917274],[3304167.138969746418297,703012.751083824085072],[3303858.655340429861099,703817.819979919819161],[3303293.438130700029433,703845.468012105673552],[3303287.411703119054437,703532.829952125437558],[3303182.169737928546965,703826.68327051831875],[3302819.886695246212184,703804.722386435954832],[3302671.749899524264038,703582.532101292978041],[3302416.439426126889884,705153.586969895521179],[3302112.49097060225904,705616.395827528787777],[3302400.650720533449203,706228.409843960427679],[3301497.440002971328795,707417.046238468494266],[3302228.73200297774747,706674.899738481151871],[3307680.161603001877666,707471.964238474844024],[3314049.473203029017895,709062.698838437907398],[3330832.679503105580807,714189.467538340715691],[3330951.360639972612262,713787.105153156677261],[3329923.985864019952714,712986.777834600768983],[3330331.234776948578656,711847.484220359008759],[3330534.509531168732792,711998.012475539697334],[3330229.840844644699246,712680.049586251960136],[3330968.963094242382795,711849.550337014719844],[3331059.390697255264968,710791.053437605500221],[3330855.332992068491876,710228.049687593942508],[3331259.649523733183742,709041.475911977235228],[3332436.803610574454069,708723.097296169959009],[3333769.095689354930073,709855.504896176978946],[3334297.453540783375502,709587.49417082068976],[3334714.776451701764017,708712.1397502834443],[3334825.147693001199514,708131.34766537474934],[3334373.866207723040134,705476.115957119851373],[3334505.505510763730854,704758.558487672707997],[3335065.905068218242377,703165.9925396485487],[3336386.645020437426865,702232.733906419482082],[3336766.506918379571289,701543.231646423693746],[3336473.332139618694782,700824.350939148920588],[3335221.94344185013324,699838.847257616231218],[3335249.015132049564272,699348.011594111449085],[3335699.708568133413792,698736.918976769084111],[3336734.728253118693829,698374.598627014667727],[3337709.0084602474235,697182.701921854866669],[3337499.596833047457039,695693.211684686364606],[3336966.044240983668715,694597.464048109948635],[3337417.430017745122313,693348.497462979401462],[3337141.929865433834493,691516.467894770437852],[3337559.046272222418338,691254.563549257582054],[3338257.594667909666896,691897.959702860214747],[3338931.795001451391727,691914.151890623965301],[3339237.91038807714358,691219.027810967643745],[3338992.482120539993048,690102.559607834904455],[3339226.985090684145689,689766.575448739575222],[3339599.888062191195786,689589.087208591750823],[3338857.219390512444079,688738.582666784874164],[3338640.012368124909699,688917.628539175027981],[3338582.099303093738854,689591.403538990300149],[3338312.619408826809376,689573.376229184679687],[3338099.130213679280132,688959.528295743046328],[3337464.123417125549167,688495.177551221451722],[3337691.859479689504951,687432.737595274695195],[3336877.143633789382875,687658.334249451174401],[3336584.240803080610931,686652.792439055279829],[3337117.449603089597076,686290.583439068752341],[3337152.92090308945626,685557.760839085560292],[3336861.644903084728867,685001.677039097994566],[3337066.251603074371815,684352.312839114107192],[3336808.887403082568198,683856.309339123545215],[3337013.584603074472398,682800.049139146809466],[3337608.854603081010282,681569.767339183948934],[3337343.026103078853339,680552.652039216132835],[3338037.326003072783351,679863.26883923530113],[3337729.971903075929731,679066.793739256681874],[3338357.179803078994155,678898.936639259336516],[3338011.361603075638413,678295.618539273389615],[3338212.98390307975933,677453.562139295972884],[3338050.570103076286614,676536.078239316819236],[3338814.354803077876568,676455.163139323471114],[3339253.911603077780455,676125.20793933654204],[3339996.321703073102981,676486.997939325287007],[3340050.725603077560663,676012.851539337192662],[3340294.476703081745654,675909.081439341069199],[3341203.100103083066642,676464.688139324309304],[3341370.943703087046742,676816.807639316772111],[3341854.249303088523448,676825.617539316765033],[3342354.164603087585419,676505.451139325974509],[3342314.665003090165555,677175.293939311406575],[3343350.439603096805513,677127.703039313666523],[3343364.054603095632046,676882.628939322195947],[3342855.036403093487024,676813.788039318285882],[3342948.441603094805032,676008.818639338598587],[3343464.88430308829993,675978.554439339903183],[3343489.793303092475981,675181.606739364448003],[3343971.815703091211617,674734.114939381019212],[3343908.066503095440567,674180.089139393647201],[3344582.308703096117824,674282.722139389137737],[3344310.776903095655143,673616.573139407206327],[3345259.38640309497714,673577.930339403799735],[3345301.366403097752482,674127.255839389399625],[3346399.382103103213012,673685.785839407704771],[3346729.776903106365353,673959.06873939675279],[3347542.614703100174665,673379.95703941595275],[3347708.823903103359044,673708.045439406414516],[3347310.496403102762997,673688.51913941046223],[3347590.11920310696587,674424.2163393861847],[3348105.269803105387837,673284.593239419511519],[3348375.42510310234502,673176.149639416951686],[3348532.618603107053787,673405.400939421029761],[3348272.463103109039366,674318.420239393482916],[3348838.400303116533905,673811.251039404072799],[3349012.140303106512874,674505.205739398603328],[3348469.086703113280237,674588.441439391346648],[3348618.486503119114786,675097.100039381184615],[3349537.482003112323582,675015.303239378845319],[3349880.076403113082051,674144.188239401439205],[3350432.442803116049618,674498.243339394335635],[3350684.998103113844991,674086.090939396410249],[3350386.933003111276776,673793.611339408438653],[3350473.445103116333485,673591.464739410206676],[3351017.565603121649474,673318.575739430496469],[3351322.480003112461418,673663.947639416670427],[3351757.836203118786216,673258.986339423339814],[3351650.038903117179871,672357.771139457006939],[3351463.660903117153794,672440.233339442871511],[3351513.511403117328882,672896.139539439929649],[3350822.360103119630367,672826.750839431886561],[3351057.606203117407858,672183.509839453268796],[3351591.045403115916997,671735.555339461774565],[3350662.685503117274493,671649.678639466525055],[3350579.760603114031255,671473.052939463290386],[3351098.087103117257357,670930.878039487637579],[3351808.914203115738928,670740.830239490955137],[3351731.724503110628575,670175.132839507423341],[3351204.343503115233034,669472.890639525023289],[3351483.301703116856515,669355.259639532421716],[3351520.13750311685726,669716.931839510798454],[3351763.915003114379942,669829.745639518718235],[3352525.077603120356798,669647.876839519361965],[3352367.898103118874133,669428.17833952291403],[3352032.057203113567084,669528.639239519252442],[3352365.215703108347952,668118.287239561555907],[3352062.003303115721792,667550.845739568700083],[3352840.551903116516769,666648.149239600053988],[3352836.852203118614852,666239.145339606329799],[3353779.522003113757819,665806.532039625570178],[3353780.89540311973542,665224.203339642845094],[3354408.307103116065264,665176.088539635413326],[3354168.293503113090992,664795.317039644811302],[3353777.132503116037697,664750.905639645876363],[3353932.083003115840256,664492.567939659464173],[3354660.851103111170232,664377.480539665441029],[3355093.812703126575798,664567.596039649564773],[3355585.907103115692735,664335.670739662484266],[3355340.651703113224357,664009.485439670505002],[3355857.797003121115267,663842.948339677648619],[3356069.513603117316961,664228.952339664800093],[3356685.598203125409782,664277.407939662924036],[3356766.543003120459616,664707.54943965387065],[3357096.393103125970811,664839.459839644492604],[3357737.269103130325675,664369.446239665849134],[3358048.140903129708022,665001.632239644997753],[3358273.015503131318837,664775.333639656193554],[3358998.605003132019192,664834.67183965141885],[3359175.435203136876225,664562.077239662175998],[3358837.175303137861192,664577.454939658404328],[3358846.082003138493747,664379.374039664631709],[3359131.548803135287017,664222.063839677604847],[3359602.296603135298938,664573.933239668840542],[3359453.341403132770211,664871.020639655296691],[3359702.114903142210096,665267.568439637660049],[3359944.357003138400614,665209.264439652906731],[3359769.444003134500235,664943.794439651537687],[3360174.360403134953231,664637.634539656806737],[3360584.653003134764731,665244.323539641336538],[3360560.99200314283371,664919.070639664074406],[3360890.299103142693639,665120.558639642666094],[3361364.442503146827221,664628.824039664352313],[3360895.221003137063235,664225.090839675278403],[3361367.453903139103204,663884.768539682612754],[3361480.131703144405037,663384.775239697773941],[3360977.000103143043816,663423.356239701388404],[3361069.898503145668656,662845.092139716492966],[3360579.527303139213473,663133.737239703419618],[3360016.398303136695176,662881.866439706645906],[3360824.148603137116879,662680.007439712178893],[3360385.467103132046759,661877.106039742124267],[3360738.948203139007092,661689.985039741848595],[3360898.26770313968882,661934.018739733844995],[3361105.524503133725375,660988.315839759539813],[3361600.640603137202561,660534.097139766206965],[3362150.013503142632544,660917.63043976156041],[3361658.993403140921146,661029.71663975296542],[3362075.816203139722347,661519.667339752544649],[3362752.700203138869256,661414.494839753257111],[3362713.75120313744992,660964.838839768315665],[3363026.293903142679483,661276.340739753562957],[3363822.718703148886561,661455.209139747545123],[3363880.361903148703277,661158.37663976137992],[3363655.376103148795664,660996.598839771584608],[3364032.103403149172664,660734.021439763018861],[3364129.710103152319789,661082.435139755834825],[3364470.170803151559085,660456.801139774848707],[3364912.356503152288496,660495.667539772810414],[3364776.960403149947524,660865.876839774427935],[3365053.071903152391315,660738.725039771292359],[3365296.413603151682764,661078.238239761441946],[3365785.426303149200976,660790.51013976871036],[3366160.602303160820156,661420.274439754197374],[3365981.895603147801012,660717.324639777420089],[3366547.728903153911233,660360.473139789071865],[3366306.540703156962991,659962.265439802664332],[3366647.385303160641342,659775.668639804702252],[3366733.721803153865039,659279.308739817235619],[3366818.15970315458253,659451.14133980195038],[3367053.567303156945854,659285.537639815825969],[3367724.908403157256544,660150.059839790454134],[3367928.379403162747622,660078.747139797545969],[3367745.429603161755949,659663.055839803186245],[3368318.973703168798238,660072.74573979654815],[3368528.184003167785704,659802.615839801146649],[3368347.052803162485361,659114.752139817224815],[3368617.832903167698532,658254.284339845646173],[3369293.358203165233135,658076.596439853077754],[3369555.923503168392926,658368.789739832165651],[3369373.014403164386749,658617.669339838903397],[3369985.217403165996075,658694.230739829363301],[3370075.559303164016455,658934.139239826472476],[3370500.307603167369962,658904.111339826369658],[3370764.631503171287477,658548.674639843753539],[3371126.134303175378591,658828.178639838588424],[3371041.247003166936338,658471.180039842496626],[3371230.158103177323937,658328.229039848782122],[3371496.203303172718734,658482.643239842145704],[3371441.510503171943128,658756.768739834078588],[3371689.722703173756599,658540.018939845496789],[3372046.622603171970695,658822.441339838900603],[3372040.25930317491293,658261.822239838424139],[3372539.276303175836802,658323.805039856117219],[3372958.874003173783422,656864.993639884516597],[3373140.280603168997914,656931.352439884329215],[3372887.628103178925812,657520.169339872081764],[3373450.262703181710094,658061.719939857022837],[3373693.95370317529887,657910.643639862537384],[3373981.845853187143803,658181.313239853247069],[3374302.298103190027177,657985.503239857382141],[3374218.085203178226948,657784.172639866010286],[3373808.457003179937601,657806.114239867310971],[3373825.487903175409883,657169.643539882963523],[3374177.781403185799718,657555.565539878443815],[3374344.483003180474043,657165.282639879384078],[3374412.012203177437186,657475.133439869387075],[3374619.708103185519576,657478.347639873973094],[3374775.641003184020519,657059.421239890041761],[3375737.60600318107754,657556.595939867314883],[3375638.904303180985153,657088.672239889390767],[3375370.056303184013814,657076.83033988205716],[3374900.453903185203671,656287.085939910029992],[3375093.971203180961311,655618.83593992353417],[3375406.255603182595223,656115.564839918981306],[3375558.333503181114793,655929.55043991911225],[3375394.187203181907535,655470.819339927053079],[3375005.457403184380382,655380.372639926034026],[3375456.616303181741387,655071.708339940640144],[3375676.412403176072985,654232.165239958208986],[3376027.930803180672228,654506.418739956570789],[3376546.301003179512918,654255.353739961050451],[3376882.476003190502524,653402.234339985530823],[3376144.891103181056678,652931.91553999169264],[3376075.991103172302246,652653.100539999082685],[3376393.776103182230145,652131.823740018182434],[3376807.86220317799598,652793.176840005209669],[3376675.288203176110983,651669.076340023777448],[3377047.753503182902932,652145.555740012438037],[3377661.369303179904819,651775.457040026201867],[3377692.089403186924756,651438.770440038177185],[3378629.66100318916142,651238.090540033299476],[3378856.790803185664117,651379.270440038992092],[3378893.066503189969808,651584.91334003675729],[3378741.858603193890303,651461.81374003412202],[3378763.669803188182414,651761.691540022613481],[3378510.736503195017576,651824.858740030787885],[3378078.575503186322749,652603.917740013101138],[3378730.546603186521679,652332.000440014759079],[3379273.794203196186572,651559.407240036060102],[3379222.149103188887239,650250.427840067190118],[3379819.724703184328973,650137.17854007484857],[3380271.959903187118471,650538.729140053852461],[3380133.308903188444674,649874.07334007404279],[3380405.482203181833029,648588.824540111818351],[3381096.360303187742829,647911.855640136054717],[3381293.450003195088357,648052.010140130645595],[3381084.443003191612661,648347.91384012135677],[3381718.779003193136305,648406.763140118098818],[3381967.051103193778545,648281.445340122911148],[3381950.851103188004345,647687.770940141170286],[3382786.003503192681819,647601.38544013898354],[3382452.667103195097297,647477.619240145897493],[3382882.63390319654718,646487.144840167253278],[3383537.594203197862953,646579.088940177345648],[3383567.98430319968611,645839.038640184677206],[3384871.013603201135993,645463.218340198975056],[3384884.2180032026954,644753.105940222507343],[3385215.358203201554716,644347.240740237408318],[3385423.35790320392698,644388.317440232844092],[3385487.130903206765652,644887.910790230147541],[3386068.810703203082085,644408.895040228962898],[3386560.250253206118941,644465.645590229076333],[3386697.791053208056837,644751.751190226757899],[3387149.13925321213901,644465.554190231487155],[3387828.997853212989867,644681.691990226972848],[3388154.294703213497996,644400.722590238088742],[3387920.235453211236745,643922.359190243529156],[3388598.615653215441853,643823.870990255498327],[3389148.027303216513246,644472.281640236848034],[3389592.516303217038512,644588.801990238600411],[3389796.710753217339516,644278.823840243159793],[3388993.129503214266151,643413.53084026707802],[3389365.219053215812892,643133.630840262514539],[3389248.341703219339252,642622.798240281990729],[3388700.37050321046263,642668.897640285198577],[3388470.326303210109472,641925.865840298123658],[3388425.069403204601258,641575.5614403039217],[3388732.138303205370903,641342.640440319548361],[3388584.310603208374232,641080.597740322933532],[3388818.109103205148131,640056.582340353168547],[3388218.882903203368187,639549.25654036377091],[3387543.174103201832622,639447.369540358777158],[3388772.695203211624175,638921.384440381429158],[3388860.27820320148021,638547.027340388623998],[3388388.72190320584923,638505.973940389696509],[3389052.021503197494894,637722.196540409466252],[3388336.819403200410306,636956.99774042761419],[3388327.026503201574087,636406.725940440664999],[3387815.023703192360699,635478.686140464968048],[3387986.346503192093223,634844.622240478172898],[3387557.242703193333,634438.99854049179703],[3387654.887103198096156,633885.264740504208021],[3386753.348403182346374,634072.032940501230769],[3386485.453703180886805,633736.06504050840158],[3386594.502203184179962,633548.011940515832976],[3386803.622103187255561,633791.639840504853055],[3387100.344103187788278,633743.456240512547083],[3387166.399603188037872,633505.185940516879782],[3386891.901203186251223,633247.120240521617234],[3387192.080103194341063,633036.262740524252877],[3387346.689303188584745,633477.544340522261336],[3387973.799203191883862,633426.21134051354602],[3388154.879003191366792,632989.986040529212914],[3387511.94440318737179,632716.810140538378619],[3387246.986203185282648,632416.935440549976192],[3387393.314903188962489,632079.623140556970611],[3387146.5677031846717,631950.423240557429381],[3387488.411603193730116,631639.39094056293834],[3388016.767403184901923,631637.827740560984239],[3387926.93980319192633,631295.746140571311116],[3387189.767203181050718,630907.011540579376742],[3387176.954303185455501,630613.371740592177957],[3386772.500203182455152,630827.606440591043793],[3386469.064803181216121,629386.150240626186132],[3386171.448303169570863,629400.085240623448044],[3385995.493503176607192,629056.580140633042902],[3385719.788303174078465,628968.367940639378503],[3385393.554103181697428,629331.675440622260794],[3385135.625903173349798,628906.053940627723932],[3384969.332003174349666,629340.611640619463287],[3384340.6481031794101,629294.216640621656552],[3384344.938003174029291,628446.811240639304742],[3383761.636903167702258,628268.059440644690767],[3383300.183603167068213,627519.417240665061399],[3383513.598503161221743,627211.94894067326095],[3383378.105503161903471,626545.042940689367242],[3383229.108403161168098,626357.652840688242577],[3382997.822003162931651,626517.046040691202506],[3382934.83590316073969,626054.976540704024956],[3382220.635703156236559,625610.380640717805363],[3382597.329303158912808,625021.073940733098425],[3382832.566203159280121,625039.095940729486756],[3382785.734403149224818,624727.641040742746554],[3383542.94900316093117,624423.990740748355165],[3383579.94140316080302,624110.192940758657642],[3383423.910203155130148,624382.097440746845677],[3383292.972803163342178,623960.893440759507939],[3388906.276803171262145,620443.596140852081589],[3388227.535703171975911,619688.068540871958248],[3387864.60580316837877,619604.75464088039007],[3388338.98160316888243,618220.42974091519136],[3388960.389303169678897,617857.618040919536725],[3389865.745003164745867,617742.894940932048485],[3390126.76230317633599,618827.010440897778608],[3390750.732203174382448,618779.788440901204012],[3391921.565703181084245,618094.619840920902789],[3388871.012203159276396,615256.635540996212512],[3386111.258403152227402,614568.461741004837677],[3386486.031403145752847,611272.356641081860289],[3383605.734103132039309,610997.352041088743135],[3383041.815903130918741,610068.944941119058058],[3380707.196503126528114,610168.155141112743877],[3379994.296503119170666,609876.594441120047122],[3378671.934303117915988,609847.424741117050871],[3377698.94280310627073,609367.431441122316755],[3376846.559903109911829,609313.444841120392084],[3375942.685503100976348,608784.511041141930036],[3374895.204403098206967,609442.892241119523533],[3373264.25990309426561,607852.494841157924384],[3372988.129903089255095,607813.461441161576658],[3372947.116803093347698,608402.08494114887435],[3372546.607303090393543,608761.886341138160788],[3371849.389703085180372,608664.50214113900438],[3371812.86150308419019,607992.757841150509194],[3371435.713703076355159,607514.272641160176136],[3371701.703103083651513,606935.732641176669858],[3370285.995103075169027,604482.096641243668273],[3370150.398503072559834,603570.218041267362423],[3369489.073503062129021,602996.83114127558656],[3369548.60740306135267,601004.782441325951368],[3368280.286403054837137,600981.661541332607158],[3367784.280803055036813,600472.572541341301985],[3366013.705103046260774,599831.639841364230961],[3365941.387003048323095,598474.633141393307596],[3365142.307303039822727,597886.130141398403794],[3365489.720103048253804,596831.841541433124803],[3252960.165502614341676,597160.736541243852116],[3252882.212702619843185,598303.458641211385839],[3253679.692902617156506,598574.700841203448363],[3254084.421702621970326,599424.459641182096675],[3254087.068802628200501,600996.398641143692657],[3254586.508002629969269,602021.610841114073992],[3254100.322102627716959,602648.671041106106713],[3255276.914102626033127,603703.779341071262024],[3255528.255102627445012,604226.72844106098637],[3253953.2109026289545,605434.48614103673026],[3254198.017102628014982,606718.679340986418538],[3254729.028702641837299,607631.847040968481451],[3254409.446102635469288,607855.992740966496058],[3253488.257002630271018,607435.421640977147035],[3253224.363202634267509,607635.664440964115784],[3253275.664102630224079,608127.952940954477526],[3253849.61480263620615,608667.629740945063531],[3254636.454002638347447,608614.341040942934342],[3255041.55940264230594,608919.175640936708078],[3255971.187702642288059,609092.985640936181881],[3256065.867402639705688,609390.365340926218778],[3255722.126802648417652,610297.476240905816667],[3254608.880202637985349,610907.862540880334564],[3253504.992702640593052,610546.681240889243782],[3251781.512602627277374,611663.75594085897319],[3251186.430202633608133,610951.861940875416622],[3249863.921702625229955,610349.839940898818895],[3249303.153402612544596,610489.541740885586478],[3248245.455602618400007,611260.542640864849091],[3247552.123902617022395,612478.264840831630863],[3247073.223902605473995,612078.125340843223967],[3235657.765502578113228,616173.476040723035112],[3215666.486602534539998,640602.803040057653561],[3215697.183402533177286,641245.915140046738088],[3215046.314202532172203,641205.656440046033822],[3214488.866002525668591,640497.497940056724474],[3214192.239602531306446,640697.730340049602091],[3214147.215002538636327,641224.962340033613145],[3213433.74510252289474,641302.846340034506284],[3212934.493602528702468,641718.334840020048432],[3213013.026702524162829,641966.053540015942417],[3213835.83520253142342,642037.048340023728088],[3213679.08100252551958,643026.271539988112636],[3214577.570702529512346,643078.842639991664328],[3215360.453802534844726,642754.690439993864857],[3216096.110902540851384,643233.847039990941994],[3214955.91640253784135,643559.958139976137318],[3215568.209502538666129,644072.183839961769991],[3215499.496702536940575,645031.304239949095063],[3216009.578202540520579,645489.05773993046023],[3216585.361902548931539,645261.247039939509705],[3216733.794302539899945,644302.483639960060827],[3219199.895102549344301,644903.081539949867874],[3219907.252402558457106,645510.878039937582798],[3220325.863502561114728,646620.367639908683486],[3220689.379702559672296,646547.532739914138801],[3220748.798902566544712,646030.898439919925295],[3220984.965102561749518,645883.111039926763624],[3221239.276502562686801,645949.77493993123062],[3221590.179602564312518,646736.145739906351082],[3221964.70890256203711,646700.323239908670075],[3222224.546802573371679,646190.826339927501976],[3222352.821502568200231,646312.447939917794429],[3222284.012802572455257,648565.671139859594405],[3222554.551802565343678,649208.605139838531613],[3222241.17890257993713,649623.281439829152077],[3222492.067702577449381,650074.245039815548807],[3222874.085902580991387,650226.958539822720923],[3222744.215502574108541,650801.792839805595577],[3221907.078802569303662,650869.889639796339907],[3216510.052002563141286,655845.212639659992419],[3216480.472402565181255,655559.675539667252451],[3215075.50140255689621,655138.227439679321833],[3214473.249302548822016,654561.876939699752256],[3213989.11360254464671,655668.346739667118527],[3213312.485602549277246,655879.648639659630135],[3213456.179602546617389,654947.815339678549208],[3214026.587002544198185,654135.018239709082991],[3213903.435802547261119,653424.909639716846868],[3213634.088902542367578,653212.140239728265442],[3213058.186202541925013,653226.29263973061461],[3212334.247802538331598,653724.978939708322287],[3212281.575902547687292,653040.882039720658213],[3211564.44400253193453,653118.500839728279971],[3211001.225902537349612,652613.47063973871991],[3211093.841202532872558,653051.099139728699811],[3210580.196002536453307,653690.037039711955003],[3210361.621902529150248,653660.000839709769934],[3209912.50860252417624,652406.589039747253992],[3209143.605002526193857,652098.333539746934548],[3209558.317502525635064,650855.110539786401205],[3208492.880802523344755,650852.146839783410542],[3208512.699702520854771,650284.734439798747189],[3208056.272602521814406,649510.036539824912325],[3207271.853402514010668,649488.848039814969525],[3206727.417602507863194,648247.19553984340746],[3206131.688302509486675,648174.838639847585],[3205692.415302501991391,649180.271039825747721],[3204881.736302503850311,648705.757539829355665],[3205124.444002503994852,648257.634139844099991],[3204907.191602502018213,647834.682539857574739],[3203186.941102500539273,647956.114739842480049],[3203023.451102489139885,647439.948039861978032],[3201232.620402478147298,646780.457739875884727],[3200391.818802485242486,645404.099839912145399],[3199581.162502482533455,645396.49443991354201],[3199180.207702474202961,644412.451439936528914],[3198847.102602469269186,644429.972639934509061],[3198770.578102482482791,645093.662739916355349],[3198514.6540024750866,645326.557639907114208],[3198255.752902473788708,645196.048539916868322],[3197974.870302469935268,644435.912339925183915],[3197216.889502470381558,644780.871339919045568],[3197130.379602472297847,643569.330239952891134],[3196353.44090246129781,643374.270739961531945],[3195161.935002454556525,641838.665840000961907],[3194098.419202455785125,641937.164939996553585],[3194330.515502453781664,640620.199940025107935],[3193481.999202449806035,640311.588240037090145],[3192360.129302442539483,640309.941740032867528],[3192458.591302447486669,639762.370040041743778],[3193439.026802442967892,639257.618940054322593],[3193497.548502448480576,638952.878140060696751],[3192702.2240024455823,638786.045740068424493],[3191809.640802437439561,637927.276240090141073],[3191906.582302441820502,638713.054540070705116],[3191226.227202438749373,639459.306240055826493],[3190781.396902430336922,638877.664940069196746],[3190097.417902433313429,638656.640340066049248],[3189848.422602428589016,638287.517240072716959],[3188935.156902431510389,638122.564240088802762],[3188834.202302425634116,637842.42734008631669],[3189408.736402425915003,637639.869140096358024],[3189343.477902425918728,637434.839340102276765],[3188144.97090242151171,637497.84104010113515],[3188101.416702416725457,636859.313140112906694],[3187429.954902414232492,636572.453740121214651],[3187865.673602419905365,635731.014640142675489],[3187402.000602423679084,635835.8173401405802],[3187049.964602408464998,636403.78424012218602],[3186911.991002415306866,635942.547840140177868],[3186407.649202410131693,635775.142240142682567],[3187086.726502411998808,634864.049840157153085],[3186386.932602408342063,634137.272940183524042],[3185777.954202412627637,634237.943440186558291],[3185549.015202403068542,634624.615440171328373],[3184897.676402408163995,633884.802440179511905],[3184377.192802406381816,633775.517340189777315],[3183875.437202407047153,634335.143640168826096],[3183475.174702401272953,633002.395140206674114],[3183219.480502393096685,632955.317040210822597],[3182505.126202387735248,633453.570740193827078],[3181517.732402389869094,632679.220940216793679],[3181635.784002388827503,632057.824040227103978],[3181432.51980238687247,631891.969740237458609],[3180689.19630238506943,631560.860940248006955],[3180321.245402382221073,631922.145540232420899],[3179706.177502386271954,631838.919640234438702],[3179412.267902380786836,631473.539040241856128],[3179308.696102373301983,632472.435740211512893],[3178847.296102379914373,632545.691640218021348],[3178665.861902381293476,633035.15414020663593],[3178377.297602380625904,632577.209340212284587],[3178637.640902379527688,632106.138840230880305],[3178502.304102378897369,632009.321840229677036],[3177591.978002377785742,632288.337740219314583],[3177130.424102374818176,632078.736840229365043],[3176334.844002373050898,632816.750440204632469],[3176019.492602373473346,632639.265440213028342],[3175269.27220237115398,632864.358540199697018],[3174502.264802356250584,632576.523640209343284],[3174187.80920235812664,633039.769840197870508],[3174188.759002363774925,633575.585440187482163],[3173415.004502363502979,634062.390040162717924],[3173408.663602352142334,633578.615940187242813],[3173887.913702364545316,633064.390340191079304],[3173931.720902362838387,632431.010840207338333],[3174278.616002356167883,632100.13954021630343],[3174112.891102359630167,631822.027540223789401],[3172930.155602356418967,631651.829340230557136],[3172387.872002355754375,631245.552540240110829],[3171439.428902352228761,631033.401340243523009],[3170761.689902346115559,631032.413140247459523],[3170233.541502345353365,631389.473340233438648],[3169522.56030234368518,630623.670240253210068],[3169670.410202343016863,629970.671040266519412],[3168762.913302337750793,629651.871540271444246],[3168482.893102332483977,629226.342340292059816],[3168029.526402338407934,630065.287840262055397],[3167978.466402331832796,630901.2026402419433],[3167798.249502328690141,630938.277240244555287],[3167753.933402332477272,630656.242640253389254],[3167254.454202331136912,631107.715040233801119],[3165997.64690232090652,631058.801740240771323],[3166457.124002332333475,631887.548440219368786],[3166270.096702332608402,632512.064140199916437],[3165609.145102323964238,632787.021840192843229],[3166013.660302329808474,633392.431640178430825],[3165361.543702331371605,634889.118540137656964],[3165610.010302332695574,635672.350840116734616],[3164890.620402325876057,635358.694240114768036],[3163662.44170231744647,636469.266840093652718],[3163390.580002319999039,636186.297240092535503],[3163047.082902327179909,636488.147340088733472],[3162186.933502313215286,636293.326140093267895],[3161522.535402323119342,636737.82404007576406],[3160823.2725023124367,636644.054840088123456],[3160543.4131023096852,637276.224240075796843],[3160778.343202309682965,637861.765340049169026],[3159673.426402312237769,638182.644340044120327],[3158680.970202307682484,638183.575740046449937],[3158490.17260230332613,637954.81864004174713],[3158546.083902302198112,637394.134640053031035],[3158898.101702312938869,637251.484440059633926],[3158682.279502303805202,636293.84964009153191],[3158283.042802303563803,636261.508740089018829],[3157474.315402300097048,636802.275840069632977],[3156991.704102301038802,636827.501740074949339],[3156941.794302300550044,637928.748340041609481],[3157349.65750229684636,638533.019540033652447],[3158129.531302304472774,638448.312440029461868],[3158297.982202305458486,638177.230740041588433],[3158876.980102313682437,638737.171240031253546],[3158861.866902300622314,639015.149640020215884],[3159780.296602317132056,639083.210540017695166],[3160259.164802312850952,638835.130340024130419],[3160146.741802317090333,638344.667240042472258],[3160517.871502318885177,638531.882740043569356],[3160539.788502320181578,640270.448439987841994],[3160462.092202319763601,640520.308539984980598],[3159484.98870232142508,640693.646039981977083],[3159569.002202313859016,642148.577339936629869],[3159220.221602318808436,641982.486239938531071],[3159115.652402316220105,641527.14053995301947],[3158830.208502314053476,641616.176639944431372],[3157841.61350230127573,641162.087239962769672],[3157715.342002303805202,640822.457039978937246],[3157262.342902303207666,640995.281239967909642],[3157005.284602300729603,641731.103039948618971],[3156547.997902310453355,641939.686039943015203],[3156948.012802304700017,642541.008039916167036],[3156680.800702307373285,642901.087339919176884],[3156191.674302305560559,642784.07993992313277],[3156081.012802306562662,643044.298239910043776],[3155399.283902300521731,643007.374539916520007],[3155359.509502297732979,643278.558339909650385],[3155049.187302298378199,643072.72223991190549],[3154254.880302295554429,643441.545339902397245],[3153931.365402292460203,643957.276839882950298],[3153385.621902294456959,644219.488339875824749],[3153101.009802298620343,644973.413339851424098],[3152747.334402293898165,645132.726139849168248],[3152736.542902300134301,645646.088139844476245],[3151786.722602291963995,645847.613539829850197],[3150862.851102289743721,646603.553739813272841],[3150194.02830229094252,646834.864139808807522],[3149812.863702291622758,647687.605339782079682],[3149740.545102288015187,648734.54863975441549],[3147157.741602276451886,648881.794339745421894],[3147367.804302278440446,649244.207839739276096],[3147255.7441022740677,649752.597439726232551],[3148417.236902279313654,650322.433039718307555],[3149041.436102279927582,650200.8732397146523],[3149417.905302281491458,650377.927239712909795],[3149431.492502285633236,651516.333239685976878],[3148079.281502278521657,651385.913439685828052],[3147650.298502286430448,651202.355039694230072],[3147419.35330227855593,650677.211439707665704],[3147100.674902281258255,651407.946839686948806],[3146432.954302280209959,651535.786639678757638],[3146232.826902274973691,651960.573639666545205],[3146381.932902274653316,653199.64863963064272],[3146695.653902281075716,653787.461639621062204],[3146507.80250228382647,654297.210839611245319],[3147176.57670228742063,655064.645239587174729],[3147123.107102286070585,655595.919239571550861],[3147954.148802293464541,656371.352539556450211],[3149889.437602294608951,656733.997139551094733],[3149916.895502295345068,657624.521239526453428],[3149512.510302299167961,659183.921339480788447],[3150864.54650230333209,660230.762439461890608],[3151062.060702307149768,661709.933239425183274],[3151451.074502315372229,662502.527539406670257],[3150412.633702308870852,663935.092139363288879],[3150358.039102309383452,664552.116839347872883],[3150687.877702309284359,664771.875239346874878],[3151270.567702312488109,664563.655839356244542],[3156087.79120234074071,676448.201939051155932],[3151721.397402352653444,696073.344238545978442],[3143875.190502320881933,696470.123338516103104],[3143193.222302324604243,696766.387038508779369],[3143256.612602323759347,698084.036838477128185],[3143006.991302325855941,698265.334338464192115],[3142223.082802327815443,698077.536838474916294],[3142262.053302318789065,697000.586338505381718],[3141895.516302316915244,697187.490438497974537],[3141862.790302313864231,697578.329638493363746],[3141559.898502315860242,697321.791938491282053],[3141271.405702315736562,697425.684438494034111],[3141082.023202314041555,697018.163338498328812],[3140731.29060231288895,697574.10243848443497],[3141139.472802318166941,698092.558638472226448],[3140598.837902312166989,698653.750238459208049],[3138872.586002309806645,698938.516238448093645],[3138292.148102313280106,698603.517538456129842],[3138380.433802305720747,698156.46813846193254],[3137904.376602300908417,698024.809638477279805],[3137698.887702303007245,698302.512538469396532],[3137451.544402297586203,698254.379338467027992],[3136960.242302289698273,697712.199338481179439],[3136364.249902294017375,697624.951538478839211],[3135986.082602294627577,696945.606038493220694],[3135493.030702292453498,697708.522238478646614],[3134937.992502293549478,697895.963238463969901],[3134495.682502284646034,697729.9440384702757],[3133992.236702280119061,697018.77723849134054],[3132967.910502277314663,696727.960038500721566],[3132338.509102276526392,696071.816638512304053],[3131848.464702274650335,696213.187238506507128],[3131366.778902273159474,695701.96363852545619],[3129720.915902268141508,696190.73023850901518],[3129521.177702262531966,695759.318238518084399],[3129115.125502261798829,695951.714038514532149],[3129127.840102265588939,695302.324638530728407],[3128683.28050225879997,694846.427438539569266],[3128059.502902251668274,695626.333638527663425],[3127648.454502255655825,695303.248638529446907],[3127077.344302258919924,695316.592438528896309],[3126773.9444022574462,696319.495438497280702],[3125610.443702256307006,697270.274638482602313],[3125135.344578203279525,698465.520607401384041],[3126033.215306081809103,698465.518576975096948],[3126389.683477337937802,698686.236059129238129],[3126937.186195582151413,699224.256492413231172],[3127214.636672412510961,700105.020654132938944],[3128325.439607741311193,699609.118331395438872],[3129430.222709622699767,699861.818869706243277],[3129718.263423546683043,701279.739885846269317],[3129515.059678310062736,703857.299171736347489],[3130343.384677946101874,704677.006316242739558],[3131249.186680430546403,704874.70985228032805],[3132532.510039340704679,703972.098029037704691],[3133072.657359644770622,702862.689991499180906],[3132765.916809818241745,701668.904086079797707],[3133175.38360859779641,701255.078851627185941],[3136294.316831881646067,701925.244602232938632],[3136587.89986229268834,702792.083467047428712],[3136365.852803859394044,704465.758338525891304],[3136644.377338258549571,704825.884436309686862],[3137224.960166093893349,704928.605418772203848],[3137915.543288880027831,704450.154562720330432],[3138502.246368546970189,704465.392114867456257],[3139392.775595122948289,705691.942082951078191],[3139472.378665106371045,705946.432407050160691],[3138760.307526498101652,706685.782300742343068],[3138244.054924483876675,707718.295955167850479],[3138408.34781803842634,708527.540149487089366],[3138835.34122495027259,708921.38993850920815],[3141739.123030398506671,708309.241096913814545],[3142969.400737014133483,708969.001695193932392],[3145021.48554683662951,706883.562505018780939],[3144681.739726385101676,706488.806716313236393],[3143966.682935148011893,707083.868149315938354],[3144100.889752664603293,706716.685165482223965],[3144579.801661187782884,706419.889139213948511],[3145040.928607726469636,706559.822111103916541],[3145102.7601851047948,706888.292407828266732],[3144914.956305745057762,707320.080043106223457],[3144231.995494778268039,707768.13485233404208],[3143021.862471928354353,709233.956822086009197],[3142300.463942677248269,711103.994290767121129],[3143477.505489799194038,711928.651027424959466],[3145921.775490807369351,711777.673375502228737],[3148258.773958104196936,712438.296732282731682],[3148964.48187861405313,712962.544872994185425],[3149813.341194627806544,714395.701043987064622],[3149691.704185617621988,715632.080225615762174],[3150198.257242515683174,718458.776499358471483],[3150624.189982349053025,718657.712902865372598],[3150987.118982813321054,718541.029976700316183],[3152478.857346813660115,717073.183861650526524],[3153394.079520425759256,716602.044135682983324],[3154441.222358246799558,717369.182324389345013],[3155549.43868716340512,719477.456845014938153],[3155827.901238895021379,719524.767639955505729],[3155879.220002757385373,719122.072424215031788],[3156129.162061119452119,719492.468506578006782],[3157104.608532883226871,719805.751133157988079],[3157528.257796998135746,720462.454972262959927],[3157334.891138111241162,720775.82921353133861],[3157616.855817110277712,721816.933937076362781],[3158457.321190538816154,722616.274063587654382],[3159422.598902620375156,722990.875042852247134],[3160096.036235332954675,722905.47670277801808],[3161992.19649419374764,721786.29634129058104],[3162441.608866329770535,721793.739561621448956],[3163219.391116709914058,722271.363635231857188],[3162950.947155245579779,725029.593189878854901],[3163951.883495341520756,727668.731417714152485],[3163473.052764014340937,728684.077631485648453],[3162763.254490826744586,729273.021436813403852],[3161502.074917681515217,729798.393686935654841],[3160879.347942562773824,730517.598973714513704],[3160724.891473581083119,730789.337616061791778],[3160862.938831853680313,732384.660698457271792],[3161340.956540542189032,733387.444907374330796],[3163190.442249875981361,735195.517932086833753],[3164019.055028764065355,737449.170178972301073],[3164027.228437215089798,738362.151835247059353],[3165614.244468430057168,737299.34050095663406],[3166441.321752548683435,735780.765779592562467],[3166373.411107910797,735239.163144479505718],[3165992.212052196264267,734697.879196167457849],[3165621.539157891646028,734703.063232877873816],[3165655.021541859954596,734491.456554495729506],[3166359.966113053262234,734813.673534349072725],[3166577.745942677836865,735900.919095308869146],[3166056.425826408434659,737113.561684146639891],[3165564.091570733115077,737615.265106359380297],[3164471.032575485296547,738156.572766053839587],[3163037.057977019343525,739478.295554917305708],[3162269.951307932846248,739769.723429383011535],[3161549.079215133562684,741726.151364548015408],[3161312.332325574010611,743841.920963254175149],[3161642.047892421949655,744068.153736222535372],[3164504.598040353506804,743943.25911996816285],[3164882.620435521937907,744515.321815763018094],[3164663.85574509203434,745152.023819694994017],[3163711.138473353814334,746375.971503254724666],[3163919.615646877791733,747600.354311718838289],[3163160.098165391944349,748405.225406064419076],[3163271.580626342911273,749054.103261612472124],[3163744.708117995411158,749619.949870552984066],[3164766.834110436495394,750085.952613119618036],[3166229.341081531718373,750160.353236929164268],[3167464.321712659671903,749776.599101100582629],[3166910.390874815173447,749094.209057995001785],[3167724.787095598876476,749799.299309551133774],[3169177.051293504424393,749996.717128550866619],[3170350.461357265710831,751146.487280311062932],[3170117.999240568373352,753428.331928703584708],[3170357.932815621607006,755703.886580780264921],[3170020.617799371946603,756345.495747482287697],[3168838.475815875455737,757324.846564096515067],[3169935.779442970175296,759251.512630928773433],[3170030.553908682893962,760593.101092307944782],[3170817.229196783155203,758703.928263593930751],[3171612.456338978372514,758776.012870375532657],[3171871.285108829382807,758416.75156458071433],[3172117.620406284928322,758681.034001955878921],[3172328.053867353126407,758505.861342218471691],[3172980.912637901958078,758669.326850569224916],[3173517.801604148000479,759088.754908570670523],[3174219.891609091311693,758617.719697486725636],[3174145.075194532983005,757988.796350482967682],[3173433.986005393788218,756697.427577791968361],[3173868.136829741299152,756123.702558169374242],[3174733.650914771482348,755850.008997405762784],[3175100.785851288586855,755984.760718370554969],[3175188.103611100930721,756190.099907615804113],[3174502.546220803167671,757223.532200467772782],[3174642.01592184882611,757743.175114596728235],[3175266.26680549653247,756904.331852526869625],[3175832.345920686610043,756997.834656393737532],[3175928.359753378201276,757266.349011855316348],[3175309.609850791282952,758685.692365371854976],[3174987.962093007285148,758936.443977248156443],[3175275.734225313179195,759122.381712426315062],[3175041.505851623602211,759304.086080845212564],[3174561.601789688691497,759175.682815868174657],[3173584.737898343708366,759642.439741316600703],[3172260.137179656419903,759650.836829963489436],[3172023.950749137438834,760061.502067064517178],[3171278.459207593463361,760192.18234097759705],[3167702.03314461838454,762378.696419649058953],[3164697.488261295016855,762902.28738302947022],[3163001.138317409902811,763677.312947051716037],[3159652.314508033916354,764016.764562030439265],[3158194.659398392774165,764599.024878706317395],[3157573.739072351250798,765586.514815862406977],[3157706.369400472380221,766193.746268032002263],[3157256.307879324071109,767153.25231235998217],[3157601.356028414331377,768822.02447804575786],[3158024.406041296198964,768941.074769179918803],[3158095.677002483513206,769549.629636681056581],[3158093.135602477472275,769329.775236677494831]]],[[[3122071.739182688295841,796479.995965603739023],[3122085.292748859152198,796415.518819302553311],[3122014.826759617775679,796442.697341147693805],[3122071.739182688295841,796479.995965603739023]]],[[[3121736.354792964179069,796575.43165330204647],[3121684.398314293473959,796539.252216637250967],[3121692.655308533459902,796568.37226249394007],[3121736.354792964179069,796575.43165330204647]]],[[[3118801.455764745827764,796955.864116317708977],[3119285.880733422469348,796760.381733656860888],[3119267.729800272732973,796403.961571803200059],[3119427.905184640083462,796175.573702453402802],[3118958.141350877471268,796220.85001902282238],[3118738.383812127169222,796722.979211537633091],[3118734.107421141117811,797180.55422025907319],[3118801.455764745827764,796955.864116317708977]]],[[[3115928.119599178433418,801326.373754971078597],[3115814.886250094976276,801308.639661888824776],[3115798.258178470190614,801336.150962143321522],[3115928.119599178433418,801326.373754971078597]]],[[[3116215.119497565552592,801414.179666040930897],[3116311.71057112980634,801378.660887677455321],[3116144.033180724829435,801385.513647353160195],[3116215.119497565552592,801414.179666040930897]]],[[[3117886.65336325392127,801721.42934448888991],[3117772.792947721201926,801688.720341038075276],[3117891.242974660359323,801737.495681082247756],[3117886.65336325392127,801721.42934448888991]]],[[[3119599.685802371241152,810246.092835610965267],[3119519.266902375500649,810511.196535603026859],[3119600.626402371097356,810632.243635597173125],[3119728.740302372258157,810439.641835600719787],[3119599.685802371241152,810246.092835610965267]]],[[[3050844.579502191394567,916925.38173287617974],[3050850.646266842260957,916906.520928479963914],[3050840.443150066770613,916931.197136744391173],[3050844.579502191394567,916925.38173287617974]]],[[[2979853.36117973877117,1009663.701443241676316],[2979915.926010467577726,1009341.399872355512343],[2979736.57496100012213,1009586.519307593582198],[2979853.36117973877117,1009663.701443241676316]]],[[[2979691.777874301187694,1009945.782263639848679],[2979609.008266445249319,1009744.977184185874648],[2979533.600264622829854,1009756.210332451737486],[2979691.777874301187694,1009945.782263639848679]]],[[[2969290.306847332976758,1047218.524449164164253],[2969351.949563597328961,1046219.118158958968706],[2969161.42913454445079,1045493.068618348916061],[2968688.325320152100176,1046746.286809907644056],[2968938.849987586028874,1046697.869319351622835],[2969290.306847332976758,1047218.524449164164253]]],[[[2973848.281347795389593,1058925.912884456804022],[2973115.274462840519845,1056022.957540585193783],[2971980.990646522957832,1054380.420116944704205],[2971776.595469477120787,1053504.828268476761878],[2971880.830830479040742,1052163.222666144836694],[2971407.234632496722043,1051057.619403016520664],[2968911.314001926220953,1046820.852423027623445],[2968064.865649797953665,1046777.438729449408129],[2967703.431025675497949,1046271.638261800864711],[2967649.917362191248685,1047590.719946038792841],[2967154.003356073051691,1048624.136579143116251],[2967595.703099439386278,1050078.496870699804276],[2967154.9491574075073,1050864.254386550979689],[2967646.121237834915519,1051124.957343852613121],[2967136.861949333455414,1051711.306253554765135],[2966998.378035781439394,1052305.376894511049613],[2967824.034008373506367,1052124.558526770910248],[2967990.911876562982798,1052476.371911496156827],[2967428.948613620828837,1053136.316623891005293],[2966195.43190810456872,1051491.514463800005615],[2965922.286214724648744,1051410.783383527072147],[2965645.242164498195052,1051578.900586367584765],[2965479.486192995682359,1053516.826296853134409],[2969232.632915715221316,1056037.807975246803835],[2971354.459994153119624,1058000.480394619051367],[2971924.076227362733334,1058137.24483368685469],[2972016.028011683840305,1058487.759374326327816],[2973686.37897270033136,1059506.751639531925321],[2974367.960950669832528,1059316.863096666056663],[2973848.281347795389593,1058925.912884456804022]]],[[[2992775.720102079212666,1059662.499729376053438],[2992387.6294020768255,1059257.072529389290139],[2992421.216502071358263,1058782.875029402319342],[2991868.379702068865299,1058754.42072939616628],[2992243.102902071550488,1059067.090029399376363],[2992050.290102073922753,1059204.49962938693352],[2992775.720102079212666,1059662.499729376053438]]],[[[2965521.275554116349667,1066714.284087895182893],[2965462.281617701519281,1066538.750085619976744],[2965331.783464260865003,1066809.660947012947872],[2965521.275554116349667,1066714.284087895182893]]],[[[2964822.333583759143949,1067371.000197665998712],[2964789.274932440835983,1067171.26453803665936],[2964690.434427470900118,1067436.867831146577373],[2964822.333583759143949,1067371.000197665998712]]],[[[2964639.598308004904538,1067752.340606262441725],[2964024.667245727498084,1067415.31323504075408],[2964002.877310488373041,1067608.067572270520031],[2964639.598308004904538,1067752.340606262441725]]],[[[2961088.626864581834525,1070251.434488509315997],[2963418.180810537654907,1069567.40537223382853],[2964883.2254369254224,1069736.646343699423596],[2964932.446106623858213,1068872.562154645565897],[2964643.784822537563741,1069295.351329342694953],[2963953.153496930375695,1069567.165821157861501],[2963513.596719321329147,1069184.155759553890675],[2963746.620076873339713,1068753.291032884968445],[2962749.117053364403546,1069453.28874059044756],[2961759.423663998022676,1069730.346950747305527],[2961971.85676596313715,1069125.77223983546719],[2963458.837733156047761,1067117.488398082787171],[2964275.073250526096672,1067359.050315433414653],[2964060.324178459588438,1066931.363910704385489],[2964836.384696324821562,1066724.261315069161355],[2963715.093653213232756,1066774.604963814141229],[2963209.590215834788978,1067136.795900530880317],[2962665.820767454337329,1066962.905484704300761],[2962191.866671726107597,1068757.344440164975822],[2961532.445464592892677,1069315.356506760464981],[2960957.419513017404824,1069439.326362558174878],[2960595.263021947816014,1070053.54170577111654],[2961088.626864581834525,1070251.434488509315997]]],[[[2951145.73028856748715,1089686.029982793377712],[2951488.118348215706646,1089408.061691176379099],[2950503.404817393515259,1089187.48690006765537],[2949509.036663592327386,1089669.70805087662302],[2951145.73028856748715,1089686.029982793377712]]],[[[2948048.798789885360748,1093103.157868906855583],[2947815.958015005569905,1093166.724145451560616],[2947755.789633631240577,1093389.423639415996149],[2947899.218604249414057,1093373.386190814431757],[2948048.798789885360748,1093103.157868906855583]]],[[[2947153.934088508132845,1094459.524221190018579],[2949117.50101870810613,1092827.461676437174901],[2948374.780252730939537,1091810.049623239552602],[2948212.042876234278083,1093288.075217759003863],[2947707.729105150792748,1093886.000063893152401],[2947249.248949716798961,1093776.645343651762232],[2946680.969567610416561,1094206.581665156641975],[2947153.934088508132845,1094459.524221190018579]]],[[[2946246.470491368323565,1094420.896315951365978],[2946062.120161451399326,1094336.273375177755952],[2945871.092975744511932,1094836.096907102968544],[2946095.874698941595852,1094778.144075884949416],[2946246.470491368323565,1094420.896315951365978]]],[[[2945331.705431753769517,1096314.307954530464485],[2945667.24770815949887,1095188.795049420092255],[2945030.932240360882133,1095846.932579232146963],[2944572.813706913497299,1095701.091809719335288],[2945454.23379112360999,1094077.398639125283808],[2945580.848138799890876,1093967.699726188322529],[2945524.747205806896091,1094264.950360377086326],[2945947.047515473794192,1094323.963829919695854],[2945708.943281452637166,1093809.063153400085866],[2946036.453635306097567,1093081.478769911453128],[2947321.187155270949006,1092362.714602967491373],[2948984.822790581267327,1089599.504690644564107],[2950129.291968352161348,1089063.802534051239491],[2950913.223464970476925,1087911.262433249969035],[2951038.228441121522337,1088474.100549487164244],[2951584.154536047019064,1087938.7195990444161],[2952627.237009396776557,1085746.366162942489609],[2952594.095610268879682,1085571.482302015880123],[2951215.927831369452178,1087159.249901069328189],[2951070.491489192005247,1086981.778312341775745],[2951271.597864153794944,1086289.519164761295542],[2952028.524524502921849,1085795.080443283542991],[2951947.985682974103838,1084935.260593375656754],[2951686.149567110929638,1084991.367125228047371],[2951157.657832825556397,1085801.227016291581094],[2950722.610270475968719,1085791.717067656805739],[2949899.570642377715558,1086445.877607110422105],[2949583.23305512079969,1087260.362619815161452],[2948413.976635060738772,1087832.362589109223336],[2947317.607219603843987,1087921.019461550982669],[2947204.083167570177466,1089100.144064177526161],[2944939.962833432480693,1090818.238343436038122],[2945160.366692925337702,1090985.294128499692306],[2945909.483881608583033,1090864.121021242113784],[2944644.732073264196515,1092976.809427579166368],[2943384.201019687578082,1094281.591063147876412],[2943593.183952436316758,1094435.455196501221508],[2943838.602877518627793,1094004.723750979173928],[2944028.360760166775435,1094431.942816134775057],[2943709.545142205432057,1095370.683567242929712],[2943120.179108322132379,1096142.153134602354839],[2942858.363098637200892,1097355.909521273104474],[2942581.953669173177332,1097461.552416720893234],[2943092.092425792012364,1098069.707898536231369],[2943129.785912878811359,1098618.055392516078427],[2942815.911410436034203,1099893.303034192882478],[2942044.114566042087972,1100499.127943035913631],[2942051.377997108269483,1101879.874146506655961],[2942369.233521177899092,1100965.693884787149727],[2942965.466052841860801,1100480.955052924808115],[2943925.686141097452492,1098050.845013349549845],[2944689.159060921054333,1097233.158167555229738],[2944724.953441762365401,1096749.245520294643939],[2945331.705431753769517,1096314.307954530464485]]],[[[2941257.018803055398166,1112284.393061986425892],[2951180.886701905168593,1097386.78342845547013],[2955174.778201923705637,1092329.989928573137149],[2958005.515301927458495,1089264.644928651396185],[2960918.313101947307587,1086498.270228716777638],[2966094.613601966295391,1082313.433228817069903],[2969355.852301988750696,1078998.663428901229054],[2976434.39780200785026,1073659.174829026218504],[2979774.394302018452436,1071481.289329085033387],[2980149.371202025096864,1070573.267529108328745],[2981463.469202028121799,1069273.441529137082398],[2981538.811902024317533,1068803.718329153954983],[2981021.724102028645575,1067510.34262918587774],[2981059.702702025417238,1066150.78682920592837],[2981473.734802029561251,1064463.411729256389663],[2981263.740002021659166,1062977.30882928846404],[2979355.262002005707473,1056516.996529441559687],[2977178.699901991058141,1050618.401729579083622],[2974890.192801978439093,1046550.328029669472016],[2973697.301601971499622,1043571.226429747999646],[2973012.729701964184642,1040127.627429825486615],[2972877.901401952840388,1037260.190629884600639],[2973102.860038535669446,1035307.689919281168841],[2972906.898773296270519,1035129.131726293941028],[2971462.447356780059636,1035147.210880081751384],[2971307.877088771667331,1035915.542308641364798],[2970757.367274286691099,1036638.471924710553139],[2971121.533927726559341,1041026.835232328507118],[2971018.928928622044623,1042318.941951948567294],[2970114.858348479960114,1044949.464980666525662],[2969750.231313238851726,1045140.598906802595593],[2970278.907594400458038,1046011.351898480090313],[2970758.552284067496657,1047975.288680230849423],[2971711.049962186720222,1048792.499536398332566],[2971867.109483889304101,1049630.187036564107984],[2972875.647592617198825,1050734.399031620938331],[2972235.580694105476141,1050994.252865245565772],[2972990.238996001891792,1051757.495372987817973],[2972721.969801052473485,1053792.394545221468434],[2974539.676312119700015,1055437.98567436565645],[2974955.53137302165851,1056367.927403965732083],[2975346.889352302066982,1056662.061791034648195],[2975315.35014226520434,1057520.649955074535683],[2976438.438481531105936,1059125.020160265499726],[2976497.177834826055914,1061503.61786523135379],[2976308.393924896605313,1062183.225387179292738],[2975521.792522358708084,1062875.757773507619277],[2975181.265561630018055,1064262.038913397118449],[2975612.972013168502599,1064395.989151165122166],[2975480.644528395496309,1064766.217567297164351],[2975950.870286722667515,1064900.996858584927395],[2974675.316866979934275,1066316.48436323273927],[2974564.161757682450116,1066861.706486025825143],[2974358.681716681923717,1066595.220741639146581],[2973420.360642554238439,1067931.634243865730241],[2972432.907809364143759,1068718.369292959105223],[2971217.642965879756957,1069103.025179735384881],[2969115.753455028869212,1071346.884391191648319],[2967908.272056764457375,1071917.912509692599997],[2967300.61625738395378,1072999.579261088278145],[2966707.184613423421979,1073384.926896364428103],[2965843.888615087140352,1074771.633689860114828],[2964083.400480451993644,1076737.149803607724607],[2963719.443766971584409,1078035.366802357835695],[2963059.944944298360497,1078581.290974400704727],[2962812.344244839157909,1079682.799848213093355],[2961676.544359385035932,1080429.988116366090253],[2961190.294205243699253,1080493.841873245080933],[2960281.062779559753835,1081668.701924611581489],[2959448.644835519604385,1082173.216556522995234],[2957535.589091573376209,1084907.07734438451007],[2956856.418661061674356,1086410.281274179695174],[2956117.641683782916516,1087202.525159386219457],[2955276.896001189947128,1087507.896085297456011],[2955069.857318264432251,1087851.766098284162581],[2954289.299045091960579,1087735.418228431371972],[2953892.478374377824366,1088834.729821088258177],[2952762.422494667116553,1089842.356871373485774],[2952331.868256208021194,1090791.814958527451381],[2951267.464534590486437,1091664.482080085901543],[2950619.167324889451265,1091750.200312982313335],[2950581.106306425761431,1092918.981594969285652],[2950341.305450042709708,1093647.258647247916088],[2949898.976434671320021,1093961.299346742220223],[2949889.82316272938624,1094956.461956559913233],[2949117.112198497634381,1095599.758362715365365],[2948663.322585616260767,1096448.0938153071329],[2948732.287426926195621,1098465.01572799612768],[2947492.843392195180058,1099956.319430191069841],[2946403.350861565209925,1102595.446870468789712],[2946296.596463256515563,1103477.041450244607404],[2945570.229333600960672,1103697.240858897333965],[2944637.291832331102341,1106576.626117848558351],[2944227.927129867486656,1107115.264069917378947],[2943477.388646483886987,1106737.807659266982228],[2943099.708715959917754,1106928.88667220599018],[2942638.629552916623652,1106396.420235213823617],[2942348.748774019535631,1106564.29931990779005],[2942616.644848869182169,1109870.654892401304096],[2941178.032758040819317,1111960.766369885066524],[2941257.018803055398166,1112284.393061986425892]]],[[[2933209.777701863553375,1144574.509227332659066],[2933107.379501866176724,1144526.790027334354818],[2931784.835464652627707,1144150.375383510719985],[2932164.08985185995698,1144371.969277334399521],[2932185.518601859919727,1144273.898127333493903],[2933209.777701863553375,1144574.509227332659066]]],[[[2888093.505501660518348,1165446.11142680584453],[2888447.317701658234,1165410.022226814180613],[2889313.47150166425854,1166005.73502679169178],[2889751.477901661768556,1165742.683026808779687],[2889054.669901660643518,1163738.629826852120459],[2890113.908301666844636,1162968.359826867002994],[2890077.002301665022969,1161620.080826906021684],[2890397.483101663179696,1161001.029426914639771],[2891849.797901670448482,1160431.503026927821338],[2892915.675701677333564,1159538.314626952866092],[2894107.601101680193096,1159896.407626944128424],[2898053.25750170275569,1158058.858026989968494],[2898294.905501706060022,1157710.022627001162618],[2898275.499701704829931,1156174.917427026899531],[2898888.578101707622409,1154930.932527063181624],[2899273.735101707745343,1154939.549027060391381],[2899968.493901710025966,1155619.505527044646442],[2900946.832301714457572,1155366.194427049253136],[2902217.850901716388762,1152935.577227109810337],[2903169.04830172425136,1153056.42262710724026],[2903739.265101725235581,1152822.575627110898495],[2904273.973301732446998,1153847.032627091510221],[2905833.83330173837021,1153914.740627089049667],[2906875.908501746598631,1154233.145427083596587],[2907650.728101745247841,1153636.582227096427232],[2908486.342101756948978,1153714.445027098292485],[2909750.776101757306606,1153185.173827101709321],[2910837.394501763395965,1153513.804627100005746],[2911356.5799017585814,1152460.977427128702402],[2912146.72430176101625,1152245.960227133706212],[2912586.860901770181954,1151664.571627150522545],[2912902.075901770498604,1151591.849727151915431],[2912906.391301766969264,1151057.772427163319662],[2912095.648901760578156,1149851.342827189946547],[2912069.899001758079976,1149395.867127197561786],[2911701.201901758555323,1149150.861027205828577],[2911598.55430175922811,1148444.724227221217006],[2910035.07410175492987,1149465.045427191769704],[2910204.353901756927371,1148186.136427224846557],[2909946.127101745922118,1147600.824127237778157],[2910745.357501761987805,1147109.853227243525907],[2911304.731701765675098,1148101.899827233282849],[2911707.039501757826656,1147815.126027242746204],[2911735.243101761676371,1148221.789527231594548],[2912907.807101758662611,1147546.755827247863635],[2913108.21190176717937,1147686.501927243778482],[2914426.400601778179407,1147336.36182724754326],[2914739.181301773060113,1146590.265827270923182],[2917064.338701778557152,1144893.342027305625379],[2916814.963501784019172,1143073.164827360305935],[2917741.048301783390343,1142667.955827353289351],[2918646.209501788951457,1142904.690427352674305],[2918620.971901792101562,1142400.507427365053445],[2918308.746501786168665,1142168.971527378074825],[2918567.935301790013909,1141513.103427389636636],[2920179.880701796617359,1140827.069427403621376],[2920661.471701798960567,1140440.058627406368032],[2920923.152096535544842,1139735.17916350835003],[2918996.773492443375289,1139420.621475694468245],[2916396.730978947132826,1137851.271090181777254],[2914681.721790668088943,1137781.787856388837099],[2911513.015683021396399,1138348.340457967249677],[2910335.963846956845373,1137547.848331053508446],[2910241.464321254752576,1137034.249602221185341],[2911286.106938648037612,1137839.857610570732504],[2912250.465757169295102,1138126.232251798501238],[2913889.801860550418496,1137489.175699108978733],[2916138.033925859257579,1137503.232658960856497],[2917052.261857672128826,1137788.505673475796357],[2919047.173692665528506,1139108.036047800211236],[2920352.377585533540696,1139376.710653418209404],[2921875.482393467798829,1139143.514176522614434],[2925482.161467668134719,1137901.794037269195542],[2926423.628329184371978,1137943.779277032939717],[2926947.000443811994046,1138336.051507688360289],[2927135.311244192533195,1140828.300738275749609],[2928609.637819649185985,1142321.740604983409867],[2929503.240455685183406,1142117.031957656610757],[2929769.934497531503439,1141830.137479176046327],[2929430.549059844575822,1141443.555803342955187],[2929536.560766012407839,1141110.555761931696907],[2929188.801202584989369,1140822.315148520283401],[2928992.529387810267508,1140090.582646893104538],[2929185.322086940519512,1139815.181794104166329],[2929508.445134358480573,1139822.09528442658484],[2929608.463125710375607,1141248.44086057995446],[2929481.782721152063459,1141351.096653889399022],[2929835.177118986379355,1141713.706904883729294],[2930108.260940490290523,1139710.361134917242453],[2929973.467865944840014,1141642.292073962744325],[2929670.820347249973565,1142114.572400796227157],[2928756.14626736799255,1142424.38251133216545],[2931563.286995920818299,1144044.055859934072942],[2931271.327001851052046,1142950.986827359301969],[2931586.831201849039644,1138058.476327483309433],[2932169.678801850881428,1134758.901227553607896],[2933426.56940185232088,1130132.794727668864653],[2935368.51010185200721,1124401.963227811502293],[2936913.562001859303564,1120680.476527891820297],[2938546.127301868982613,1117206.080427965614945],[2941233.425201876088977,1112516.709028085228056],[2940851.175296511501074,1111848.185975487809628],[2940516.548633443657309,1111785.411565001821145],[2940911.956238484941423,1112490.527208189014345],[2940317.223016731441021,1113205.330592534737661],[2940076.509483015164733,1113150.41836288687773],[2939963.176566370297223,1113819.923649017233402],[2939585.017996171489358,1113693.015701823867857],[2939508.01729616895318,1114407.331050336128101],[2939138.963994506746531,1114212.177071899175644],[2939147.966422731056809,1114673.01941495668143],[2938403.358878638595343,1115633.782409052597359],[2937698.736871127039194,1117547.593838252825662],[2936838.233194214757532,1118511.491777032613754],[2935854.412714333739132,1120916.953282067086548],[2935184.548375274520367,1123396.896035300800577],[2934826.135574293788522,1124147.662598662311211],[2934302.854014521930367,1124484.723811189876869],[2934409.414149656426162,1125016.529779796954244],[2934091.167846804950386,1126533.420193198835477],[2933433.866046423558146,1128151.724342700559646],[2933242.92044347897172,1127664.951134398579597],[2933186.253739932086319,1128684.858352926326916],[2932721.654676913283765,1129484.030989088118076],[2932621.042311054188758,1130134.79283779556863],[2932292.666496101301163,1131179.0779721098952],[2932398.475458391942084,1131523.550039606634527],[2932158.737064802553505,1131604.998913332354277],[2931999.117651365697384,1132745.889522722922266],[2931685.668316494207829,1133418.14714396209456],[2932303.363929084502161,1130121.881491454085335],[2932604.341278332285583,1130010.073911467567086],[2932598.614865529350936,1129139.0483094942756],[2933119.723214910831302,1128602.813436050433666],[2933101.780336563941091,1126257.491820526076481],[2933759.680858560837805,1125151.865350429434329],[2934358.901925238780677,1125055.187710241414607],[2934257.115511614829302,1124627.153285038191825],[2933848.944938366767019,1124463.138873649761081],[2933808.383024821057916,1123765.32930021523498],[2934677.016792794223875,1122695.161415917566046],[2935111.74984444398433,1122704.432017929619178],[2934855.77900102827698,1122480.987592618213966],[2934882.965527473017573,1121772.979366240790114],[2934506.216550018172711,1121391.682858674321324],[2934526.752418578136712,1120988.063921330496669],[2936410.894861336331815,1118433.655087597668171],[2936448.338112257421017,1116985.16739318636246],[2937531.353995631448925,1115607.219054679851979],[2938550.974249246064574,1113204.348844572668895],[2938621.011291905771941,1112248.285145658068359],[2939328.687887592241168,1110900.883330455748364],[2940127.178175879642367,1110483.056670419173315],[2939384.991807712242007,1109433.792695741401985],[2939615.809589922893792,1107087.729916175594553],[2941887.038569998461753,1102439.391002489021048],[2941539.647053097840399,1100201.260814662324265],[2941233.763877202756703,1100008.578434032388031],[2941583.713497569784522,1099306.610664412146434],[2941593.24579479591921,1098883.506270016310737],[2941371.440786226652563,1098792.354745743097737],[2941531.447739516850561,1098273.057742302073166],[2940561.926857196260244,1097691.798675682861358],[2940683.544375748373568,1097221.58768431423232],[2940279.16004254668951,1097511.599684474989772],[2939995.309380583465099,1097393.810382437426597],[2939969.688591545913368,1096857.81531006610021],[2940852.936727199237794,1094575.498512765392661],[2941671.861528144218028,1094082.422147138509899],[2941492.569557794835418,1093145.746545964851975],[2941781.070577631238848,1092455.166176048107445],[2942827.618407073430717,1091867.634002758888528],[2942272.545100471004844,1091047.273677194491029],[2942885.29553729435429,1090338.891534063965082],[2942813.280475351959467,1088445.909819246036932],[2943356.324677178170532,1087499.142560737440363],[2943249.107121465727687,1086700.398692862829193],[2943488.989814630243927,1085411.512693816795945],[2943181.076933200005442,1084099.015044611180201],[2943999.083870101720095,1083083.141699795378372],[2943938.817740896716714,1082447.67444076621905],[2944869.02388414926827,1078547.570122997509316],[2945589.085672303568572,1076908.793625010177493],[2946616.411106412298977,1075437.639907123753801],[2947635.354348202701658,1074924.167498669819906],[2948421.09270438272506,1074841.621289171045646],[2948162.849112701136619,1074152.164867308922112],[2946840.443044091574848,1073152.952103679534048],[2946359.549316228367388,1072358.1858040378429],[2945884.206517768558115,1072472.078956249635667],[2945146.863784782588482,1073215.764233230613172],[2944212.803835969418287,1073207.404413112672046],[2943280.361449472606182,1073747.890419824048877],[2941223.009215582162142,1072197.124591500498354],[2940722.594111392274499,1072335.663039214443415],[2940489.682523838244379,1072181.123616320779547],[2940657.172461851499975,1071338.622608999721706],[2940458.070216427091509,1070761.868141292361543],[2940782.10067685553804,1071316.700086119584739],[2940688.191483268979937,1072223.417269156780094],[2941485.490249411202967,1072177.846212233416736],[2943345.796431580092758,1073611.513762284303084],[2944190.216124677099288,1073095.505344628589228],[2944948.733639635611326,1073161.647721173241735],[2945558.181906643789262,1072511.858600326115265],[2946362.852910895366222,1072196.815964946057647],[2947186.395984319038689,1073259.925912531558424],[2948131.795669595245272,1073827.863743404624984],[2948721.959096655715257,1074748.580629367846996],[2948595.356665874831378,1073091.355286186793819],[2949108.347517225891352,1071247.929683835944161],[2948921.087516963481903,1070136.745379910571501],[2950127.918757022824138,1067860.281447194050997],[2950267.837341081351042,1067141.484887370141223],[2951161.694830014836043,1066675.916210416937247],[2951774.656558850314468,1065954.54817605856806],[2951872.625134155619889,1064886.501759736333042],[2951602.863389412872493,1065241.997988845454529],[2951656.912476020865142,1065044.11714985826984],[2952631.493582081049681,1063721.353622917085886],[2953870.545691652689129,1062839.2629139656201],[2954361.787978400476277,1060274.462897867197171],[2955060.543002281337976,1059592.419863702030852],[2956221.780415884684771,1057701.563688601832837],[2957006.182460662908852,1057108.239481729222462],[2959282.495809922926128,1057207.580041779205203],[2961952.476198299322277,1058012.607812314527109],[2962311.494296630844474,1058667.246974459849298],[2962646.842553076799959,1058140.084443582920358],[2962687.138965117745101,1057431.06106019532308],[2962053.881003935821354,1056783.186725845560431],[2961989.960254786070436,1056308.926111607812345],[2962165.239495784044266,1056797.60102501208894],[2962787.833235532976687,1057383.537897948408499],[2962755.860329187940806,1058254.096947059268132],[2962549.062285399530083,1058597.930494455387816],[2962756.427764852996916,1058814.476434487849474],[2964010.645823189988732,1057758.503254196140915],[2965345.820619437843561,1055336.731365639949217],[2964738.984777415171266,1052921.174598669633269],[2964020.214478285517544,1052233.511366927530617],[2963847.321316644083709,1050437.810984129086137],[2965263.353982990141958,1045988.425449487520382],[2965574.835009295027703,1044252.886160796624608],[2966172.749211972113699,1043109.263355650822632],[2968463.04073220398277,1041964.450277737341821],[2969999.493065391667187,1040566.382356985006481],[2970469.093534856103361,1039580.955546585959382],[2970576.722452756017447,1038625.453524596057832],[2970515.751235703006387,1037988.857464286615141],[2970319.580217440612614,1037885.049006693530828],[2970408.727285384666175,1036667.346638218383305],[2971166.169499116949737,1035041.04499397368636],[2972537.738621315918863,1034934.810093926615082],[2972703.684051794465631,1034726.446172254974954],[2972497.652936620172113,1034485.81135098496452],[2972776.67963665863499,1034243.202839676989242],[2972799.792555268853903,1034877.773008187301457],[2972975.535568613093346,1034933.138196099782363],[2972869.579301961231977,1033633.971829983172938],[2973358.803901961538941,1031002.939530031755567],[2975659.192601956427097,1024454.973030201043002],[2979390.703001966699958,1017472.812830374925397],[2982451.276101976167411,1010257.649130542646162],[2983283.653901979327202,1008763.268030585721135],[2983562.646701983176172,1008873.046130580944009],[2983689.454601975623518,1008701.97293059155345],[2983396.569801975041628,1008565.742630581837147],[2983423.953601978719234,1008088.941230606753379],[2984057.705801979638636,1006614.686430637957528],[2985829.10580199258402,1003838.585430713719688],[2986308.753801986575127,1004035.573930703103542],[2985851.045401988551021,1003745.69603070570156],[2985987.382401989307255,1003337.511530714458786],[2986334.528701988980174,1003602.410730712930672],[2985956.115548335947096,1003290.332064048270695],[2985843.140042185783386,1003647.097686488064937],[2984026.903395734727383,1003046.122473289491609],[2982397.623517852742225,1004080.71775079309009],[2982551.219566735439003,1005602.647867131512612],[2982376.524756631813943,1006746.858963697450235],[2980632.574375373777002,1010165.743850019876845],[2980302.80070835724473,1009884.579917242750525],[2980352.958603596314788,1010433.476187151274644],[2979796.837749499361962,1010946.970750849228352],[2979665.344908975996077,1010567.705562002840452],[2978899.421045673079789,1010289.932131822570227],[2978696.07885287841782,1010471.609979407163337],[2978974.072815835475922,1010889.038210664293729],[2978208.292593223508447,1011145.952863182290457],[2977843.019112496636808,1010789.246200280962512],[2977585.925869930535555,1011169.01506023562979],[2977055.984586996491998,1010946.261842027073726],[2977296.83632639516145,1010702.672457722132094],[2977233.532465142197907,1010215.204089038074017],[2977896.544667552690953,1009471.173655852442607],[2977953.248068087734282,1009746.215332766878419],[2978611.555774764157832,1009810.77034171577543],[2978569.121889651287347,1009461.099353565485217],[2978819.381663471460342,1009417.014739284757525],[2979058.981994225643575,1008700.170970238163136],[2979135.360967724118382,1009759.535759720136411],[2979354.700200412422419,1009963.278769390890375],[2979429.46256463881582,1008309.991630142787471],[2979785.844706099946052,1009064.606194374500774],[2980264.842349899467081,1009349.117584305000491],[2980310.484229978639632,1008988.61996326840017],[2979657.754668865352869,1008090.846980000962503],[2979141.203292686026543,1007817.761717770830728],[2979113.425909541547298,1007356.873038930702023],[2979460.125299394130707,1006652.318649090477265],[2980210.835284285712987,1006136.467120948596857],[2980338.8061777735129,1005454.083899390767328],[2981563.696590631268919,1004622.796382427448407],[2981942.94514462724328,1003821.742957276408561],[2983763.065676841884851,1003114.923184090526775],[2983572.269626958295703,1002737.037361445836723],[2982329.621902405750006,1002112.487077772035263],[2980715.707668492570519,1000794.935001071309671],[2980344.125584731344134,1000724.219463300891221],[2980052.121318101882935,1000954.557698794757016],[2980086.760715785436332,1000519.014795921044424],[2978165.954470698721707,1000128.037091021542437],[2975676.662699150852859,1001243.181859154021367],[2975028.195528380107135,1001303.60111234721262],[2974316.246037043631077,1000852.797175650834106],[2974357.896692696027458,1000068.942871197243221],[2974841.158344151452184,999021.769914027187042],[2974593.238756600301713,998443.823251693276688],[2972535.899446865078062,996891.511400621267967],[2970354.963303373660892,996980.84632626757957],[2969271.362572160549462,996446.157578922342509],[2969132.415333217941225,997115.269643148523755],[2969553.237457410432398,998332.545677585876547],[2969346.385470600333065,999274.198217344935983],[2968815.626950550358742,999635.817022355506197],[2967822.322188485879451,999501.411933524650522],[2966436.131021147593856,998562.6029441668652],[2966546.981603852007538,996921.890837135724723],[2966263.904793150257319,996193.433310436550528],[2965945.056979691144079,995999.166891949716955],[2965278.369445088785142,996333.09694317902904],[2966087.198140053544194,998019.074127407511696],[2965993.872009122278541,998876.623590852483176],[2963838.991308823227882,998928.808653348358348],[2964270.258823710493743,999672.146702418569475],[2964027.766573415137827,1000526.292691436014138],[2962756.936102527659386,1001156.726239246083423],[2959493.865866174455732,1000612.807717161253095],[2958708.862132486887276,1000695.161247104406357],[2957925.965015640947968,1000043.574713246198371],[2957845.889654221013188,999718.45957877067849],[2958590.764338959474117,999273.471642144722864],[2958200.245913007762283,998916.469597864779644],[2958171.746764086652547,997944.701873988262378],[2958475.27496304968372,997715.136468513752334],[2959347.365485855378211,997684.676251619006507],[2959704.542828583624214,997306.196520043769851],[2959597.282024887390435,997042.693042482831515],[2959225.911808005999774,996959.897207248723134],[2958455.130191886797547,997369.148703991435468],[2957917.904676728416234,996871.326188866747543],[2957665.821242461446673,996175.552649339777417],[2958102.678689455147833,995264.186013848870061],[2957963.683458851184696,995079.64079200825654],[2957555.141459584236145,995251.929078245651908],[2957062.031850963365287,996168.309480081661604],[2956431.638433513231575,996229.262135062483139],[2955868.837419082410634,995762.698330305865966],[2955388.087615767493844,996125.491756706382148],[2955757.822371503803879,996880.783039705245756],[2955729.328606969676912,997577.156802357174456],[2955169.008199434261769,997881.56075114919804],[2953174.409845587797463,997732.406253481400199],[2953038.507353857159615,997393.623455712688155],[2953388.324203662574291,996784.880352372070774],[2953045.548907925840467,996515.288045065011829],[2952249.506361369974911,996747.19892689329572],[2951909.847784461453557,997231.551302764448337],[2951087.683927622623742,997232.416077671106905],[2950759.881999772507697,996546.880574509967119],[2949932.811231398489326,997204.098603888298385],[2949912.416322075761855,997016.287847353494726],[2950396.340983377769589,996517.12734949705191],[2950908.930360549595207,996428.78452192991972],[2951281.472501282580197,997046.695896676974371],[2951764.664515768643469,997144.683123142574914],[2952376.511756173335016,996522.649608994601294],[2953236.702713815495372,996417.008842040318996],[2953541.6498858705163,996760.327851155190729],[2953198.299498888663948,997649.003747779875994],[2955288.22055192058906,997731.885762594989501],[2955615.450743995141238,997552.838406191556714],[2955702.173260992392898,996993.915804252028465],[2955230.252479761838913,996374.101646903785877],[2955376.747498840093613,995953.933081233990379],[2955881.283949657343328,995666.327167822979391],[2956252.696464477106929,995749.249997900566086],[2956345.470437846612185,996074.752723817480728],[2956954.577806388027966,996063.410658446024172],[2957650.423734353389591,995007.932595781050622],[2958086.542723223101348,994992.776453899918124],[2958214.129639892838895,995418.856109354645014],[2957810.354476813226938,996231.540732417372055],[2957985.802027394063771,996720.508629805292003],[2958511.950143202207983,997193.17253128613811],[2959266.871241971384734,996811.406874591717497],[2959868.752652276773006,997160.263244222151116],[2959544.924499928019941,997763.565926549141295],[2958381.902257312554866,997974.116071150056086],[2958331.118028902448714,998620.368256198591553],[2958761.877151703462005,999414.632691349950619],[2958070.963503519073129,999673.452833140268922],[2958051.909383019898087,999983.521037602215074],[2958773.866812311578542,1000535.427842972334474],[2959908.769844864029437,1000460.971227112459019],[2962697.569136614445597,1000982.194393983343616],[2963362.860923600848764,1000785.679607721976936],[2964014.861107909120619,999978.396206268342212],[2963590.930493593215942,998873.523736384697258],[2965912.81626386102289,998588.024387913057581],[2965815.787709510885179,997926.630868909414858],[2965040.811909390147775,996925.533583824173547],[2965065.436651544645429,996341.35891770129092],[2965386.039718237239867,995950.082043168367818],[2966121.979756441898644,995878.938546316232532],[2966558.666384394280612,996399.149228649097495],[2966852.811549392994493,997202.419399205246009],[2966707.899590389337391,998668.320064918836579],[2968607.8455193140544,999432.171900903456844],[2969097.185362560208887,999280.623142463620752],[2969357.002426848281175,998788.448232843307778],[2968740.887374863959849,996795.80828053294681],[2968813.48710035905242,996349.448781715589575],[2969301.35512769035995,996222.673920603934675],[2970721.527554743457586,996740.05823779606726],[2972379.864168150350451,996627.196266052313149],[2974970.51280463906005,998264.902471976587549],[2974987.615382818505168,1000867.538061953964643],[2976676.072165924590081,1000493.636270107817836],[2977922.36150336638093,999886.715344741009176],[2979862.747973111458123,999966.570749593432993],[2982632.650678697042167,1001908.214579986641183],[2984507.384522907435894,1002708.223932813270949],[2985483.281986967660487,1002568.482271116110496],[2985932.997762896120548,1003193.338708390714601],[2988153.992301991675049,998487.315030836849473],[2990726.029801997356117,993795.464430951979011],[2994416.494502009358257,988444.758731079986319],[2994874.828402017708868,986345.943531144293956],[2995553.424402019474655,984729.25383116689045],[2997020.467602021060884,982559.417531219893135],[2997219.178402015473694,980606.673431282979436],[2998348.164702023379505,978493.357431327342056],[2997612.463286409154534,977002.621931512840092],[2997290.528409225866199,977240.274664689437486],[2997296.962686289101839,978609.836676525883377],[2996988.543788680806756,979026.164032887318172],[2995478.537348141893744,978656.822783742216416],[2993723.528061563614756,977534.135981854866259],[2992350.800076235085726,978200.725868207402527],[2991625.429535829927772,977823.919603031128645],[2991276.907867669127882,977230.500141330761835],[2991160.933199265040457,976331.518626119825058],[2993806.742172099649906,974909.489529248443432],[2993448.042169402353466,973668.537619939306751],[2993023.315735353622586,973198.762433682335541],[2991797.261387906968594,973993.161853144061752],[2989940.909512113779783,976329.128862364799716],[2988857.787188440095633,976305.043347666971385],[2988780.707094360142946,975880.074744218145497],[2989108.277356166392565,976223.872829515603371],[2990033.368766880594194,976070.258062811102718],[2991867.278476271778345,973695.896403826074675],[2992324.419847982004285,973282.900358195998706],[2993087.97697470150888,973087.721076634712517],[2993623.787317870184779,973622.617139680194668],[2993967.725966579746455,974949.970605371985584],[2991347.288457691669464,976298.756993340095505],[2991617.834845860954374,977574.795017362572253],[2992293.681436103768647,978013.0732858448755],[2993678.332748357206583,977321.627582529326901],[2995630.253126786556095,978522.822528906166553],[2996633.293442296795547,978807.06989376724232],[2997045.636760796885937,978691.892222245689481],[2997096.2365962555632,977036.65178110927809],[2998189.322302020620555,976438.786631381139159],[2998424.670002012979239,974245.239131432725117],[3000313.952602024190128,970090.336331541999243],[3001640.364202028606087,967887.379231582162902],[3003898.600506860297173,964900.348450030083768],[3003302.01694783847779,964588.144808523589745],[3003240.412032400257885,964359.664771772106178],[3003692.081554504111409,963673.577739228610881],[3002217.434629905968904,963873.544027478550561],[3001698.819274347275496,963681.620725979330018],[3001284.360505435150117,964085.678492671810091],[3001113.273476924281567,964119.689902571495622],[2999344.013953391928226,963598.915128684137017],[2998936.679215784650296,963907.524424369796179],[2998782.518297052476555,963586.32674727216363],[2998966.486864074133337,963866.358647246146575],[2999277.578746416606009,963585.472829646081664],[2999464.060537722893059,963575.710090269334614],[3001089.368441067636013,964075.327651776489802],[3001702.810714136343449,963636.887706654611975],[3002276.651239663362503,963809.133250957820565],[3003643.254373734816909,963585.824567122734152],[3003824.209807712119073,963821.966638488811441],[3003344.262481108307838,964436.699795391410589],[3003701.920032538473606,964743.538711844943464],[3004025.195739755872637,964585.456950033665635],[3003999.934441661462188,964835.649945406592451],[3005307.972177091054618,963339.473390411585569],[3004031.488550142850727,963238.949361249338835],[3003897.314950961619616,963105.639125687303022],[3004950.052534159272909,963097.353118580766022],[3004824.173983379267156,962322.586726548848674],[3005004.554768316447735,962308.718969477340579],[3005084.65096519747749,962634.19612033246085],[3005402.508264591917396,962609.430576620041393],[3005155.30267840763554,962840.895733556360938],[3005239.934658144600689,963172.628414236125536],[3005565.246802039444447,963159.711031713988632],[3013282.349002067465335,955269.867431911290623],[3019261.31365016521886,950133.294080282561481],[3016220.177277914248407,949758.945700965472497],[3014240.701530901249498,949215.950994910555892],[3012967.293079080525786,949751.132305005798116],[3012889.97697687195614,950222.559259395580739],[3012586.315041994675994,950448.832925396622159],[3011746.361583771649748,950147.024745427072048],[3011091.460217159707099,949028.638375905924477],[3010722.907571653369814,943997.447108828346245],[3010204.621305227745324,943073.348310779896565],[3009743.159248849842697,943270.092933589941822],[3009297.318881514016539,943915.608886221889406],[3007457.135748791042715,943774.327167975716293],[3007227.687939521390945,945106.120672309421934],[3006337.082400978542864,946306.203142957296222],[3005269.433089024852961,946157.583221172564663],[3004330.974585650954396,945098.471773054799996],[3003803.935357485432178,945643.324284392641857],[3002915.951436256058514,945623.631105290492997],[3002621.267608429770917,945068.678192657767795],[3002808.580632036551833,944126.596102375653572],[3002383.911625446286052,943801.255173785844818],[3001931.577737126499414,943990.336669103824534],[3002060.86907246010378,945263.365935938432813],[3001748.410528969485313,945871.073039624141529],[3000895.515483543276787,946507.315119350678287],[3000058.466818063985556,946413.750356313190423],[2999355.461195495910943,947078.463740512146614],[2998668.848924586549401,946947.304512454196811],[2999175.749618525616825,946925.143981287023053],[3000079.641736127436161,946232.022921099560335],[3001000.34225248079747,946268.430576051468961],[3001659.890371721237898,945719.530769786448218],[3001737.830627752933651,944135.530098375631496],[3002197.671836096793413,943605.799942346056923],[3002693.864661136176437,943716.595425290171988],[3002942.976167657412589,944070.949478452443145],[3002783.152699291706085,945279.728896892862394],[3003099.987187989521772,945577.869562436710112],[3004432.938627734780312,944992.921673782519065],[3005028.609464314300567,945795.477048094850034],[3005950.450659025460482,946173.122425474575721],[3006682.606838463805616,945758.211323638213798],[3007394.023049820680171,943623.612214911030605],[3009227.544056429993361,943681.747022533090785],[3009454.115142572671175,943205.704403054784052],[3010060.287400671280921,942861.759222830762155],[3010453.986560384277254,943045.063131929375231],[3010910.212492098566145,943811.532101127202623],[3011281.840077988803387,948659.139823556179181],[3012047.93947395356372,950004.201039463630877],[3012736.287947827018797,950078.596586119383574],[3013130.814885266125202,949149.262876090942882],[3013641.670929131563753,948919.829897053888999],[3017089.070810293778777,949545.622463507810608],[3018595.854823597706854,949330.76789756224025],[3019646.529436307959259,949803.643956089392304],[3020341.567102092318237,949478.297632050933316],[3021601.059202092699707,948074.653832096839324],[3024611.780402103438973,943545.251332204206847],[3027680.612702116835862,940132.908932290738449],[3036145.422302150167525,931653.826932496740483],[3042717.459602168761194,925460.203832661733031],[3042825.623521148692816,925107.731615877710283],[3042646.330195704475045,925177.22494243143592],[3042553.075030538253486,924900.837824948714115],[3041282.702711736783385,926490.541930523468181],[3041466.179091301281005,925573.194999790401198],[3040789.524448106065392,925781.860990806599148],[3040031.138332893140614,925702.608522282913327],[3040334.076903745997697,925522.04200727189891],[3039936.38089516852051,925488.488345135119744],[3039737.570668098982424,926019.699528415803798],[3040267.869890029076487,926231.064080163836479],[3040318.378309552557766,926767.087498878827319],[3039278.827290201559663,927565.059518650174141],[3038501.717180926352739,927236.633486588019878],[3037564.577507277950644,927401.307509842445143],[3037354.608933431562036,927296.922939956770279],[3037214.14568531839177,926895.116749490262009],[3036677.951838830951601,926957.689778468105942],[3035964.93278282135725,927651.664648806559853],[3035314.176857516169548,929003.311313437996432],[3034751.44862364185974,929077.204028220032342],[3034872.890088440850377,928681.452968135825358],[3035216.716961937025189,928907.626951180049218],[3035973.188329420052469,927399.813261789968237],[3036834.812569662928581,926771.801589175476693],[3037301.41116074193269,926788.601954535464756],[3037531.970144085586071,927291.94802496698685],[3038202.724925655405968,927089.242953220382333],[3039291.471251490991563,927413.131980521837249],[3039562.358330970164388,927282.751466311630793],[3040121.651340919546783,926516.650043731555343],[3039563.003119068685919,925924.983071540249512],[3039826.300965838134289,925302.43931644433178],[3039390.976129545364529,925254.489013011800125],[3039860.971998046152294,925134.888921851292253],[3040777.215733130928129,925617.24045174010098],[3041652.851514319423586,925443.790978830889799],[3043136.26123285619542,924008.982765113818459],[3043455.694026685785502,923399.475095673697069],[3043264.446158637292683,921994.4599975773599],[3042193.764842583797872,920879.712090256391093],[3041504.701905422843993,920789.018351763719693],[3040197.190283580683172,921708.604762082803063],[3039526.208534422330558,921668.331063297344372],[3038847.05521701136604,920357.505913594388403],[3038792.267802134156227,918924.624588753795251],[3039018.097856974229217,920485.766033411957324],[3039701.144042106345296,921622.456957353977486],[3040088.01567354798317,921606.566092091845348],[3041293.286153130233288,920612.957021777285263],[3041754.848362870514393,920598.765138455666602],[3042472.752353731077164,920814.707249200437218],[3043395.476318784989417,921844.9439013103256],[3043758.464391532354057,922811.674554465687834],[3043499.491294778883457,923789.836178116151132],[3042669.642246626783162,924667.4430114190327],[3043041.820185540243983,924725.818993917433545],[3042987.565646854229271,924977.839295829180628],[3044195.663802170194685,923367.816932712914422],[3045280.718002176377922,922371.334132740274072],[3047096.396402180194855,920629.068132782820612],[3047536.018602186813951,920239.889432797557674],[3049345.026902191806585,918501.442632838734426],[3049520.274802191648632,918362.746232850244269],[3050060.491303671617061,917841.740560009144247],[3050495.364609561860561,917077.50142720900476],[3049259.810823976993561,918468.58223886997439],[3049750.33024575188756,917761.634132620994933],[3049783.331466453149915,917367.892958613811061],[3049606.244003944098949,917400.663523623486981],[3049632.279528716113418,917739.979396806331351],[3049443.228298170026392,917816.308301349286921],[3048576.47225836198777,917300.179559139767662],[3048472.114665240980685,917462.149039812735282],[3048710.72955013345927,917569.27247376635205],[3048728.812297964468598,917692.224959492101334],[3048677.44242940004915,917759.778968959231861],[3048539.415917916223407,917783.490864673629403],[3048225.502478985115886,917701.530317103024572],[3047858.81072009447962,917964.042261844966561],[3047626.209258820395917,918071.250914053525776],[3047581.245120647829026,918336.205363636254333],[3047471.871554454322904,918413.381086822832003],[3047216.155854988843203,918486.184672222938389],[3046964.199709737673402,918957.566008754190989],[3046733.501742910593748,919198.314434990286827],[3046546.342928781639785,919235.840985769289546],[3046095.721135715022683,919163.687939162831753],[3046737.131944118533283,919170.503156829858199],[3047189.477751176804304,918476.603158147423528],[3047572.995226060040295,918305.132812682189979],[3047563.396529890131205,918116.624350152909756],[3047648.175243660341948,918025.930865561240353],[3048196.275911987759173,917672.960449431906454],[3048673.129109343513846,917730.789321512798779],[3048446.157966403290629,917464.538481294643134],[3048552.797563658561558,917246.832673921016976],[3049522.991467196960002,917770.331973845837638],[3049554.474691974930465,917442.304704615846276],[3049662.080136885400862,917312.291808647220023],[3049796.429556963033974,917318.384256441378966],[3049942.18004936305806,917520.994520300417207],[3049764.576781458687037,916799.61090495379176],[3049944.855161618441343,917016.966871465556324],[3049920.96542901918292,916627.887043479830027],[3050063.521430642809719,917270.755752775003202],[3050402.008543683215976,916978.711401129025035],[3048953.393871298059821,915429.977870053960942],[3048740.914801387116313,915010.632180615095422],[3048097.237189108505845,914842.34351454093121],[3047892.043348086066544,914668.24294904479757],[3047822.482090891338885,914531.145551774767227],[3047823.349391583353281,913458.186996089993045],[3047280.803881493397057,913267.324961480800994],[3046656.938423734623939,912585.411634549498558],[3046449.4071861426346,912037.643263480393216],[3046392.969935786910355,911590.997312303981744],[3046216.64013690315187,911245.195404852624051],[3046141.792030359152704,910215.280172101338394],[3046252.57632026122883,909904.996614877134562],[3046249.477445352822542,911246.950126319425181],[3046441.890229810029268,911672.826814871747047],[3046527.501645738258958,912236.711656368570402],[3047130.808822434395552,913075.565671193529852],[3047820.555656138807535,913363.477089156280272],[3047860.670822355896235,914559.921841366100125],[3048796.951522648334503,914999.970753181260079],[3050653.441949069965631,917048.277757683536038],[3052858.341602200642228,914144.488132953876629],[3064712.078402239363641,900681.499433296732605],[3065598.072902240324765,899939.021933319745585],[3065676.006402235943824,898473.283433354343288],[3066802.564002242404968,896270.646733398316428],[3068167.236102249473333,894439.704433457343839],[3071662.232502259779721,890452.416033548302948],[3074180.95520226797089,888015.367633616668172],[3074808.739902270026505,887038.884333641268313],[3076913.834002275019884,885146.013033694238402],[3077812.825702272821218,884479.961533710127696],[3078123.587502276524901,884490.242633706424385],[3079520.482302280142903,882760.835733755957335],[3079608.047302284743637,881156.744033794268034],[3080485.888702287338674,879695.677433827891946],[3080864.393902288284153,878341.966533870087005],[3082420.573402288369834,876446.589633907307871],[3082154.139802280813456,875936.995633925776929],[3082247.648902283981442,875473.417333938064985],[3083296.835802289191633,873110.496433994499967],[3083776.234302286058664,872365.054134018486366],[3084112.023102295584977,872288.63013402489014],[3084042.196802289225161,871215.519834048580378],[3084487.923902286216617,870023.041234079515561],[3084855.43520228471607,869780.044434077339247],[3084796.187402290292084,869398.435334093170241],[3085041.945602293126285,869095.600234095705673],[3085060.362402300350368,868942.719634098582901],[3084944.529302286915481,868681.258934109122492],[3085031.622702291700989,869073.112134096212685],[3084666.874402286019176,869353.709334084996954],[3084593.755602286197245,868946.27553410641849],[3084885.237902284599841,868904.33363409852609],[3084556.860602288506925,868704.927334107924253],[3084325.083202282898128,867969.628034123335965],[3084414.273902290035039,866936.871834142832085],[3085703.11500229453668,864705.49173420027364],[3086053.244902292266488,864630.354134208988398],[3085991.369202287402004,864424.388134216307662],[3085600.598902283236384,864402.732034215820022],[3085420.94590229075402,863817.590634236345068],[3085388.546402290929109,862802.331834258744493],[3085799.580902284942567,860782.414734303834848],[3088424.438302288297564,856286.460934419883415],[3087705.647502288687974,855193.764834437286481],[3088390.735802281647921,851759.236934532527812],[3091061.43830229062587,847574.382034643203951],[3093671.195302293635905,844416.297634719056077],[3094985.271602302324027,843292.041534746764228],[3095628.586402309127152,841360.044434801791795],[3095632.508102306164801,841120.670334810041822],[3094966.509202298242599,840761.229934807633981],[3094578.770502298139036,840063.137634830665775],[3094496.509257022291422,835847.022907622857019],[3094340.333697776775807,836117.394498760811985],[3093902.437736839056015,836009.044065872440115],[3092240.918942497577518,834872.489070701180026],[3091146.71701876167208,835325.714942160178907],[3090809.656972424127162,835153.378167262650095],[3090687.945936902426183,834710.581150615355],[3091254.263149483129382,835234.513156660599634],[3092231.95937151229009,834734.770583803066984],[3093949.321767930407077,835693.19221040874254],[3094367.717409035656601,835668.252761785872281],[3094487.690319707151502,835243.633947361260653],[3094380.806477386504412,835802.132746471324936],[3094579.57007706258446,835693.920549265574664],[3095153.0252022924833,833603.647034990251996],[3096249.635702301282436,831363.109235043055378],[3095839.164702292066067,829829.193335084593855],[3096333.535402297973633,828184.194335135864094],[3097509.872302290983498,826035.940535188885406],[3099031.848389352671802,824325.633781654178165],[3097647.751192553900182,824317.058261255151592],[3097047.859686431940645,824651.822897404897958],[3095127.900897449813783,824960.1566447209334],[3094682.310697328299284,825361.175870331702754],[3093862.383998568635434,827054.16822049592156],[3094471.896791183389723,825501.812882451573387],[3095105.470233062282205,824859.814776278333738],[3096388.557167021092027,824649.647622680291533],[3097654.458835435565561,824068.056753318058327],[3099210.928782752715051,824223.180243051610887],[3101143.479502310976386,822392.846935277339071],[3104397.215702315792441,820385.979135336354375],[3107125.414302330464125,819184.153035370633006],[3108280.028402330353856,818996.333835378871299],[3108956.913902336731553,818367.98853539081756],[3109876.298002335708588,818321.989335394697264],[3110339.053502338938415,817846.88783540087752],[3110729.921702345833182,816884.68703542125877],[3110841.445902341511101,815710.856135452748276],[3111685.931402346119285,815006.854035473894328],[3112641.473402339965105,814643.547835480072536],[3112899.875302344560623,814850.214535484090447],[3115236.944802347570658,815162.680935486918315],[3112895.547602345235646,814810.708035483723506],[3112785.494902352336794,814595.888735492015257],[3115166.299502358306199,814950.303035480435938],[3115751.860602364409715,814873.355835479800589],[3116206.279602362774312,814450.324935495737009],[3116178.177602353971452,813907.920735505293123],[3116548.61410235799849,813450.54433551535476],[3116525.32010236568749,813417.38143551745452],[3116146.779902359470725,813908.35173550399486],[3116197.608402363024652,813630.921835514716804],[3116109.030702362302691,813902.756835511070676],[3115804.011902360711247,813587.994035516050644],[3115815.527902356814593,813823.815535512752831],[3115216.486402352340519,814004.11183550208807],[3114900.592102354392409,814513.752535490784794],[3114817.02130236197263,814296.059735495364293],[3114755.020702354144305,814483.272035493166186],[3114455.181702357716858,814402.474135492928326],[3114605.151002348866314,814180.438835504464805],[3114405.834702352061868,814044.643935501459055],[3114776.403702353127301,814034.371435506734997],[3114530.352102355100214,813863.683835511561483],[3114799.812802353408188,813928.163435504189692],[3114650.635902349371463,813684.10353551316075],[3114983.578602347522974,813778.81423550832551],[3114660.639302351046354,813555.334935516933911],[3114947.190602350980043,813492.686435520998202],[3114864.304702350869775,813257.972035520593636],[3115064.050802357494831,813354.967635519453324],[3114949.220802356023341,813129.096435524057597],[3115300.464102358557284,813325.594835521420464],[3115584.93950234958902,812838.075035542016849],[3115938.715002359822392,813193.034735525608994],[3115535.259902355261147,812787.336935536470264],[3115767.894002358894795,812472.411935542128049],[3116239.462802359368652,812409.690435542259365],[3116384.69020236004144,813077.58253553241957],[3116440.587802363093942,813102.195135537884198],[3116207.153702355921268,812152.937135548214428],[3116441.434902358334512,811589.570235569961369],[3116282.031302355695516,810752.51463558874093],[3117083.57890236005187,809683.859635620960034],[3117929.587002363987267,809493.679735621088184],[3118660.289802363142371,808826.070135631598532],[3118854.835702362470329,808889.751035630935803],[3119656.219502365682274,807792.841635660850443],[3119585.485402366146445,807419.884235672536306],[3118907.901002360973507,806891.473935690242797],[3118902.634502360597253,805847.954335707589053],[3118448.381402355618775,804912.827535739867017],[3118897.909902357496321,803244.585135781206191],[3119335.843602360226214,802536.690735797747038],[3119521.114402364939451,802629.812235790072009],[3118598.95308082504198,802030.064529965748079],[3117990.073113504331559,801976.226916541461833],[3117774.261045230552554,802847.344103492680006],[3117584.437497417908162,803066.025381733896211],[3116981.284195181448013,803266.587546429829672],[3116918.11115866759792,803484.390105962986127],[3116756.517089750152081,803649.925309341866523],[3116729.877776864450425,803841.702664547599852],[3116699.397612491156906,803864.885112668271177],[3116270.684629833791405,803823.462807773030363],[3116195.629253967665136,803672.064496494363993],[3116023.358211111277342,803907.132281130761839],[3115913.176013324409723,804009.122882947791368],[3115852.924206986557692,804026.589311458868906],[3115814.165564006660134,803777.372913668863475],[3115610.507085074670613,803909.974305293872021],[3115431.754486980382353,803880.666034584864974],[3115078.308849066030234,803412.357663497678004],[3115180.353677740320563,803276.266568874823861],[3114787.587656521238387,803150.979286176618189],[3115184.417832849081606,803232.494970558909699],[3115306.90502558182925,803686.170687033329159],[3115536.779559969902039,803623.007665947079659],[3115481.577732818201184,803881.887160669080913],[3115810.864619736094028,803749.374571434222162],[3115906.688417123164982,803989.022078909212723],[3116100.086812516208738,803705.615795082529075],[3116238.140869081486017,803646.186265613883734],[3116677.652206686325371,803816.49227966950275],[3116748.140731758903712,803584.91102887946181],[3116961.092536426149309,803236.180510416161269],[3117729.854370094370097,802869.18617527349852],[3117721.188628846779466,802328.567304331460036],[3118019.394553365651518,801919.116175131639466],[3117736.948826834559441,801808.486604192177765],[3117269.219664317555726,801162.863968410529196],[3116277.213173790834844,801443.621703607146628],[3115022.152902036905289,801391.895336217596196],[3114837.376490552444011,801282.669252803898416],[3114946.295262353494763,800500.624240364762954],[3114576.287885906174779,800219.340237966040149],[3114537.474540829658508,799850.454224762739614],[3114977.02013609232381,799451.422407865989953],[3115829.767445221077651,799320.788346384186298],[3116007.447517825290561,798663.066568845766596],[3115486.162938581779599,798695.138565133558586],[3114926.845080953091383,798367.315299982437864],[3114770.274336340371519,798002.510821921401657],[3114759.3298987490125,797107.806835288647562],[3114380.128954528830945,797119.438767683226615],[3114135.472608986310661,797052.607188334339298],[3114108.107674771919847,796867.462692222907208],[3114186.720695957541466,796670.958594983443618],[3113969.153395988047123,796516.04457697737962],[3113496.761045840103179,796993.060213253018446],[3113725.837046583648771,797410.504761855117977],[3113294.285375607199967,797726.983028315240517],[3113563.935283315367997,797913.083154208725318],[3113598.412211586721241,798011.649188200477511],[3113064.493912001140416,798273.766600213362835],[3112723.279389110859483,798322.238426558091305],[3112433.099364508874714,797468.542818297515623],[3111966.786249924451113,797820.076229791273363],[3111865.211844167672098,797814.59524138213601],[3111856.017362433020025,797660.806992148049176],[3111970.30008300812915,797310.612961511011235],[3111614.542115718126297,796772.39671277301386],[3111388.1638736827299,796854.598609150853008],[3111278.935623883269727,796795.083987744525075],[3111138.536415140610188,796217.26831141137518],[3110565.335154885891825,796372.741686409455724],[3110378.416133532766253,796350.213326276745647],[3109797.59691814891994,796124.57932896562852],[3109161.5661018374376,796198.749698853469454],[3109047.91701281350106,796075.307476980844513],[3109071.521985333412886,795803.649500935338438],[3108455.839933396317065,795779.600402947864495],[3108382.48392688203603,795720.964043247746304],[3108305.743904297240078,795474.768827170482837],[3108134.876141911372542,795855.507937418762594],[3107895.901911673601717,795922.455215650843456],[3107059.033028930425644,795034.400508425780572],[3106945.143619947135448,794798.262695869314484],[3106664.697045021690428,795174.335591522278264],[3106201.694771398324519,795267.719901776523329],[3106141.558424132876098,795239.323242095066234],[3106121.269085828214884,795131.126919263508171],[3106232.24741270346567,794956.334332380210981],[3106049.360237227752805,794850.144035287201405],[3105880.647386310622096,795061.419296085485257],[3105945.120430168230087,795320.280645788647234],[3105825.777109250426292,795551.711735774413683],[3105584.321338398382068,795638.54937877622433],[3105299.119257759302855,795556.786142307333648],[3104964.533959333784878,795700.187203660374507],[3104408.189402497373521,795205.925291059305891],[3104349.408823506906629,794754.733497179229744],[3103961.249468039721251,794764.197865159949288],[3103725.218854358419776,794587.901783773675561],[3102945.833876222837716,795426.497652378631756],[3103071.326709260698408,795923.197027107118629],[3102961.982491603121161,796112.993563577882014],[3103243.273906564805657,796314.321115617174655],[3103138.716252421494573,796716.644208536250517],[3102488.858136515598744,796948.096656463108957],[3102077.1740518999286,797431.680891003459692],[3101970.121135229244828,797486.908057290012948],[3101824.077531616203487,797423.512165848980658],[3101692.44822717551142,797218.861934554530308],[3101442.900003123097122,797269.619467882672325],[3100493.852831087540835,797092.907776117906906],[3099458.440348362084478,798168.629028560128063],[3099002.978297021239996,798239.310172350145876],[3098566.617201984394342,798180.819215701310895],[3098511.993747178465128,798130.626228551613167],[3098830.555354302749038,796924.735704411286861],[3098464.507716592401266,796108.041039125062525],[3097960.550093602389097,796531.573250021436252],[3097792.604771409649402,797162.738212531898171],[3097418.358179782051593,797419.897259203018621],[3096831.374648002441972,797075.521945271757431],[3096294.807480559684336,797856.288980229757726],[3096188.548910508397967,797796.86172755563166],[3095744.238505944609642,797285.433499128674157],[3095604.288626726251096,797258.095557205961086],[3095317.588328614365309,796990.83783241151832],[3095119.373476710636169,796734.706353104091249],[3095157.464657720178366,796398.552449993207119],[3095540.501685960683972,795944.130846091196872],[3095137.751286616083235,796717.202730341348797],[3095432.237820745445788,797074.404870660509914],[3095787.922349321655929,797293.475745334639214],[3096292.83541155140847,797814.357368681929074],[3096832.151506109163165,797043.629310066462494],[3097546.291488859336823,797326.276247514062561],[3097782.320778903085738,797134.564685978577472],[3097913.681337890215218,796531.429653410217725],[3098118.449492739979178,796231.253238040604629],[3098460.179843679070473,796081.009770350297913],[3098696.763555850367993,796317.139125765999779],[3098839.739725159946829,796793.320924492203631],[3098861.484014440327883,797128.926785377319902],[3098526.35882419673726,798114.021301628090441],[3099066.446947162505239,798212.933355114539154],[3099462.936155301053077,798106.909871300216764],[3100476.203341886401176,797039.624392140307464],[3101700.251588113605976,797185.147097471985035],[3101918.150066767819226,797450.737402153201401],[3102470.458371796645224,796925.708181170863099],[3103047.900612849276513,796719.412220677477308],[3103209.752067761961371,796339.43048990285024],[3102937.722888233605772,796126.362518484587781],[3102911.802308154758066,795431.650952737545595],[3103629.978626026771963,794567.623085895436816],[3104351.402899257838726,794713.896134209237061],[3104425.790638011414558,795179.430519950692542],[3105003.840564783662558,795683.197833652375266],[3105258.064633208792657,795522.873350777081214],[3105832.806168521288782,795509.003109233337454],[3105865.041541292332113,795047.077038044808432],[3106048.36572193633765,794809.233998411800712],[3106249.364043270703405,794908.887142668594606],[3106177.583681378047913,795234.221762661123648],[3106613.189591643866152,795160.112770025385544],[3106863.978011379018426,794814.227468026336282],[3106976.648567567579448,794774.102986820857041],[3107894.811548175290227,795885.531760922865942],[3108296.509417030028999,795444.626303999568336],[3108438.900305503979325,795738.300545721082017],[3109064.720642554573715,795755.618218943942338],[3109188.015029913745821,796177.459140653838404],[3109785.179103830829263,796102.337145577534102],[3109920.494714975357056,796114.627227595308796],[3110425.695908669847995,796333.422075137146749],[3110995.521174148656428,796152.935224380111322],[3111271.956493283621967,796225.525368893519044],[3111304.143923418130726,796783.735607718350366],[3111603.536222829483449,796733.236985611380078],[3112003.01558487676084,797318.395965480594896],[3111904.442699091974646,797800.598073741188273],[3112438.888587117195129,797435.777417436242104],[3112709.596250683069229,797741.562334941932932],[3112715.483662575017661,798274.182859324384481],[3113014.086158691905439,798255.579555762698874],[3113582.881750313565135,797994.316470278310589],[3113269.883786201942712,797705.444791390094906],[3113699.197626185137779,797398.881972957984544],[3113467.959738730918616,796988.364812604733743],[3113906.053509442135692,796527.459608184173703],[3114033.886878436431289,796478.744131343206391],[3114189.820200648158789,796585.279370360774919],[3114213.792285249568522,796705.525990134221502],[3114132.77091617602855,796918.92358574946411],[3114163.742828562855721,797038.345158962998539],[3114710.268084036186337,797034.807571906363592],[3115320.693392826244235,797312.043743010377511],[3115175.111153603997082,796662.319237486808561],[3115441.010349780321121,796432.524785962770693],[3115187.567880594637245,796155.074166937614791],[3115130.807805243413895,795624.188825759920292],[3114780.185016761533916,795202.749511397094466],[3114908.082710010465235,794948.621298086480238],[3114573.982096005231142,794828.731740449089557],[3114107.429384470917284,795026.680348725290969],[3113691.527273553889245,794948.659016709192656],[3113947.533233665861189,794472.308783642016351],[3113664.154010605532676,794073.45472472300753],[3113645.155059057287872,793872.553369542234577],[3113727.166120998095721,793740.942421914311126],[3114115.806437757797539,793508.17100925964769],[3114135.524150121957064,793070.885303284157999],[3113755.337631918489933,793040.604323261301033],[3113421.943216694053262,792850.922369169886224],[3113403.77388417115435,792778.677370809251443],[3113592.668471934273839,792639.718831533100456],[3113959.765444627963006,792756.437223229906522],[3114193.627091044560075,792491.939675807137974],[3113889.095573934726417,792264.073987411335111],[3113493.516585594974458,792373.023349578492343],[3113389.900512332096696,792328.594646335579455],[3113066.239558142609894,791783.142712653032504],[3113145.858580562286079,791586.650517525733449],[3113297.628843940794468,791497.637548693805002],[3113095.728376880288124,791759.932315311976708],[3113406.874836228322238,792287.128881025477313],[3113957.598760217893869,792235.840706878341734],[3114232.495077275671065,792492.895085086580366],[3113996.002473645843565,792783.255152765894309],[3113438.550448934081942,792824.40631251630839],[3114099.155862364917994,792968.277472640387714],[3114165.177892301697284,793081.586450663744472],[3114131.353393353521824,793565.392831789329648],[3113682.07819295860827,793871.466067566303536],[3113995.974486710969359,794489.453333350364119],[3113742.425458858720958,794946.917609320138581],[3114512.447585969232023,794776.363464571419172],[3114881.09121909737587,794870.178158594877459],[3114966.621653523761779,795041.799275510944426],[3114841.384633507113904,795228.184737705509178],[3115201.384895406663418,795673.786981930257753],[3115232.658309633843601,796146.211198084172793],[3115515.930392877664417,796386.503132332465611],[3115223.812939514406025,796709.383777786046267],[3115395.09748164890334,797286.947842229506932],[3115309.993951371870935,797341.695072265341878],[3115022.912915055174381,797215.986345282522961],[3114865.176156951114535,797304.849352385266684],[3114888.751845811028033,798091.172883813269436],[3115366.305824548471719,798581.516148954047821],[3116060.000632177107036,798634.442961217951961],[3115892.688150552567095,799357.232025654404424],[3115076.06022636173293,799478.779222326236777],[3114576.620772500522435,799921.211488312575966],[3114994.64660532400012,800439.99047550233081],[3114921.375468929763883,801272.765087053878233],[3116652.666195803787559,801299.285535978968255],[3117232.834922281559557,801020.384507106500678],[3118129.759244951885194,801769.275049977004528],[3118917.016589459963143,801908.259520548395813],[3118991.721372180152684,801667.810483569977805],[3119247.872502574231476,801468.708890236099251],[3118869.293863698840141,801172.251380632631481],[3118455.170410884544253,801186.006128201028332],[3118549.113740760833025,800203.20330538356211],[3118259.708777667488903,800538.090232651913539],[3118058.192917863838375,800582.994564360240474],[3117431.697229376528412,800271.471762940054759],[3117789.248528491705656,799963.179883472039364],[3117889.489185774698853,799251.723587408894673],[3117658.537414027377963,797451.246355800074525],[3118566.995518330018967,797123.595602505840361],[3118902.590086182579398,796168.628185418085195],[3119475.585391271393746,796101.96284118690528],[3119702.809686906635761,796349.856999410782009],[3119574.817578159272671,795918.939828298054636],[3119869.017646333668381,795066.655526260030456],[3119608.970016307197511,795058.256770581123419],[3119240.501345704309642,794917.562316710827872],[3119162.273680528160185,794854.80936549778562],[3119120.951033954508603,794548.665669523645192],[3119352.354820843786001,794303.082232614513487],[3119070.122485197149217,793940.148324638721533],[3118312.875027818605304,794078.059006385039538],[3117744.255392579361796,794736.151063177268952],[3117555.873836037702858,794773.3970203922363],[3118260.557573207654059,794015.943289729999378],[3119113.908079740591347,793903.333712065243162],[3119418.765057444572449,794278.790812701219693],[3119180.555156343150884,794841.299482843372971],[3119917.267945075407624,795050.892056706361473],[3119634.599636088125408,795961.293362685246393],[3119758.933770385570824,796338.277335059945472],[3120579.42932863580063,796060.339590261690319],[3121614.123348454479128,796477.694411987904459],[3122313.607755064032972,796254.628514347830787],[3122421.111248385626823,795776.673321050475352],[3120678.63967293035239,793247.864973191637546],[3120436.544628794305027,792147.012121159932576],[3120698.295152943115681,791722.689008220797405],[3120955.407141858711839,791648.258525143610314],[3121237.553104778751731,791933.428418719442561],[3121368.353131578769535,791643.485988513799384],[3121904.968773778527975,791476.240059722564183],[3121854.97286741156131,791052.108557768398896],[3122208.519287828356028,790888.360741995507851],[3122327.608608399517834,790225.926396359573118],[3122904.447504868265241,789652.809041152824648],[3122930.498293749056756,790017.520085368887521],[3125483.475603320635855,790538.535862839897163],[3125624.894171494990587,791011.171603832859546],[3123397.021787138655782,794776.70439481572248],[3122508.318184127565473,795596.351041912450455],[3122322.912257817573845,796362.546224688179791],[3120382.555158774368465,797536.203338418854401],[3119864.30192198837176,797080.731314145377837],[3119496.631048540119082,796219.144988225423731],[3119324.801834183279425,796394.398372135008685],[3119327.954993554390967,796752.442339649889618],[3119161.150421580299735,796966.708039633580483],[3118228.022859741002321,797527.070618262398057],[3117979.157428456004709,800147.320425278507173],[3118170.448446691967547,800478.067684677196667],[3118447.943967006634921,800019.248333610594273],[3118638.314237182959914,800062.812152039492503],[3118525.732487475033849,801154.837536208564416],[3118971.55301586445421,801108.95842144463677],[3119306.140743399970233,801410.318071218789555],[3119027.611115976236761,802114.37656013155356],[3119295.729609339032322,802276.451000465080142],[3119113.154002357274294,802073.822235811967403],[3119456.117702363990247,801356.817635829211213],[3121249.416902366094291,799539.570935873431154],[3123274.996702369302511,798393.524935906287283],[3125272.090502372011542,797765.050435928977095],[3126776.076602384448051,797543.784835936501622],[3128624.943602388724685,797663.534735933761112],[3130496.930002399720252,798434.661935911979526],[3131598.588002403266728,798566.318635916803032],[3131650.347602402791381,798760.770335907116532],[3131613.4736024052836,798300.952335915993899],[3132546.815302417147905,797985.083235934260301],[3132973.609802410006523,797157.279735947027802],[3133745.475902407895774,791190.241536097135395],[3134573.634902405552566,787142.591936199343763],[3135480.765802400186658,785119.106336256721988],[3136533.034902408719063,783666.396936292643659],[3136420.967102408409119,782228.802136328187771],[3136715.529602408409119,781301.50293635611888],[3138139.188202400691807,779295.947236403822899],[3140256.94210241548717,777247.331536464742385],[3140785.041802415624261,776993.423336463631131],[3141144.03430241625756,776408.874436481157318],[3145321.881502432748675,773609.547736565582454],[3148311.523502439726144,772296.947036609170027],[3154047.325502464547753,770274.427636651438661],[3157070.519902480766177,769630.730336674605496],[3157254.128702479880303,769991.547936667688191],[3157151.1673594401218,769594.402213363326155],[3156838.871633839327842,769264.52053162897937],[3157151.820951642468572,768720.599776901188307],[3156853.362929163500667,766792.795641250908375],[3156559.87364435615018,766575.66583973611705],[3155815.711026896722615,767131.005503497435711],[3155677.724367376882583,766941.114869666984305],[3155723.234503035899252,767206.485211466439068],[3155591.630573889240623,766999.159120184951462],[3153658.886447471566498,767967.734191545750946],[3152234.463008045218885,769245.3071308741346],[3151706.624746137298644,769300.921956870704889],[3150930.178519465960562,768918.377736283233389],[3149960.136982918716967,770546.406958349631168],[3148813.399831784889102,770928.435772519791499],[3148290.733306154608727,770697.608894947334193],[3147774.569868156686425,771829.061709971516393],[3146343.600674635730684,771107.199190651881509],[3145389.489010849501938,772509.456326300161891],[3144846.074476751033217,772932.79578430915717],[3142755.762805468402803,773658.459561587776989],[3142359.34902746649459,774253.457921901368536],[3141939.220222157426178,773860.02239327179268],[3140264.425671562552452,776380.337753472616896],[3139698.458604794926941,776433.889134334749542],[3138823.271023264154792,777530.89239936566446],[3138814.706139649264514,778092.637151834089309],[3138355.068952286615968,777628.064587927539833],[3138561.849102519918233,776879.053157301968895],[3138310.522964430972934,776689.60622517298907],[3137811.330409404356033,777745.877972282818519],[3136632.384696036577225,777201.796783775673248],[3136509.932998981326818,776109.087475714157335],[3136102.077747737057507,775822.401992184109986],[3135814.616519744507968,775194.17468846810516],[3135994.596485015936196,774031.136694265762344],[3136957.095117547549307,773375.768291497020982],[3138181.998756717890501,772936.512817460577935],[3140519.88615703349933,772674.712157568428665],[3141929.339641060680151,772960.721978327841498],[3142138.508085443172604,773216.546802085242234],[3142550.799106676131487,773116.040578987915069],[3143011.56236162269488,773460.835342709789984],[3144731.78783268481493,772863.172107041347772],[3145284.273835649713874,772378.012678135186434],[3144209.065957018174231,772201.912698295200244],[3143620.089880077168345,771811.959089269163087],[3143465.619082003366202,771159.282307480927557],[3143719.684518114663661,770119.39529944898095],[3143847.320955121424049,769971.125722945318557],[3144582.167439817450941,770314.192587890895084],[3146278.540750264190137,770563.750225781812333],[3145991.943992509040982,770128.255185961490497],[3145444.3502919501625,769990.295782255590893],[3145128.877281492110342,769628.015819023363292],[3145192.818373534362763,768002.62770033988636],[3146870.223937645554543,766883.916450631571934],[3148999.914203098975122,766128.98119859630242],[3150064.874977267812937,765005.314299281453714],[3150340.420914467424154,763628.732964007183909],[3150002.973108579404652,763309.241633556084707],[3149998.508025427348912,762741.550890151993372],[3148693.250955681316555,763394.769952526781708],[3148002.123717532493174,764739.804698320105672],[3146203.738256492651999,765205.219393699197099],[3144995.423076666425914,764747.328810184029862],[3145248.404247257858515,764262.794444813160226],[3144706.056282711215317,762869.071186785353348],[3144828.80623856652528,761840.34778199007269],[3143788.860204925760627,761479.377786983153783],[3143497.896320867817849,760687.940655289916322],[3143289.414854861330241,759563.860497949761339],[3143668.456434385851026,758649.993380103493109],[3143301.780536800157279,757878.926289163413458],[3143178.777496092021465,756785.030908149317838],[3142960.577283803839236,756660.157522552763112],[3143232.699835773557425,755652.266753690782934],[3143057.197175761684775,754393.077263613813557],[3142670.952031802386045,753945.742628865293227],[3142585.015862452797592,752866.669997157179751],[3142957.141207094769925,752475.888841612497345],[3142605.590552799869329,751231.305831845267676],[3142018.998751813545823,751009.981159862829372],[3141758.60617576027289,750569.909770017373376],[3141736.55711295036599,750293.940879179164767],[3142186.511349546723068,749870.791136682964861],[3142112.606530968099833,749641.545268735615537],[3140977.130288884509355,747966.265680872136727],[3140569.690215618815273,748429.864487189101055],[3140722.19691990269348,749025.429114774451591],[3140478.961997269652784,749335.698293081019074],[3139499.246626556385309,749865.73487921024207],[3138965.316281285602599,749690.420358407893218],[3139429.058003668207675,749661.760380874620751],[3139536.113364992197603,748805.762409246177413],[3140116.714543203357607,748696.863131109625101],[3139593.501878519542515,747717.116880791960284],[3139953.117356280330569,747318.533487012726255],[3139695.376231306698173,746603.976375638390891],[3139237.260485374368727,746193.521260298672132],[3138887.098694496322423,746444.671538819209673],[3138717.095881221815944,747971.497680703643709],[3137906.240517950151116,748160.360006138915196],[3138369.314392921049148,748262.615978667512536],[3137982.323376066051424,749196.217622887692414],[3138050.070702926721424,748468.893131849472411],[3137722.915642964653671,748081.956734346575104],[3136977.348639622796327,747925.192430099588819],[3136667.620476327836514,748306.749707781942561],[3136348.978389034047723,748213.165467384271324],[3136124.087168009020388,747173.78002994984854],[3136471.081949437968433,746652.671878654276952],[3136931.337986008264124,746479.724351226119325],[3138323.936575451865792,746786.375273040495813],[3138624.717882481403649,747835.132709989324212],[3138698.341527227777988,746266.048627734184265],[3139070.793269998859614,746305.644772424711846],[3139290.910597284790128,745971.58177820709534],[3139096.161459479480982,744337.734367693308741],[3138507.161894994322211,743861.429395001847297],[3138679.735146326944232,743339.08509013755247],[3138361.037568067200482,742521.118791330722161],[3137837.976615734398365,742215.312673736480065],[3137872.652312392834574,741908.8158260199707],[3137541.672610886394978,741589.618547379854135],[3137592.639524772763252,740458.627072160132229],[3137290.012768095359206,740515.673875205917284],[3136981.092501378618181,740034.994825622765347],[3136439.31147054862231,739903.310967079014517],[3136639.750379573088139,739253.631556341308169],[3136040.694319436326623,739468.229560861247592],[3135549.516325841657817,739089.801800888613798],[3135505.894757167901844,738787.378130984841846],[3134758.909649892710149,738518.871630195179023],[3133951.796548997052014,739720.647033947636373],[3133750.356071843300015,739533.952059342293069],[3133316.680040351115167,739683.455000964924693],[3132711.895302765071392,740209.490018763113767],[3132605.346443352755159,739678.745253268978558],[3132224.552150343544781,739507.552203378407285],[3131763.374318084679544,740391.895252068876289],[3132077.83792064525187,740705.209869211656041],[3131738.413884898182005,741007.826808973099105],[3131163.386704127304256,740785.930326266563497],[3130932.261694434098899,739960.809028751333244],[3131287.570395295508206,739297.502439031843096],[3132534.227946991100907,738763.045317972078919],[3133376.616281836759299,738887.573003049241379],[3133634.659573119133711,739164.388237896142527],[3134145.497158878482878,738557.864105617394671],[3134368.228965906426311,738582.826423966325819],[3134495.717258142307401,738115.675881906994618],[3133577.523440215270966,736937.839149359730072],[3132336.138633669819683,736803.345750053646043],[3131115.495836459100246,735786.602509250980802],[3130370.446039891801775,736141.944212205242366],[3129712.179715122096241,736038.551504755741917],[3128901.438498854637146,736542.046784722362645],[3128870.222992028575391,736266.945659427670762],[3129253.626691602170467,735914.394963881000876],[3128746.744968653190881,735751.958874328411184],[3128694.410781005397439,735326.41763743001502],[3129579.919426595792174,735348.527263006893918],[3129983.244608764536679,735658.341980462661013],[3130950.409924925304949,735421.311757991323248],[3129817.639008283615112,733894.888730400707573],[3129357.299474463798106,734140.65715566126164],[3128983.267610909417272,733764.149989518220536],[3128825.718961616512388,733235.282947564381175],[3128187.17531799711287,732944.824294438702054],[3128115.470156869385391,732674.569545277976431],[3127688.443182837218046,733048.769296157173812],[3127394.873792190570384,733079.399526455905288],[3127003.266284042969346,732464.891487164772116],[3127413.64378416351974,733015.20660417014733],[3127984.639936055056751,732567.453511450905353],[3128254.184059067629278,732630.762920584180392],[3128421.747606215067208,732977.571789031266235],[3128911.206981492228806,733154.672037723823451],[3129258.803965884260833,733953.66304375755135],[3129812.268304413184524,733791.932897876598872],[3131096.431390893179923,735279.327154685277492],[3131373.365396487992257,734046.940826481324621],[3132900.911067488603294,733775.65094859956298],[3132573.337544824928045,733406.69120785233099],[3132655.434540417511016,732849.83877685572952],[3133014.429652589838952,733545.406752323615365],[3133982.670618603471667,733652.030476044863462],[3133777.27502369415015,733327.196089484961703],[3134100.297103443648666,732921.373277215054259],[3133437.096670420840383,732932.582841466995887],[3133553.044257199391723,732452.67116749053821],[3133078.606779713649303,732224.995955588878132],[3132428.159575168974698,730718.530348912230693],[3133279.252600793726742,730300.185867184307426],[3133236.370038585271686,729535.974449350265786],[3133709.124325033277273,729364.024344388395548],[3133810.824822964612395,729531.785317361471243],[3133409.600368689745665,729995.746913786744699],[3133470.30504075717181,730661.129062941297889],[3133231.159651247784495,730909.742472271085717],[3133240.876736310776323,732234.537673718295991],[3133654.508535420056432,732433.509683232870884],[3133588.238996451720595,732055.019187077297829],[3133943.948225423693657,732175.837849468574859],[3134217.994016306009144,731767.111810199450701],[3134865.492951401509345,731805.060013171867467],[3135277.283387968316674,731166.495760776102543],[3135819.894378005061299,732147.489680317929015],[3135547.301302978768945,732731.340969861601479],[3135042.459222598932683,732614.763658052892424],[3134768.99219083879143,732798.617570300470106],[3134660.563841334544122,733367.013962928322144],[3134304.640134849119931,733271.273026903043501],[3134339.964330737479031,733523.157073598005809],[3135102.993178453296423,733492.768388796364889],[3135118.144283898640424,733668.707161062629893],[3134825.005759401712567,733976.191438389359973],[3134309.162163971923292,734045.868367898510769],[3134489.213784250896424,734168.396780138486065],[3134184.049785451032221,734475.174451363505796],[3134395.391912083141506,735137.145784867345355],[3133941.945225546136498,735198.272140606422909],[3133952.901233416981995,735436.047866880428046],[3134317.674168337602168,735607.460045635933056],[3134038.017541356850415,735690.857629064586945],[3133917.012727096211165,736483.153661881806329],[3133643.159485528245568,736467.023644747794606],[3133654.630043526180089,736692.582037215586752],[3134830.921249297447503,737935.483504930511117],[3134889.173722012899816,738426.470370716415346],[3135170.043624476063997,738542.905005749547854],[3135509.999380968976766,738288.04456680547446],[3135710.332407266832888,738711.394339621416293],[3135975.75285256234929,738640.090116791194305],[3136149.505571027752012,739311.866252153064124],[3136353.213578021153808,739023.867226026486605],[3136775.826634432189167,739061.717714898171835],[3136924.977696904912591,739495.158432340249419],[3136707.920207475312054,739794.187095380853862],[3137079.927444166969508,739829.069768164423294],[3137276.742667815648019,740315.146154939197004],[3137767.809096371289343,740255.930119339027442],[3137793.094352360349149,741696.420706649310887],[3138520.959836044348776,742488.435961615876295],[3138789.872158497571945,743303.667334054363891],[3138673.219195074867457,743721.435231185983866],[3138944.9366659889929,743937.109815690550022],[3139232.846789134666324,743846.151846495689824],[3139882.101549222134054,742710.158305066870525],[3140830.513121983967721,743573.222319412510842],[3141429.526107515208423,743016.906772388610989],[3141986.569423068780452,743316.2684013544349],[3142566.021983387880027,744090.777491729473695],[3142546.560155538376421,744548.089162027696148],[3142945.878639426082373,744713.58257300266996],[3143263.276875330135226,745252.94731480255723],[3142501.8298833174631,746884.72568744525779],[3142929.524583866819739,747818.126830759923905],[3142882.390306203160435,749189.204514253535308],[3143281.501436342485249,750186.97099593305029],[3143916.504987794905901,750141.28331419848837],[3144222.746242270804942,750749.765676398877986],[3144524.86557060200721,750851.459893806953914],[3144540.96389581495896,750568.677815855597146],[3143351.359246551990509,749133.044918806641363],[3143238.416407412849367,748668.63970480626449],[3145098.841388110071421,747038.297715702094138],[3145139.532141632400453,746632.107133262674324],[3144241.614083181135356,745896.861599993892014],[3144893.289494873024523,745427.527162203914486],[3146134.588251160923392,745283.591902639600448],[3146166.279304608236998,743903.766686365939677],[3148007.036209909711033,744027.58324477460701],[3146496.392222249880433,745929.33732841478195],[3145620.650425818748772,746519.791695702821016],[3145452.902159540913999,747808.539763788692653],[3145972.725698951631784,748313.788648677058518],[3145323.579968607518822,749440.810618808376603],[3144802.477367497980595,751225.457779492950067],[3144303.976703585591167,750938.416064846678637],[3143666.37818156555295,751158.821872079046443],[3143521.818076729774475,750908.419465212151408],[3144014.974711501970887,750887.483649229630828],[3143671.162763152271509,750367.676171543309465],[3142589.441651201341301,750496.007907359744422],[3143031.282307772897184,750754.635692705749534],[3143458.170272912364453,751571.135399920633063],[3143869.987407656852156,753493.636202902765945],[3143820.296360291540623,755638.101989605464041],[3144614.780236506834626,755976.146227399236523],[3144365.363979736343026,756111.435232748626731],[3143797.143325180280954,755728.434414181625471],[3143747.716720441821963,755850.335376087459736],[3143950.281089592259377,755946.082053428515792],[3143799.10678645549342,757660.775508968392387],[3144063.105654048267752,758275.418028520187363],[3143652.744965797755867,759583.367363148601726],[3143794.174541527405381,760865.288583553512581],[3144113.664076120592654,761383.584846631973051],[3144990.588244987651706,761759.958763036411256],[3144863.212275119964033,762501.892134061432444],[3145044.365221719257534,763095.898626923444681],[3146101.698807978536934,763948.214163650292903],[3146050.42399313673377,764544.710276590310968],[3146276.101677677128464,764791.833042415091768],[3146722.789142255205661,764851.052698132116348],[3147894.702685260213912,764340.838801485020667],[3148539.672528732568026,762611.469020510907285],[3149603.511047120206058,762096.714855583151802],[3149258.14781063888222,761549.134302173159085],[3148594.039264499675483,761365.976349105243571],[3147694.868073136080056,763810.528547865455039],[3147362.727349411696196,763722.034739078721032],[3147073.30449400190264,763967.733723221346736],[3146103.291297061368823,763367.088399556698278],[3145687.959133086726069,762687.121570267481729],[3145653.933963288087398,761454.296610362711363],[3145904.792409285902977,760701.829126197029836],[3148081.753993603400886,760642.318829765194096],[3150940.669410696253181,761173.514849746832624],[3151777.456510323099792,761750.383002381655388],[3152859.576916889287531,761838.945301831467077],[3152970.313624464441091,761286.348503880552016],[3152464.065299288369715,759795.762339973123744],[3152143.238494164776057,760057.529743445455097],[3152119.026004037819803,760468.784479150664993],[3151787.339731466490775,759642.918346516205929],[3151723.392691167071462,758908.76035236637108],[3151905.177622008137405,757939.303026093053631],[3151721.047123661730438,757790.675462782615796],[3151580.322510532103479,758070.367946804268286],[3150974.620467678178102,757946.570325978682376],[3150541.470046421512961,758202.687786722322926],[3150161.159030069597065,757867.410366218886338],[3150315.740110114216805,755997.247005822719075],[3150483.956686694640666,755676.540000958251767],[3151435.046503158286214,755550.748212140752003],[3151866.696119097061455,755201.146227037068456],[3152512.54075825959444,755496.284898416372016],[3151951.584328247699887,757479.432575279613957],[3152046.113179042004049,757785.108753195032477],[3152380.997463742271066,756343.926707298262045],[3153266.902952128089964,755308.950645804288797],[3153616.7075802879408,754455.148693765862845],[3154062.011198424268514,754200.680970922810957],[3153904.470798453316092,753901.738341384916566],[3153380.408219882752746,754303.392581477295607],[3152905.480326042044908,754183.495035476633348],[3151373.59455278981477,755167.40636467479635],[3150360.946946144569665,754258.152603379683569],[3148819.53159211575985,754851.091823207796551],[3148113.781933997292072,754525.700570820714347],[3147651.026002574246377,754889.891813764465041],[3147442.537186417263001,754744.909330894006416],[3147008.546450519002974,755751.502318388549611],[3147120.768671785946935,755965.953430704539642],[3147649.216355842072517,755906.165757185779512],[3146841.940615789499134,756749.097294487757608],[3146943.220219503156841,755455.966139111667871],[3147361.783130675554276,754715.291952053550631],[3146777.960534577723593,753739.694428852992132],[3146445.445817861240357,753861.059449344058521],[3145753.968335851095617,753312.8275140497135],[3145685.585789483040571,752768.285148329101503],[3146115.437001443933696,752684.392118209041655],[3146974.124740036204457,753234.750319910352118],[3147590.37341463053599,753080.223146375035867],[3147920.554438694380224,753706.880311682703905],[3147833.295099747367203,754634.083192056743428],[3148726.582175171468407,754020.334546267986298],[3149111.251200495287776,753976.97930403938517],[3149475.735081310383976,754440.00215334421955],[3150092.468956187367439,754292.561293859151192],[3150026.631704061757773,753431.318337998352945],[3150448.929290263913572,753056.585823980974965],[3152784.188405005726963,753269.212054740055464],[3153439.365934344939888,753740.488721830537543],[3153904.244016662240028,753610.034822741872631],[3154349.936146693304181,754311.66077917534858],[3154394.484054871834815,754601.066201411304064],[3154235.494400789961219,754335.804170383024029],[3153665.61783302295953,754477.093201979529113],[3153577.912016103509814,755109.401018708129413],[3154315.976910856086761,755502.679435291909613],[3153929.836410397198051,756229.601258511305787],[3153864.903765412978828,757449.408198468154296],[3154701.395164942834526,756924.257523032836616],[3155457.790562195237726,757318.595568026881665],[3155322.439707874320447,758028.104397402959876],[3155682.62293163780123,757843.607528378604911],[3155359.079787076450884,756981.075308985426091],[3155603.415324484463781,756021.304091673460789],[3155702.356349598616362,757408.102444444550201],[3156232.22992807906121,757001.526165321818553],[3156476.671698587015271,757315.656234056106769],[3155841.603975334670395,758440.416914851521142],[3155696.764818485826254,757925.209552178392187],[3155470.225130518898368,758068.691647218656726],[3155577.02771744504571,758367.754201870993711],[3155011.295160223729908,759490.481922325561754],[3154232.913970532361418,760105.846557641634718],[3154236.556525216437876,760336.937398085021414],[3154626.010672788135707,760309.968940879567526],[3154696.147833947557956,760601.731635618722066],[3155733.731144133489579,760163.428008679184131],[3156050.588623121846467,759033.28292464313563],[3156635.184999378398061,758643.030869698734023],[3156976.527789320796728,757838.951394121279009],[3157064.771573919337243,757400.52452379942406],[3156166.396898810751736,756647.923366209375672],[3156434.218770389445126,755389.897561872843653],[3156032.936705113388598,754779.570580600993708],[3156067.907652110327035,753438.832025857525878],[3154869.483427186030895,752050.192945325281471],[3154516.851594549138099,751149.031941185123287],[3153970.828778002411127,750866.983465091558173],[3153521.709207602310926,751077.432471687323414],[3153358.560945056844503,751092.726146192988381],[3153065.260743,750769.767613033996895],[3152775.599196774885058,749953.203037538216449],[3153643.84732251195237,749854.523267583572306],[3154005.361307642422616,748807.542961304076016],[3154025.256527096498758,747828.434552917256951],[3154741.086485533043742,747240.174795097089373],[3154525.877409131266177,746228.281253575347364],[3155248.740038139745593,745721.122237553703599],[3155274.506761921569705,744979.111799528356642],[3155474.492566706147045,744747.112777997739613],[3155959.305239228531718,744794.324489977909252],[3155434.123857806436718,744064.238474843674339],[3155493.980325217824429,743667.948674194514751],[3155796.194979783613235,743435.957546412595548],[3156769.549775992520154,743224.499088358948939],[3157395.845222980715334,743424.515352211543359],[3157600.980240553617477,743223.348240676219575],[3156953.089355264790356,742779.587243398767896],[3156855.335179507732391,742417.994401348987594],[3157047.05363773368299,742229.311993499635719],[3157568.450961255468428,742085.148850749013945],[3157511.425358817446977,741657.185618449468166],[3157988.162779870443046,741097.630493832402863],[3157304.184115992393345,739982.927292513195425],[3157165.652997898869216,739263.035005884710699],[3156332.202992846257985,738045.870411230367608],[3156402.959627632517368,737881.234641278511845],[3157082.786575981415808,738558.638897835160606],[3157641.639865786768496,740515.292190289474092],[3158102.378145320806652,741173.486252175876871],[3157635.867178856395185,741664.502832384896465],[3157716.922387425787747,742205.947720099473372],[3156929.468975768424571,742434.508840760914609],[3157580.771869066171348,743022.07154990802519],[3157635.647066442295909,743425.254189310595393],[3157284.510992990806699,743504.678492960752919],[3156682.769401620607823,743332.313532600644976],[3155660.152486358303577,743622.006307436851785],[3155520.820536245591938,744069.267793779843487],[3156042.618251727893949,744543.76323933491949],[3156032.293613674584776,744836.941182599519379],[3155350.674266383983195,745152.433093963423744],[3155308.637356411200017,745768.65122925338801],[3154583.903538682498038,746300.405151615850627],[3154803.152408100198954,747237.593592475634068],[3154066.422996441833675,747881.052103841328062],[3154057.201305991504341,748873.699895931873471],[3153709.891160584520549,749908.427078157197684],[3152854.747505485080183,750001.763856223202311],[3153338.502774606458843,750998.631046889116988],[3154034.275307544507086,750757.944530384498648],[3154399.554324056953192,750923.111014432273805],[3155051.289683659560978,752160.800913425162435],[3155614.019013281911612,752556.665344354580157],[3156160.68231909070164,753432.320173018146306],[3156307.480718945153058,754199.264865014352836],[3156106.687687451019883,754637.036631194176152],[3156494.056841544341296,755271.437874774099328],[3157003.503509713336825,755354.56691896612756],[3157079.423335796222091,754922.338812692905776],[3157456.625744555611163,754681.666821869090199],[3157684.620220391545445,754820.049686043872498],[3157464.033848369494081,755600.514678924228065],[3157776.781085956376046,756118.645920767099597],[3157349.956297318451107,756686.792985709034838],[3157245.383862141519785,756336.978639263077639],[3157500.798283942043781,755827.159186726319604],[3156483.496702251955867,755458.689608275773935],[3156265.991349787451327,756595.099345884402283],[3157191.074064531363547,757435.974999682162888],[3156855.701724741607904,758453.327780612744391],[3156113.181411829311401,759183.847517043584958],[3155839.940557737834752,760216.763498358777724],[3154557.485825607553124,760777.506151272566058],[3153410.870344068855047,762008.758413315983489],[3153673.830736878328025,762636.590853857342154],[3154383.974159207660705,763090.225876686279662],[3154398.909216330386698,763690.644371654721908],[3153892.782654797192663,764223.112990619498305],[3154052.102801132015884,764681.953202209784649],[3154300.879719618707895,764708.773789796512574],[3154735.800178087316453,765371.908970651216805],[3155060.20459268335253,765377.985832651029341],[3156024.806586484890431,764485.906110617681406],[3157448.698031116276979,764270.392493377439678],[3158549.818008113652468,763386.091074925614521],[3160321.488691002130508,762885.68996923964005],[3160820.950597464106977,762532.540509636863135],[3160643.458135584834963,762002.492433314211667],[3160059.749935614876449,762005.964953654678538],[3159909.114805968478322,761765.261385490070097],[3160029.025606272742152,761257.783677901839837],[3160695.298988333903253,760905.48590718221385],[3160086.768444238696247,760162.119703579228371],[3160376.333933554589748,759285.965106587624177],[3160259.105960541404784,759156.142087995423935],[3159441.941812456585467,758798.127666465239599],[3159151.886920117773116,758583.158868197468109],[3159110.086691968608648,758495.760402409010567],[3159191.543376719113439,758317.721182700712234],[3158989.045206572394818,758379.70144049229566],[3158933.23038524389267,758360.419370689545758],[3158902.493606861680746,758305.647679135552607],[3159050.217777121346444,758020.611982981557958],[3158897.928857257589698,758027.605288370978087],[3158701.275574405677617,757889.096760327694938],[3158397.101516831666231,757659.3110789275961],[3158342.370848572812974,757503.204576757154427],[3158156.26443578582257,757609.122198917437345],[3157710.066678327042609,756778.570974284317344],[3158169.701397428754717,756653.692369378521107],[3157901.757683067582548,757096.504136138129979],[3158183.515021589584649,757536.791683981660753],[3158357.251071061007679,757488.096887185587548],[3159050.339990885928273,758001.633133721770719],[3159075.616630088537931,758115.034769960329868],[3158925.798056070227176,758334.001075773383491],[3159194.886655327863991,758294.93630679778289],[3159222.629637893289328,758383.503793670795858],[3159153.70900483103469,758552.293073500622995],[3159697.002080555073917,758878.139031929546036],[3159983.354207484051585,757684.035552764660679],[3159549.588791803456843,757584.478598188841715],[3159286.834905687719584,757313.168928582570516],[3159061.407387044280767,757221.920747376978397],[3158999.692579742986709,757133.345207260921597],[3159035.623468996956944,757015.562638109433465],[3159442.694069880060852,756535.002235183026642],[3159662.562689493875951,756348.141807894455269],[3159686.619406899437308,756160.711955109611154],[3159381.947061400860548,756023.81710252224002],[3159248.970415237359703,755822.118126970133744],[3158910.299486386589706,755804.123847753508016],[3158475.262807646766305,755573.606690459302627],[3158475.809733259491622,755507.968316057231277],[3159209.210295406635851,755767.812746120034717],[3159704.313729973509908,756131.779461269965395],[3159657.744087202474475,756412.8061136653414],[3159010.530929155182093,757118.997230686363764],[3159272.430695937946439,757286.33840473741293],[3159583.328410554677248,757571.482779466197826],[3160308.547242049593478,757456.440164866042323],[3161009.590830919332802,757767.634748895885423],[3161039.034882836043835,757133.877814443432726],[3161548.908938925247639,756943.169644985580817],[3161222.810563370585442,756289.401428191224113],[3160400.530684672761708,755848.143591232714243],[3160658.795853475574404,755028.039095213054679],[3160141.26015355065465,754603.783327766577713],[3159804.421187028288841,753335.846279860939831],[3159856.835020435042679,752803.340834728442132],[3160311.333886746317148,752196.635914850514382],[3160985.635556519962847,752386.326798233552836],[3161137.850124368444085,751382.045325886458158],[3160835.849107501562685,751250.303065564716235],[3160763.230121259577572,751160.078544006799348],[3160922.9572121812962,750637.883983113802969],[3161245.235813581384718,750443.056599144707434],[3160994.117882256396115,750092.471608589286916],[3160244.441551146097481,750011.25923714262899],[3159712.341101090423763,749511.197564041474834],[3159679.76155649498105,748504.978618976310827],[3159122.031541793607175,748862.808937754714862],[3158617.192078736610711,748899.986285167629831],[3159657.398085896391422,748426.711449941038154],[3159817.197179039008915,748817.872695554397069],[3160289.906788842752576,748969.674597193370573],[3160512.040724937338382,748964.79148847097531],[3160795.50278929900378,748326.966010904288851],[3161301.348380121868104,748628.625926195178181],[3160935.339778441935778,749903.132783562177792],[3161343.979424928780645,750547.814033602713607],[3160853.492696973960847,751188.389432530617341],[3161346.867593762464821,751328.430133674875833],[3161227.485728171188384,752182.762896250118501],[3160945.014027754310519,752515.83382067119237],[3161388.531375453807414,752924.736765898182057],[3161023.956139437388629,753971.418656203313731],[3161249.528877735137939,754246.54191186465323],[3160961.797550073824823,754804.116526156663895],[3161036.368149667046964,753998.132354695582762],[3160891.409863504581153,754185.425322532304563],[3160891.362431411631405,755184.662798144971021],[3160482.951087000314146,755823.035226152394898],[3161223.821489912457764,755984.697884310618974],[3161671.85594336502254,756705.6232140713837],[3161562.164327848702669,757107.823837887379341],[3161093.30052846018225,757263.981998996576294],[3161082.796630676835775,757813.925277078407817],[3160227.561872146092355,757609.530812038923614],[3160136.915312494616956,757757.054062370792963],[3159903.412428590003401,758868.348315252922475],[3160360.48735048994422,759182.114195050206035],[3160492.977661447133869,759408.761236551217735],[3160162.110357386060059,760087.636149186640978],[3160753.117114185821265,760873.931955062551424],[3160080.796043087728322,761277.828447746811435],[3159986.700173722580075,761838.787205866537988],[3160651.672943180426955,761948.025170250795782],[3160865.656648286152631,762266.411190591170453],[3160822.912968573626131,762634.568569892202504],[3161265.366386387031525,762772.627219207584858],[3161329.515936109703034,762718.468299276195467],[3161391.369710460305214,762500.315277411718853],[3161636.06606733892113,762130.105339200701565],[3161495.485224801581353,761770.091907768626697],[3161543.497481477446854,761617.061840188573115],[3161722.528798914514482,761478.76850120886229],[3162383.8334795772098,761346.005575097398832],[3162829.67495821416378,760565.025807685218751],[3163423.864211562555283,760452.275637474143878],[3163480.967486043460667,760466.643167460802943],[3163602.848094192799181,760686.678316528326832],[3163808.392543178517371,760640.879263684852049],[3163933.477220810949802,760722.214940503356047],[3164059.778255487792194,760664.73648082499858],[3163990.481915712356567,759724.388930088258348],[3164848.276543605607003,759378.425096007529646],[3163916.237122526858002,758647.845746809267439],[3163690.911366214044392,758014.008752764086239],[3163412.34593119379133,758382.243822607328184],[3163145.643269295804203,758228.587712946813554],[3163062.594859269447625,757774.031506523955613],[3163459.57535853004083,757481.738685655524023],[3163517.908983940258622,757086.492861132719554],[3164093.926905907690525,757112.543693670537323],[3164975.357998848427087,757736.215158683247864],[3165082.074955869000405,758145.216951400740072],[3165436.997497957665473,758277.118818600429222],[3165611.719350573606789,759039.872443895670585],[3165942.232268393039703,758925.522969022043981],[3166248.248935041483492,759394.276590878609568],[3166269.439617222640663,759610.363591500092298],[3166071.236814882606268,759396.796073563280515],[3165914.346797738689929,758940.86057975247968],[3165757.844155503436923,759644.052066599018872],[3164614.232632350176573,759517.463776572491042],[3164973.065511460416019,760039.289141535642557],[3164387.292719018645585,760736.063751606852747],[3164194.370098154991865,760872.534324435167946],[3164203.459870340768248,760651.250597154139541],[3163965.276933564338833,760742.081481876317412],[3163618.422100584954023,760710.580044124624692],[3163431.530753179453313,760474.711672157747671],[3162857.904050168581307,760577.686633270350285],[3162410.830493002664298,761362.588762278552167],[3161570.439258291386068,761617.655018114484847],[3161668.287013321183622,762109.029465160798281],[3161298.571571798529476,762785.581316151889041],[3160815.291597256436944,762662.094525796710514],[3160644.15109446644783,762823.503500844002701],[3163760.754561745561659,762708.126469481969252],[3166146.06066623236984,762299.551493924111128],[3168951.715959359891713,761316.497791899018921],[3169384.440169402398169,760967.455300635308959],[3169568.439248253591359,760191.045919207506813],[3169308.942734275944531,758664.769168601720594],[3168473.176773828454316,757366.235000810818747],[3168824.095981736201793,756724.152379861101508],[3169927.520026324316859,756015.280391431297176],[3169704.783316391985863,753441.625926431268454],[3170161.770442501176149,751844.938083793502301],[3170037.772614585235715,751412.718985952902585],[3169290.65055897179991,750519.174906585132703],[3168328.759745307266712,750040.550990900141187],[3165908.400690646842122,750469.125476525048725],[3164656.52874332619831,750307.212273381999694],[3163403.426429661456496,749733.613577136187814],[3163020.606821726076305,749236.290729794302024],[3162995.944911602884531,748332.413964115898125],[3162524.943989682942629,747111.510963098262437],[3162877.398802648764104,746414.645285113248974],[3164602.385727835819125,744610.565983536536805],[3164251.61191503982991,744297.06414802337531],[3161508.141716496087611,744222.182075049728155],[3160687.173912074882537,743212.516203937819228],[3160945.507011454552412,741465.989646674483083],[3162497.955705729778856,739196.638154048938304],[3162950.027706550899893,739260.142372491653077],[3163287.135477774776518,738843.321505529456772],[3163691.445094506721944,737923.572686089784838],[3163615.980228522792459,737075.561439506825991],[3163001.016077512409538,735640.152189585380256],[3160654.303405166603625,733159.092443539295346],[3160521.842722844798118,731914.884886559215374],[3160614.34029648359865,730664.879651145311072],[3161115.871712941210717,729787.824095659307204],[3162993.940888663288206,728880.790999305434525],[3163631.795714934356511,728224.554478383855894],[3163725.023162103723735,727367.391481826081872],[3162611.725223109126091,725065.782455137814395],[3162944.62150901928544,722380.219118565204553],[3162112.267721708863974,722081.261244577704929],[3160035.606251406483352,723089.783882601535879],[3158581.78016550000757,722941.357426880043931],[3157391.776512607466429,721821.917029192205518],[3156945.663678546901792,719846.32206283218693],[3155240.363666982855648,719634.343843540525995],[3154388.60242446931079,717635.099452659138478],[3153781.345529099460691,717024.552255598711781],[3153142.586161251179874,717049.076700351317413],[3150906.96993385720998,718736.346573491115123],[3149907.764543437864631,718615.727353517198935],[3149364.712013332173228,718084.092835571267642],[3148822.127245065756142,716995.649606943479739],[3149564.736008946318179,714983.883419428369962],[3149135.898126863874495,713459.249106280622073],[3148500.387110380455852,712991.180093424860388],[3146353.365925471764058,712321.752147494466044],[3145715.606455832719803,711884.512502736761235],[3143911.196504739113152,712197.789483034401201],[3142311.390610488597304,711454.537813903181814],[3142050.047807550057769,710695.595463970559649],[3142786.681014087516814,709302.045046693179756],[3142294.070527927950025,708860.346931760432199],[3140552.272017628420144,708793.70026461139787],[3139191.690483632031828,709135.008428254630417],[3138276.077890344429761,708756.829866273910739],[3138038.793602867051959,707593.36655019747559],[3139143.11883642943576,706121.187895765760913],[3139131.481160666793585,705670.777881383663043],[3138287.316054368391633,704721.809652945026755],[3136730.924829787109047,705261.717888489365578],[3136293.192016624845564,704524.53685905225575],[3136177.084274176508188,704042.932022345717996],[3136380.15688601275906,702705.054958575870842],[3135171.224348531570286,701902.780792151694186],[3133484.54355538263917,701387.669731592875905],[3133108.470850375015289,701465.853175858268514],[3132985.927980888169259,701849.252326505607925],[3133248.836629728786647,702817.298882876173593],[3132778.018689330201596,704139.998592350399122],[3131685.434389549773186,704898.816152394749224],[3130557.252937209792435,705081.801707728533074],[3129906.128566836938262,704715.783398690167814],[3129246.340012839995325,703625.811982147512026],[3129440.708269802853465,700910.279037267551757],[3129166.649906630627811,699893.073919430375099],[3128696.739498932845891,699743.345055671641603],[3127100.338454081211239,700214.881042915047146],[3126553.808396213687956,699127.772108677658252],[3125828.253723279107362,698660.070408200495876],[3123482.301762180868536,699186.509194462443702],[3121841.782046986743808,698908.440336715313606],[3121350.200732428580523,698596.396274851984344],[3120715.184021635446697,697057.612754886969924],[3120925.76264651492238,696114.432165689067915],[3119661.355067320168018,695295.4983012273442],[3118832.593410825822502,695961.658163744374178],[3118181.979370417073369,694955.926329583162442],[3115071.725702210329473,695817.758038490195759],[3114113.657117599621415,696966.873868367867544],[3114684.07970601785928,697666.14289656362962],[3114261.770449741277844,698567.015381024335511],[3115815.746165851131082,698793.044087642338127],[3116130.047201608773321,699200.25171501096338],[3115937.941372129134834,700867.817210004548542],[3113189.83606408117339,699987.926202713744715],[3112254.695744894444942,699427.155669140047394],[3111208.501817223150283,698377.218005845323205],[3111193.129345542285591,697991.579453972983174],[3110982.68560219462961,698020.323438437539153],[3109466.47138856491074,701117.275086171692237],[3108153.197573157027364,701733.41367135301698],[3107697.931817759759724,702482.826218922506087],[3105548.910762198735029,704575.66296117391903],[3105513.066184228286147,706983.945623435196467],[3103840.484772809781134,708476.642485886695795],[3103240.244702174328268,708311.97423816495575],[3103079.845702178310603,708523.255838155513629],[3103289.027102177031338,708715.845638159313239],[3103018.922702174633741,708840.933838146156631],[3103494.031302174553275,709166.316638142568991],[3103578.609502175357193,709554.233638133271597],[3104341.56100217718631,709242.721638145856559],[3104185.840702178422362,709855.269438119372353],[3105029.781302183866501,710174.527638122206554],[3104561.786902184598148,710327.3248381158337],[3104569.006702187471092,710938.342238100594841],[3103993.263702183030546,711221.049838082981296],[3104478.603102185763419,711472.466038090875372],[3104108.411502184346318,711699.031838079332374],[3104070.551102190278471,712352.136438061250374],[3104755.731902188621461,712800.799038057215512],[3104473.663302184548229,713090.090638050227426],[3103184.927902176510543,713165.5508380420506],[3103365.285502183251083,713659.843438029638492],[3103224.952702172100544,713599.903638032730669],[3103265.121102183591574,713971.457838019938208],[3102993.485502180177718,714218.693438020651229],[3102198.484902177006006,714310.072438014205545],[3101927.61870217230171,714855.547237992985174],[3101688.992902181111276,714737.440637998166494],[3100514.244702175725251,715345.390437979483977],[3100599.750202181749046,715630.125237981788814],[3100978.383102174382657,715639.063837972353213],[3100942.527202175464481,716100.938837963505648],[3100201.249602174852043,715913.000037966528907],[3099942.518802172038704,716322.253237956669182],[3100108.838402173947543,716729.671537951915525],[3099637.273202168755233,717273.468737932969816],[3100032.295702174305916,717931.940737919649109],[3099320.800502167548984,718927.887237882125191],[3099552.27620217576623,719280.018937880406156],[3099218.042102166451514,719482.021537876455113],[3099551.087002174463123,719973.363137860549614],[3099111.447602172382176,720327.863437850261107],[3098825.489302167668939,720246.5907378483098],[3097647.111502170097083,720780.684737842413597],[3098097.895202170591801,721230.972537836176343],[3098038.019502170849591,721538.442937822197564],[3097625.937802165281028,721588.835537821752951],[3097470.741902161855251,721153.802237830474041],[3097253.8042021705769,721272.746337829972617],[3097183.886902163736522,721106.950537823722698],[3096530.870502166450024,721530.577137814601883],[3096104.733202166855335,722481.048737793113105],[3096424.391602161340415,722643.27953778882511],[3096142.178702167235315,723167.663437783485278],[3096532.070302163250744,723611.384537768899463],[3095958.774502161890268,723920.326837757718749],[3095634.041602160781622,724874.440137739060447],[3095232.384302161633968,725016.729537726612762],[3095170.357702155131847,724744.202337731374428],[3094683.928202155977488,724486.241937741753645],[3094742.200802159495652,724778.013137737289071],[3093910.153302158694714,725280.485437724040821],[3094000.331102158874273,725597.596037712180987],[3093328.816502160858363,725574.814437716384418],[3093082.985502160619944,726366.946837692288682],[3092822.197702155448496,726530.840037695248611],[3092279.503602154552937,726275.936137692769989],[3092112.057502149604261,726846.660137679195032],[3091691.086202148348093,726724.715837683877908],[3091767.190502147655934,727434.262837666086853],[3091390.813502150587738,727637.994337659096345],[3091629.363402145914733,728061.009237649152055],[3091225.106902147177607,727667.058437655796297],[3090913.323902151081711,727958.517137647839263],[3090193.451402147300541,727942.791437646606937],[3090478.948302139062434,728424.562337635550648],[3090101.280402148142457,728650.331637631054036],[3090333.365502149332315,728832.411937629804015],[3090085.200502142310143,729783.595037602237426],[3090280.0856021521613,730149.097437594668008],[3089880.129902149550617,730670.868437580997124],[3089903.414002141915262,731012.48673757398501],[3089094.19160214997828,730646.949737579212524],[3088477.103602142073214,731255.932837563683279],[3088436.844702147878706,731870.806837545591407],[3089169.811302143614739,731995.02053754159715],[3088773.768902145791799,732639.187037531635724],[3088906.367002143990248,733062.410437519778498],[3088443.582902147434652,734106.171237486065365],[3088507.355402148794383,734441.215737485908903],[3088002.750402140431106,734402.285337481182069],[3087767.329502136446536,734692.191637472365983],[3088016.643502151593566,735658.874837449402548],[3087552.934402144979686,735958.782237441744655],[3086703.575102141592652,737256.137237409362569],[3086117.797702146228403,737607.579737395630218],[3086160.780702136456966,737943.227737387525849],[3085846.220802132040262,737921.76133738772478],[3085731.595802135299891,738344.127637381781824],[3085129.977402138058096,738445.975237377802841],[3085024.572002129629254,738970.056837357697077],[3084241.106402134522796,739806.010537339258008],[3084434.652702138293535,740687.507237316691317],[3084620.615802135318518,740688.166137318825349],[3083910.688402140047401,742132.168937276932411],[3083148.615102128591388,742488.173937270534225],[3082863.221902135759592,742135.991537279216573],[3082666.861702128779143,742459.494737268891186],[3082217.912602137774229,742384.686937271733768],[3082266.349702127277851,742678.086937267682515],[3081760.191002126783133,743100.109337258269079],[3080978.503302130382508,743087.080237247049809],[3080983.02300212951377,743317.965637245448306],[3080554.769002120941877,743198.220837254077196],[3079361.107102124486119,744065.00973722524941],[3079157.418002121616155,743817.215937229455449],[3079085.802002123557031,743997.102237223181874],[3078412.492702122312039,744024.014237227966078],[3078256.064702112227678,743445.71553723863326],[3077932.975802120752633,743536.931937236455269],[3077890.331102112308145,743235.010337239596993],[3077525.221502115018666,743117.931537245749496],[3076659.938102106563747,743770.452237229095772],[3075942.437802105676383,743694.520837225718424],[3075912.542302104644477,743474.870637242100202],[3075430.515402098186314,743300.876537235686556],[3074989.293502098415047,743759.765737229841761],[3072925.591402093879879,743620.009637235081755],[3072029.514702094253153,744291.440737214055844],[3071431.687502088490874,744372.788037212216295],[3070695.512702085077763,745114.81453718256671],[3069855.529202084057033,745414.799637177144177],[3069201.908202080521733,746108.269737164024264],[3068597.905402081087232,746165.212737164227292],[3067971.080902075860649,746735.711137144942768],[3066927.409202067181468,746862.665837132954039],[3066274.630202074535191,747573.616937118233182],[3066275.576202075462788,747895.446337107685395],[3065306.46520206425339,748407.273537100059912],[3065282.894502065610141,748635.567437094636261],[3063773.495802066288888,749101.323637079447508],[3062761.366802062373608,750269.449937043245882],[3062327.670702057890594,750163.87123704853002],[3061626.41770205181092,750781.119937038514763],[3061349.185802056454122,750731.463737034006044],[3061171.451002047862858,751313.602037014788948],[3060747.336702052503824,751486.328337013139389],[3060657.879502053372562,751809.512037008302286],[3059737.004402048885822,752190.122236998635344],[3059684.809202043805271,750758.08033703325782],[3060028.658702043816447,749797.570837063714862],[3059266.201502034906298,748757.013537083985284],[3060770.410602044779807,747215.047237126971595],[3061090.187002046965063,746590.428137146867812],[3061102.852002047467977,745373.597337170154788],[3060412.562102039344609,745370.785237168078311],[3059882.787402040325105,744910.244437178247608],[3059543.389102034270763,743931.890287212445401],[3059353.912052042782307,744036.690537209855393],[3058920.597002039663494,743483.243037215899676],[3059115.604402037337422,742977.239337234175764],[3059590.247502038720995,742669.976737229269929],[3059495.233802038710564,742399.623037246637978],[3059026.26620202884078,742094.33183724922128],[3058085.278602031059563,742348.663237241329625],[3059319.644902036059648,740929.048237280221656],[3058464.273902034386992,739279.592737327795476],[3056700.964102029800415,741414.666937268222682],[3055851.518902014940977,739807.343037304119207],[3057201.386702017392963,738648.317437330610119],[3056485.902102016378194,737390.021137363975868],[3055780.320002016611397,737247.819937372696586],[3055961.684502011165023,736643.191037392127328],[3055687.953202010132372,736577.219137393636629],[3056548.437102016527206,735757.325037414673716],[3057040.433052023872733,736375.926637394470163],[3057885.833602019585669,736272.064137399778701],[3058299.122002019546926,734510.629337445483543],[3059853.322402030229568,734830.503537437296472],[3060481.413202031515539,734243.007837450713851],[3060297.76530202338472,733966.812437457265332],[3060574.199402029626071,733821.232237465912476],[3060489.857802027370781,733345.749937475076877],[3060132.511002029292285,733172.094137485837564],[3060117.528302031569183,732732.157037490629591],[3059624.700702022761106,732299.304937500390224],[3060196.880502033047378,732295.943337498698384],[3060003.858002032153308,731958.972437509219162],[3060356.329002029728144,732003.888037514174357],[3060153.208602024707943,731629.555337524274364],[3060425.378802025690675,731768.818337515927851],[3060318.833902025129646,731182.998637525364757],[3060584.624102031812072,730702.053337546647526],[3060017.232702021021396,729946.551637562457472],[3059797.775802018120885,729999.561337561928667],[3060040.241602022200823,729318.728437580866739],[3059560.898502026218921,729259.421137577854097],[3059566.498402022756636,728727.670937595656142],[3058258.861902017146349,728586.563837596448138],[3058554.886502020061016,728341.515737605746835],[3058373.814102010801435,727817.837237612926401],[3058091.478202017489821,727719.679637614055537],[3058326.194402011111379,727654.981837620260194],[3058310.25950201228261,727121.065637629828416],[3058071.12050201324746,727023.319237636053003],[3058351.621902010869235,726239.018437657388858],[3057986.834502013400197,726274.092537653748877],[3057965.87720201164484,725889.404437662451528],[3058393.759902017191052,725860.006037661107257],[3057905.913702010177076,725614.603537671966478],[3058134.798402007203549,725499.468837667256594],[3057989.600902015343308,725146.729737683432177],[3058334.653002007864416,724849.685337690636516],[3060635.683602024801075,724137.920637708972208],[3061000.744002028368413,723766.151937718503177],[3061067.094702017493546,720832.591537802247331],[3061291.083002017810941,720887.127637787139975],[3061215.988502011634409,720546.22883780405391],[3061576.806602017022669,720606.732337800902314],[3061613.97540201805532,720851.885837793699466],[3061747.058802014216781,720699.956837804871611],[3061809.652802028693259,720388.833437811699696],[3061089.869802016764879,719719.384737824788317],[3060900.626002020202577,720023.141237814677879],[3059991.031602011062205,720261.036337816971354],[3059969.979602004867047,718644.110937851946801],[3059590.860002009663731,718466.096837856806815],[3059364.666402012109756,720373.258637801278383],[3057309.881402001716197,720113.53193781292066],[3055749.841601993422955,719313.817937828134745],[3055466.071401993744075,719961.163937813602388],[3054795.138101995456964,720264.547137803165242],[3055176.615001996047795,721099.506137785851024],[3056048.089402004145086,721762.000937756034546],[3055749.966702009085566,722372.583637746749446],[3056390.89900200208649,723150.721637732582167],[3054435.611301989294589,722984.400937729864381],[3053345.724201998673379,723430.301837718579918],[3052788.503001988399774,723027.864637727267109],[3052537.948001985438168,723390.122637723106891],[3052003.161001982633024,723488.166337716626003],[3052023.767101987730712,724076.482437715632841],[3051483.710501991212368,724607.462537694023922],[3052125.374001992866397,724701.214337683515623],[3052280.379701994359493,725086.956737677566707],[3051506.419901980087161,725307.581637683790177],[3050988.9422019822523,724947.125937693170272],[3050393.118401992600411,725241.391237675910816],[3050736.635601993184537,725834.543337655835785],[3050035.432301988359541,726391.388137649511918],[3049931.128801980987191,726897.394937632838264],[3050905.624701995402575,727363.825637613306753],[3049954.149701988324523,727947.368237606948242],[3049733.190501986071467,728408.476937595172785],[3050279.015001990832388,728908.088437583995983],[3050252.348301988560706,729311.947737564682029],[3049376.452401981689036,729414.405437574139796],[3049100.247201976832002,730539.231937545002438],[3048629.651001980993897,730834.054437520564534],[3048500.851401989348233,731488.688837511232123],[3048881.550601980183274,732135.698737497674301],[3048347.584901986643672,732673.838237482006662],[3048713.680901982821524,733259.68523747229483],[3048374.378701986279339,734331.396037441678345],[3047707.069201982580125,734254.813437444739975],[3047100.460301972925663,734879.651237424928695],[3046620.318801982328296,734896.196337429224513],[3046114.903801985550672,734198.30873744818382],[3045530.388701969292015,734137.264937448082492],[3045542.180701960809529,733528.418337463052012],[3045212.53140197834,733312.317037461092696],[3045517.81280196737498,733118.951537475804798],[3045470.899301977362484,732698.104537473991513],[3043670.878701959270984,732110.656937493011355],[3043594.808001963887364,733023.092837463947944],[3043216.392701959703118,733190.855437476653606],[3043204.96070196852088,733419.646337462356314],[3042416.042201957665384,733490.698237461503595],[3042112.307301962282509,734040.19263744330965],[3041523.271301955450326,733968.674437443492934],[3041252.695901956409216,734349.86018743366003],[3040958.846901960205287,734358.404787435312755],[3040981.258401948027313,734579.678937428747304],[3041379.53110195370391,734542.683237425866537],[3040991.901301947422326,735696.948837393079884],[3040533.18630195595324,735152.195937412907369],[3040270.280701946467161,735288.513537409948185],[3039817.251801958773285,736213.69683738250751],[3039969.160301944706589,736588.792237372952513],[3039636.613601954653859,736841.561037372914143],[3038927.009001951664686,736369.667737371171825],[3037459.117901937570423,737998.475037333671935],[3036679.114201937802136,737771.516937342472374],[3036401.920101943425834,736983.696937354048714],[3034701.238301929552108,736383.363437363994308],[3034088.470901926979423,736978.353437358280644],[3033436.666201922576874,737073.565937358187512],[3033504.240701927803457,737390.974437342491001],[3032959.068601918406785,737340.193837352911942],[3031637.348801926709712,738365.337837324128486],[3030597.269001920707524,737577.248137330636382],[3030539.460401915945113,736981.439737352426164],[3029312.183701904024929,737094.679237348143943],[3029178.12650191038847,736824.923037361120805],[3029654.550601917784661,736408.803737376700155],[3028514.077401906251907,735753.940337392152287],[3027321.26130190026015,735414.839237393112853],[3027026.160501894075423,735780.963737374986522],[3026226.267201903276145,734800.697537404252216],[3025347.008201888296753,734502.52263741416391],[3025105.54840189544484,733812.480737427249551],[3024770.070201883558184,733547.499537439201958],[3024254.951601889915764,734043.225937431096099],[3024135.954901891760528,733710.992337434086949],[3023149.500701875425875,733009.802637456683442],[3023148.778601885773242,732674.328437454532832],[3022150.092101880349219,732034.114537467481568],[3021614.011301872320473,730487.27863751037512],[3020936.147401871625334,729883.339237516978756],[3020921.952501867432147,729519.556137534207664],[3019148.473201860208064,728220.032537563587539],[3018781.665101861115545,726936.549737600493245],[3018300.866401854902506,730174.780637504998595],[3017656.38505184976384,730648.502037501777522],[3015013.253101855050772,734292.01303740858566],[3014937.133601844776422,735304.706037382595241],[3011537.707001832313836,739561.670837267651223],[3011359.35800184449181,740797.340337233268656],[3011770.924901837483048,742387.604537204373628],[3010911.821501831989735,742427.691237196326256],[3009543.408001839183271,743364.050237167044543],[3008262.053401835728437,743401.614337175618857],[3008060.995001832954586,744506.713637138833292],[3007207.526701821479946,744474.388337133568712],[3005806.933001819532365,745852.809037103783339],[3003892.98000181466341,745343.583637113450095],[3003350.342201810330153,745699.676837102742866],[3002735.865401807706803,746717.978037083521485],[3001701.612401801161468,747262.154037069994956],[3001134.294101804029197,747227.535237059812061],[3000680.852701806928962,746857.855137063656002],[2999990.354701797477901,745343.484837103169411],[2999199.199801792390645,745043.469537107273936],[2998776.304801784455776,745337.618037110310979],[2998275.182301788590848,745303.134637106675655],[2998172.161401787772775,745533.738537110039033],[2997925.251501795370132,745391.614037107792683],[2997630.544201796408743,746177.688037081970833],[2997206.958001782186329,746459.781037082895637],[2997218.411501783877611,747089.259237058693543],[2996781.283301779069006,748085.883637036662549],[2995786.738701780326664,748380.847737027215771],[2995468.81850177468732,749417.267237001215108],[2995132.461601781193167,749325.426637005759403],[2995025.150101780891418,749909.890236981795169],[2994456.628301782067865,750418.44293697422836],[2994200.502901778556406,750181.548736984957941],[2993798.673501776065677,750341.329136973596178],[2993116.520601764321327,749845.538036988931708],[2993240.194201777689159,749531.949436991708353],[2992390.396901762578636,749248.057937001110986],[2991598.393901761621237,750198.89033698127605],[2991818.450301767326891,750693.164736967068166],[2991499.032601767685264,750899.171836966532283],[2991496.811501767020673,751298.169736944022588],[2990856.925401756539941,750776.817236962495372],[2990124.725301765836775,751545.35603693977464],[2990475.00010175909847,752407.390836923616007],[2989970.073101762682199,752937.798236910486594],[2990273.170001770369709,753384.954236899269745],[2990239.725001771468669,753774.943236886989325],[2989375.610201758798212,754989.972136862226762],[2990173.087001764215529,755974.451136832125485],[2989636.562401761766523,756136.19733682682272],[2989787.852801765780896,756852.783036809414625],[2990391.649201775435358,757815.596436779364012],[2990181.887201762758195,757721.279436798300594],[2989868.630801761522889,758576.073336764588021],[2990244.274001773446798,759606.17863673879765],[2991194.180101775564253,760055.754036725964397],[2991300.569001771509647,760449.648736706003547],[2990560.630101763177663,760691.137036710162647],[2990190.982501775026321,761786.769136678194627],[2989297.936301768291742,761674.655136681511067],[2988873.639701768755913,761297.719436691375449],[2988648.148001764900982,761843.333136685309],[2988794.065901773516089,763165.527836643275805],[2989663.761501777917147,764192.397936613531783],[2989977.947101769503206,764304.071436616126448],[2990372.358301776926965,764079.492736622109078],[2990889.405401784926653,765069.873536595725454],[2991531.764601783826947,765350.094836586038582],[2991506.449301787652075,766391.448836569092236],[2991877.926801775582135,766311.487936574500054],[2992116.005801789928228,766657.88043656211812],[2991649.567301784642041,767583.622236539958976],[2991829.08790177712217,768103.355836522649042],[2993541.19170178566128,769082.411336500546895],[2993327.491851797793061,769598.396836490486749],[2994048.147501804400235,770878.657836463185959],[2994483.873801795765758,771084.632736453786492],[2994377.570601806975901,771749.403336430434138],[2997017.769601804669946,774433.621436373447068],[2998090.492501823231578,774824.086236362461932],[2999695.433901825919747,774796.91663636744488],[3000081.933801826089621,775786.837936337920837],[2999831.321301836520433,777027.722336312406696],[2998773.273101831786335,778684.156636258354411],[2998505.010101827792823,781086.33963619696442],[2998164.142201832961291,781496.405836187303066],[2998036.336201820522547,782341.586236174101941],[2998287.25410182075575,783400.398936145124026],[2998078.496301825158298,784071.075036137364805],[2996490.129601817112416,785589.443936078925617],[2995178.56160181062296,786374.951936067081988],[2997008.290201829746366,789847.386135972803459],[2996571.26320182858035,793452.314335893839598],[2997282.022501837927848,795958.813135831500404],[2997314.958201839122921,797184.033535797498189],[2997897.920401834417135,797764.829135788604617],[2999769.937901847530156,798688.252535767504014],[3000710.682101852726191,800079.983035724028014],[3001316.086201851721853,800277.677035732427612],[3001332.683801858685911,800830.377435710746795],[3001831.820901867002249,801495.509435695479624],[3001558.158701863139868,801689.204835682874545],[3003306.673301857430488,802314.105535678681917],[3003865.800201863050461,802918.249235659022816],[3002512.708701858762652,804341.343135620467365],[3003176.521301868371665,804542.633035625214688],[3003850.008001879788935,805124.906235604314134],[3004045.993301869835705,805714.063435587799177],[3004612.232201866805553,805504.279835597029887],[3004765.908701870590448,804862.58353561651893],[3005223.256601876579225,804751.122935623629019],[3005518.447801888454705,805489.192235586699098],[3006608.517501881346107,804922.134535614517517],[3008020.53860189113766,805138.498335611657239],[3008467.438001891132444,804836.668235621764325],[3008902.85650189127773,805130.365735612926073],[3010177.844501891173422,804628.077635630266741],[3010757.000801907852292,805484.443635605392046],[3011898.519601904321462,805361.751235609757714],[3012095.36690190853551,805536.499835604801774],[3012643.978801916819066,805206.574835611158051],[3013061.907201908528805,805642.845935609424487],[3013494.576601921580732,805323.667035617516376],[3014382.683801915496588,805179.616135615506209],[3014598.208501916844398,804906.434035622398369],[3015132.730601915158331,805113.007235623430461],[3016627.131201927550137,804602.134435633663088],[3017502.911101932171732,804805.99733563454356],[3017745.491001926828176,804630.756935636862181],[3017409.650201935786754,803587.96943566435948],[3018539.783951944671571,802710.339835682651028],[3018759.470351925585419,802037.318985698511824],[3019809.335001942235976,801413.649335717665963],[3020209.03280193079263,801490.326235720422119],[3020966.454701945651323,802518.620135685312562],[3021759.931401951704174,802056.476535700494424],[3021473.083701942116022,803118.3915356855141],[3020108.660401946865022,804004.538635644712485],[3020486.258501948323101,804712.168235640507191],[3020399.153901945333928,805220.754735624068417],[3019962.327601939905435,805503.922435609507374],[3020099.462201947811991,806548.473535584751517],[3019684.268301933538169,806982.611035575857386],[3019579.347901943139732,807490.182585559319705],[3019157.336901940405369,807656.290735557093285],[3019192.11160194221884,808110.927035538945347],[3018737.247401935048401,808439.937135535641573],[3018462.506201936397702,809060.325935520231724],[3018891.58760194061324,809414.500035515520722],[3018909.373601942323148,810086.132835495052859],[3020497.292001947760582,810750.512835479923524],[3020638.83510195882991,811189.177735469536856],[3021026.527701959945261,811444.007535462384112],[3021412.808501954656094,811346.129535469575785],[3021771.38020196184516,811871.819035458145663],[3022119.530201960355043,811962.929535453324206],[3022161.166501962579787,812455.205935437930748],[3022659.234301954973489,812992.426935426075943],[3023411.515301964711398,812912.484235431416892],[3024070.112601958215237,813549.703035410493612],[3024165.522601972334087,813818.108335410011932],[3023593.724301965441555,814967.502135375281796],[3023867.159001972991973,815476.54573536850512],[3023659.084001965355128,815783.885835360037163],[3024146.373701971489936,815967.482335351989605],[3024663.942201978527009,816588.017235338338651],[3024515.438851967919618,816851.236835330841132],[3024945.539301979821175,817962.197435304406099],[3025547.383701974991709,818334.738435296108946],[3024656.117201985325664,819227.896035274141468],[3023942.633901979774237,819538.100035265437327],[3023606.814301966223866,820142.940035242936574],[3022836.637401966378093,820108.052435244084336],[3022447.802501966711134,819406.166035265661776],[3022436.918801960535347,819751.361335260677151],[3021939.843801959883422,820138.831935252877884],[3021396.149401971139014,819835.89213525375817],[3020719.312301959376782,820147.154935247614048],[3020314.720501960720867,821176.56983521557413],[3019527.113501948770136,821763.812235198798589],[3019106.899601950775832,822737.407135184970684],[3018968.51200195774436,822291.118135192780755],[3018076.107701949309558,821673.350335199851543],[3017349.347301949746907,822052.199735200498253],[3016826.063901942688972,821990.194935198873281],[3016762.867301949299872,822665.224235186120495],[3016417.531101940199733,822670.55183517804835],[3016288.095101953484118,822283.796835188986734],[3015332.752601938787848,821746.722435200586915],[3015245.621101940982044,821420.182635215693153],[3014337.043501939624548,821435.930035218247212],[3013911.150701936334372,820783.076735221082345],[3013257.342601933050901,820584.990735238185152],[3013122.79980192752555,820862.023635216522962],[3011871.356301923748106,820670.954635225818492],[3010371.515101917553693,821070.005035210517235],[3010104.248201916925609,822153.249935185420327],[3009545.586801917757839,822567.012735184864141],[3008328.995001916307956,822254.754335183766671],[3006987.687701906543225,823009.935735159204341],[3006018.280001896433532,823145.63833515625447],[3004099.219401889014989,822235.643935184692964],[3003959.337701896205544,821606.485735198366456],[3002942.231701890006661,820860.096785214380361],[3002856.913201888557523,821633.014435183606111],[3002419.1820018729195,821829.648035179590806],[3002112.2070018844679,821486.903535193298012],[3001284.528901887126267,822357.062435176223516],[3001488.002001880202442,822778.684935158235021],[3002211.415101882535964,822772.179535165545531],[3002399.978201895952225,823127.963935160427354],[3001808.696201886516064,823982.480235139024444],[3001810.23100188234821,824776.853135124547407],[3002122.417401886545122,825219.884735095896758],[3001941.299801882822067,825869.946335086715408],[3001636.593001892790198,825992.240835081553087],[3001716.879901885055006,826361.05553507397417],[3000932.397501888684928,825987.803235080908053],[3000295.375001884996891,826039.404035073006526],[2999518.298301871865988,826648.489835066022351],[2999499.732901878189296,827270.963135046535172],[2999221.868001873604953,827578.258635030360892],[2996966.248701862059534,828671.228935010614805],[2995960.893201872706413,828509.00793500978034],[2994486.849201858509332,828959.220335009042174],[2993771.797001847531646,829653.369234978687018],[2993551.673101847991347,829387.594234982971102],[2988243.073401822708547,829571.290434974245727],[2987155.381651822477579,827985.740385015727952],[2986288.574001820292324,827943.017835016362369],[2985925.298901816830039,827673.718835023464635],[2984651.507001813035458,830617.640334943193011],[2984390.875301818363369,830867.065734943258576],[2982291.430901804938912,831009.484834934701212],[2981909.116251810453832,832296.859234896954149],[2982431.612701809499413,832179.109634902444668],[2982651.100501806009561,833409.49103487667162],[2983516.963801810517907,833817.596734868595377],[2983678.643301808275282,833600.771234872168861],[2984136.112201814539731,833822.549034868949093],[2984551.04210181068629,833734.035234866780229],[2985353.980401832144707,834167.061634863610379],[2986056.609801827464253,833900.714934871997684],[2986559.218601828441024,834974.494034837116487],[2986297.511701826471835,835081.59113484073896],[2986520.950401834677905,835401.54973483167123],[2986358.017501831054688,835550.732034823042341],[2986837.641601822338998,835614.856534826569259],[2987076.604201829060912,835990.216334819793701],[2986813.35370183782652,839695.176834732177667],[2986413.433001840021461,839692.795034725102596],[2986363.575601839926094,840208.130534707685001],[2986002.139801830518991,840583.559534705476835],[2985493.159401836805046,840079.356734715634957],[2984431.773601822555065,840762.969434703350998],[2981903.834701816551387,840397.33913469768595],[2980884.019901811145246,840745.053634693962522],[2980730.639701819978654,841286.067534689442255],[2981025.537701806053519,841958.295234659919515],[2981229.207001817412674,841976.032834667479619],[2981069.529101821128279,842909.839034637669101],[2980481.791901817545295,843603.454534616321325],[2980683.712501809932292,844005.679734611883759],[2979950.343601804692298,845137.829734577913769],[2980211.005701810121536,845301.859134576050565],[2979035.212001794949174,845539.066834575263783],[2978800.282801798079163,845685.011734563624486],[2978850.706301799975336,846001.190334552899003],[2978411.935501812957227,845724.312834567390382],[2978290.723401800263673,848755.061034489423037],[2977878.493801808916032,849515.995134461321868],[2977871.162101808469743,850615.902934447396547],[2977448.169501804746687,850902.091734439367428],[2977781.581101812422276,851821.10803441319149],[2977675.617101798765361,852098.451034411671571],[2978056.862501803785563,852340.444834392983466],[2978004.492401809431612,853906.257234357297421],[2978710.123201820068061,854447.394834340899251],[2978965.793401811271906,855186.687434334307909],[2979176.467201808467507,855276.276034324779175],[2979538.910701824817806,854773.077434342703782],[2980392.423901823349297,854457.680034347693436],[2980650.6343018184416,853929.689634362817742],[2981458.870701834559441,854595.794634356396273],[2981682.565201828256249,855180.790734336944297],[2982463.837301837746054,855379.172934330417775],[2982664.292601835913956,856201.472834305954166],[2983304.561201839242131,856163.188634308404289],[2984388.532501840498298,857687.00793427717872],[2986267.09330184943974,859413.955034229322337],[2986815.62040185648948,860185.698834206210449],[2986870.776101859752089,860799.96223419951275],[2987866.389001864939928,860903.856534201535396],[2988401.227401861455292,861199.366634191013873],[2989432.251701859291643,860676.459934214828536],[2990033.06040186714381,860837.704634202760644],[2990776.868701876606792,860419.960234222351573],[2990363.559701869264245,861883.834034177940339],[2989378.254501868505031,862816.179434148711152],[2988478.758301861118525,864312.848734120721929],[2987803.278301862534136,864342.802634113351814],[2988087.753101869020611,864817.652234104112722],[2987561.444001866970211,865351.963234083261341],[2988683.336901876609772,866007.575034073670395],[2989348.170301876496524,866772.96993405232206],[2989516.804501872509718,867442.162634035223164],[2988666.408101867418736,867374.954334030742757],[2988885.289901862386614,867914.14283402392175],[2988708.834101866930723,868817.381384009495378],[2988933.138101869262755,869142.205983994994313],[2988970.472101876046509,870960.124333955463953],[2988742.468401877209544,871246.555533942417242],[2989386.35660187760368,873546.571833882946521],[2988915.863701888825744,876551.685983814881183],[2989228.85525188408792,876999.162183801876381],[2989051.705901886802167,877651.458033789647743],[2989736.664801883511245,878412.266133770579472],[2989468.754501891322434,879088.702933755121194],[2989739.449301887303591,879857.69763373339083],[2989521.063201882410794,880761.165133709320799],[2990014.833601890597492,881876.119633685448207],[2989990.49840188678354,882422.000933665549383],[2990434.365601895842701,883629.793633634340949],[2991401.363701905123889,884247.343233622610569],[2991393.449701888486743,884662.259133610175923],[2990877.874401891604066,884954.05283361079637],[2991222.708001893013716,885329.561433607945219],[2991212.094101903028786,885725.062733589671552],[2991426.880701893474907,885639.671633583493531],[2991525.353201895952225,886129.286933581461199],[2991768.498601906001568,885887.477633582078852],[2991773.764801891520619,886284.665833575767465],[2992257.463801895268261,886517.499333573039621],[2992300.16390190506354,887095.756633558310568],[2992712.827801904641092,887539.392383543192409],[2992953.317701910156757,887389.393383550574072],[2993112.674851909745485,887703.523233533604071],[2993289.829451914876699,887454.130233547883108],[2993400.876451917458326,888057.623783531133085],[2994120.90490191988647,888274.844983527669683],[2994850.616801916621625,889399.636533505399711],[2994341.141501924954355,889680.574333497905172],[2993997.855401926208287,890690.273833465762436],[2993396.201401901431382,890959.442833461100236],[2993405.580651915632188,892303.850633428432047],[2994101.655051921028644,893674.951383393839933],[2994180.567001917399466,894321.622533378191292],[2994978.245801928453147,895060.92093335732352],[2996483.97960192617029,895662.446933347149752],[2996817.381101934239268,896558.263633327092975],[2997776.984701939858496,897177.965233317925595],[2997959.037201941944659,897758.810033300425857],[2997769.848601943813264,897995.298933291691355],[2999644.371801950037479,898632.606333284173161],[2999537.452201960142702,899073.790033264900558],[2999953.360301956534386,899818.07963325525634],[2999106.732901951298118,901692.145633200416341],[2999508.08450194587931,902189.228833186905831],[2999571.49150194786489,903231.059833170380443],[3000047.917701959609985,903435.311933165066876],[3000696.240901959128678,903046.490533167961985],[3000801.485201961360872,903532.940433156560175],[3001165.219901951961219,903471.54483316023834],[3001700.867001964244992,903962.989633159944788],[3001828.215901955030859,904540.523533140076324],[3002156.412101975642145,904656.579233140451834],[3002022.835601968690753,905122.998633124516346],[3002682.136401963420212,905577.533933119266294],[3001828.88470196723938,905920.543833105242811],[3002315.306001976598054,906661.282933092676103],[3002703.657101977150887,906845.878133082645945],[3002785.264401968568563,907292.022633068962023],[3003417.57440197467804,907699.085533055127598],[3004415.617401985451579,909285.009833019110374],[3006039.986201988067478,910307.978632998885587],[3006045.663001995999366,910749.401132985483855],[3006879.116202,910926.497132984921336],[3006917.300302003044635,911298.756132976617664],[3007993.690202004741877,912384.562232952332124],[3006377.517201994545758,912704.685332943801768],[3005769.70360198803246,912271.285932951373979],[3004976.163451985921711,912372.572182950563729],[3004879.378101982641965,913316.702332921558991],[3004386.528401978779584,913381.339032925665379],[3004289.488701991736889,913677.529232920962386],[3004725.27400198765099,913961.967532909824513],[3005033.027101990301162,914920.867532884469256],[3003885.852701996918768,914893.446432886645198],[3003564.459501981269568,913902.032932912465185],[2996815.944401959888637,915969.698632856481709],[2995364.087401943746954,916126.754032840486616],[2995163.979401952121407,916980.979332829359919],[2994501.555601946078241,916496.019732833839953],[2994059.042901938315481,916394.799232845776714],[2993548.784301942680031,916736.443332823109813],[2993570.266701935790479,916486.682632833719254],[2993319.288201934657991,916397.978432838921435],[2992686.826301945839077,916848.374132834025659],[2992386.605801938101649,917467.381932809948921],[2991860.404401933774352,916952.443132816348225],[2991093.594101922120899,916717.778432819875889],[2990841.153401933144778,917770.893632804160006],[2982402.256501887459308,920256.683932733605616],[2982077.792201890610158,920672.212632716167718],[2981751.363501887768507,920606.891632716404274],[2981541.132201889995486,921095.454232708434574],[2981098.057501893024892,921024.217732704011723],[2981431.44970188755542,922406.14543267711997],[2981187.5925018992275,922958.003632663865574],[2981400.169801892712712,923231.753532665548846],[2980958.970901883207262,923907.086332634906285],[2980575.771401887293905,923938.959732648218051],[2979160.774301882833242,923181.626232651993632],[2977906.002101877704263,921915.121932695154101],[2976554.839501863811165,923011.853532664128579],[2975710.021201873663813,923141.525432654307224],[2975422.365301854908466,922810.185732659418136],[2974987.666201854124665,922745.032632663729601],[2973996.00610186625272,923342.747832643683068],[2973693.050601863767952,922812.527432662667707],[2972555.316301856655627,921856.309832688304596],[2972094.035401850007474,920862.293932713801041],[2972116.232901851646602,918872.643032754422165],[2972405.545101846568286,917453.117132788524032],[2972414.350301849655807,916494.923932807054371],[2972167.828801851253957,916008.518432821962051],[2970135.3469018349424,915245.09913284657523],[2969874.178501829504967,914243.970532865612768],[2969077.596501833293587,913927.609032879816368],[2968061.515801822766662,912979.265532898250967],[2968187.591101828031242,912436.474832906620577],[2969191.423201820813119,912160.115832914132625],[2969188.336401824839413,911914.697732919361442],[2968681.79200182761997,911761.019932926748879],[2969216.825701830908656,911184.855132941855118],[2968764.902101818006486,910692.209932954516262],[2967769.150001817382872,910403.568532956764102],[2967545.018901816103607,909771.291832973132841],[2966459.650401811115444,909401.087632981478237],[2965904.495101803913713,908601.647833001683466],[2964630.340001802891493,908686.68483300623484],[2964297.552401796914637,907538.914733026060276],[2963789.297201798763126,907025.752833043923602],[2963290.853701791260391,906980.704333034227602],[2962781.548601792193949,907655.32673301990144],[2962235.126801785081625,905739.749033070984297],[2962472.649701792281121,905310.558433073456399],[2961491.073001784738153,904827.206433091661893],[2960855.347601782530546,905106.539933089283295],[2960658.30170178366825,904527.466233098879457],[2959919.295301779173315,904493.246333085000515],[2959116.076301769819111,905064.057033085846342],[2958851.153851774986833,906398.364383053500205],[2959400.221601773053408,906313.910833050031215],[2959664.392201773822308,906507.853233047528192],[2960053.675701781641692,906199.819133061100729],[2960457.662901783827692,906425.677433055010624],[2960363.739001783542335,906822.80233303795103],[2960608.832201790064573,907073.557133041205816],[2960229.918901773169637,907781.922433013794944],[2959675.666051775217056,907714.204383019241504],[2959653.523651783820242,908128.366633000900038],[2959009.488901770673692,908447.99523299431894],[2958592.166051786392927,908386.385382998269051],[2958043.809251771308482,908847.884982991032302],[2957759.670101771131158,910208.390532950754277],[2958152.185201767366379,911276.642532930825837],[2957698.231651777401567,911321.849432931747288],[2957346.650701779872179,912393.675232899840921],[2957682.324801777023822,913084.790332880686037],[2957700.439401779323816,914085.413832861930132],[2956454.300301775336266,914281.583932856796309],[2955856.781301772687584,914860.157032842282206],[2955574.848101766780019,914827.015932836919092],[2955083.187101774383336,915653.514832815737464],[2954698.146701772231609,915798.150432816823013],[2954084.937301752157509,915714.419532817206345],[2954120.902701755054295,915043.986132840043865],[2953509.292451767250896,915185.939382829004899],[2953415.885601761750877,914155.740332857007161],[2952719.872201742604375,913568.596832870738581],[2952213.124801750760525,914112.144232860417105],[2951567.682601744774729,914189.268832853762433],[2951055.337501748465002,913902.37793285981752],[2950837.141501748468727,914119.569632850936614],[2949785.763201747089624,913654.450332855456509],[2949132.403001743368804,913707.768232857109979],[2948475.82300172932446,914081.968332854681648],[2948424.729401728138328,914693.90373283624649],[2948078.979201727546751,914897.745032829232514],[2947840.129701730329543,915497.197832815814763],[2946922.266501736827195,915381.702732814592309],[2946244.027401731349528,915699.87523280759342],[2946163.993601723574102,916046.54573280387558],[2945653.116301730275154,915957.626832802430727],[2945549.872001725714654,916181.056032792199403],[2945268.89780171494931,915992.810432801838033],[2945095.980601716786623,916146.820132794557139],[2945097.627801727037877,915501.559032810968347],[2944435.409101714380085,915281.798532813088968],[2943912.283101708628237,916211.39913279376924],[2943577.723401708062738,916151.272732792771421],[2943356.91670171264559,916470.744632788351737],[2943624.702101720031351,917547.260232766508125],[2944111.238101716618985,917592.636632754234597],[2944436.253601727541536,917913.549832759308629],[2944087.169301718007773,919026.528432726860046],[2944128.643001711927354,920365.527532689739019],[2943673.987001719884574,920424.644732698216103],[2943937.737201728392392,921136.835932681104168],[2943855.240801719948649,921999.871032651746646],[2943486.944401719141752,922465.595932643162087],[2943415.306301722768694,923179.990532619645819],[2942508.052401717286557,923843.806132612400688],[2942510.052901722490788,924256.339032601215877],[2942119.215001720935106,923904.406832596869208],[2941427.346301707439125,925975.583832557895221],[2942098.252701713237911,926058.236032549990341],[2942484.204601727426052,925612.830132567323744],[2943148.184801716823131,925529.4256325669121],[2944863.50670173484832,926578.274132540798746],[2946492.23290173523128,926811.938932538498193],[2946744.721101745031774,927129.955432530492544],[2946573.370201740413904,928253.607432504999451],[2946862.644901741761714,928803.548932490986772],[2947831.777801739517599,928522.884832501644269],[2948541.917001746594906,928883.615032492089085],[2949244.363001752179116,928785.53743249271065],[2949713.616001749876887,929203.829032484558411],[2949634.592301751486957,929960.853632464306429],[2949154.536501756403595,929951.850432461360469],[2948831.203801750671118,930588.141732442658395],[2948306.039701757021248,930705.135332448408008],[2948902.66870174696669,930879.038532449165359],[2948876.171701754909009,931337.007632425287738],[2949990.969601760152727,932578.48133240500465],[2949590.056001757271588,932851.463432392687537],[2949822.942501762881875,933746.08473237324506],[2949300.0968017578125,934026.143932361970656],[2949139.442801757715642,933467.845032383454964],[2948867.865101754199713,933493.108432373497635],[2948233.994101751130074,932630.257832392817363],[2948237.215901750139892,932194.903932401794009],[2947760.481801741756499,932351.929132411140017],[2947515.142101745121181,931436.630632427986711],[2947722.326601750217378,931286.841232428210787],[2947610.524501743726432,930662.263832446187735],[2947180.321701748296618,930652.771032437565736],[2946972.553701743017882,931266.699132426641881],[2945896.774501742329448,931611.246932424604893],[2943547.545301739126444,933628.509832368581556],[2942691.288101714570075,933969.544132355600595],[2942632.687701727263629,935051.454932328895666],[2942364.9157017278485,935189.834132327348925],[2942543.277001738548279,935900.323532314738259],[2942175.486501733306795,936089.400632308097556],[2942079.430301723536104,936481.082232296466827],[2942520.842001725453883,936669.60053228889592],[2942433.126101735047996,937151.657732279389165],[2940979.057701723650098,936971.589532291283831],[2940226.899301719386131,937209.698432280914858],[2940533.93170172534883,938080.693032261915505],[2940489.773701723199338,939052.869232228258625],[2941032.079901712015271,939283.360032219206914],[2941141.618701722472906,940736.79583219171036],[2941644.737901717424393,940929.28483218618203],[2941680.512701723258942,941515.318432174040936],[2942067.042201736010611,941809.956032162415795],[2942847.038001736626029,943688.35023212316446],[2943230.679701743181795,943989.260032111313194],[2943223.505101743619889,945029.319432092714123],[2944111.696401739493012,945819.427632068400271],[2944650.895801747217774,945318.070532076992095],[2945850.752901744097471,945527.240532082505524],[2946030.756901748478413,944762.184232094557956],[2946890.173601762391627,944261.778832112206146],[2947116.309101759456098,943072.394732143031433],[2948978.176901755388826,942336.952132160891779],[2949725.04680176731199,941644.258632178185508],[2949659.291201766580343,940798.776932193199173],[2949860.831101762596518,940509.205432208604179],[2950587.384301766753197,940515.277632207493298],[2950997.375101772136986,941031.669932189513929],[2951600.510401777923107,940720.403432204737328],[2952291.540901778265834,940841.611832195427269],[2952632.27740177186206,940570.421232208493166],[2953066.47000177251175,940981.607932195882313],[2953036.401901777368039,941460.677532177069224],[2953416.537501790095121,941651.338232188369147],[2953397.281701780389994,942963.645132148754783],[2953584.79850178770721,943250.405832147807814],[2953005.546301795169711,944326.867132109007798],[2953528.970901789143682,945436.460632091620937],[2954324.246501797344536,945257.113132090191357],[2954703.053301793523133,946084.464032078743912],[2955468.276301799342036,945844.58613208879251],[2956419.384201806038618,946605.711332062841393],[2957070.545401806011796,946519.502032066346146],[2957590.204301807563752,946863.047832056647167],[2957806.505901812110096,947300.74543204321526],[2958559.869701805524528,947832.263732033432461],[2959559.261901823803782,949892.103431977098808],[2961013.222701832652092,949847.682931984658353],[2961656.205601825378835,949271.881832017563283],[2962242.578001826070249,949493.338931988575496],[2962979.668201828375459,949318.773532000835985],[2963198.18930183770135,949873.715931989834644],[2961991.931801837868989,951783.298631938290782],[2961846.565101826563478,951467.508731949492358],[2961548.5455018337816,951889.76613193564117],[2961683.530401835218072,952108.428131932858378],[2961422.288401826284826,952089.301931935362518],[2959164.885701823979616,955012.857431861222722],[2959490.262601814698428,955675.078831848804839],[2958587.080701828468591,956193.822031837771647],[2958605.301801817957312,956563.720231825951487],[2957958.280101821292192,957074.919431813061237],[2958154.415301813744009,957184.121531809098087],[2957905.910801823250949,957345.73123180156108],[2958084.734001810196787,957587.214031796203926],[2957872.942001821473241,957426.575731806922704],[2957893.853201816789806,957038.561031812685542],[2956565.812101811170578,957343.55353180563543],[2955778.965701800771058,957829.354231792618521],[2954185.848801805637777,957744.249431791249663],[2954203.100901793688536,957177.59193180501461],[2953053.468701794743538,956621.538431827677414],[2952924.825801790691912,957199.449531808961183],[2952029.502901789732277,957579.058931784587912],[2952049.674201794434339,957938.801531783188693],[2951814.300501784309745,957973.795731781166978],[2950859.148901790846139,956749.089531818171963],[2951089.928201783448458,955893.782331833615899],[2950940.942901785485446,955604.014431841904297],[2950522.553201779257506,955653.551331833121367],[2949835.002701776102185,956290.752631823881529],[2949323.687501778826118,956282.572931820410304],[2948931.050901767332107,956689.373231815989129],[2948058.078601770102978,956530.963931805337779],[2948462.72160178096965,957964.672131782979704],[2948032.017601771280169,958206.495131771662273],[2948071.803901783190668,958544.340031777042896],[2947021.243501769844443,958310.72553178074304],[2946221.681601759977639,958417.742831766488962],[2946645.926851773168892,961176.307431700639427],[2947000.218851772602648,961840.027781689423136],[2946155.8911017710343,961930.095031685428694],[2945818.766801760997623,961692.524231689283624],[2945523.330501771531999,962144.816731671686284],[2945140.147401763126254,961989.731931683025323],[2945204.302701756358147,962446.960431662853807],[2944698.930901763495058,962477.464531675796025],[2944984.641601755283773,963116.294931650860235],[2944946.206101763993502,963727.432531633297913],[2945467.083101759664714,964023.493831631029025],[2945294.553501757793128,964155.883531627594493],[2945409.071101764217019,964408.159531624172814],[2945732.327301763463765,964277.953131633694284],[2945766.088601777330041,964730.781831615720876],[2945551.38220176845789,965001.235331610310823],[2945176.354201764799654,964973.020131604513153],[2944700.513801768422127,965541.160631588660181],[2942964.445601752493531,965591.917731597088277],[2942515.877001755870879,965946.771331576746888],[2942300.899701753631234,966525.271131578017958],[2941047.098901752848178,966144.933231571223587],[2941164.211101738736033,966380.038631577277556],[2940706.601501747965813,966859.710231552366167],[2940927.95770174684003,967190.107931551756337],[2940731.525101753417403,967718.000731536536478],[2941024.08370175678283,967945.693931525340304],[2941434.616501748561859,967685.021331533673219],[2942168.453601755667478,968352.144331523100846],[2941988.21110174851492,968423.932931516319513],[2942108.524501745123416,968752.326031514443457],[2941868.87190175242722,969557.829731495468877],[2942218.89140175236389,970187.30913148005493],[2941831.986301746219397,970418.062331470195204],[2941809.025601764209569,971286.076831456040964],[2941093.628201751969755,970882.358731470885687],[2940134.236601740121841,971210.431031449814327],[2940148.252101744990796,972077.167731431196444],[2940659.279101748950779,972543.185331415152177],[2940544.17890175525099,972922.888731407350861],[2940721.084301752969623,973195.188731405884027],[2940714.487401749473065,975041.803131350898184],[2940397.85130174877122,975947.279031348996796],[2940795.984301752410829,975932.549531337455846],[2942027.884101764764637,976771.162031313055195],[2942909.099301760550588,977003.12263131106738],[2943126.764201771467924,977709.50783130270429],[2943465.220501773990691,977981.612631296506152],[2943165.951701764483005,978279.701831288868561],[2943066.130901769269258,979071.362531262333505],[2943376.159201766829938,979017.867031266912818],[2943515.242201774381101,979359.618831261876039],[2943823.158301778137684,979422.281731263967231],[2943011.8370017609559,979880.912931242026389],[2943013.203301765490323,980303.260331231518649],[2943598.595601771958172,980238.095931233838201],[2943758.102501769550145,980804.040831223013811],[2943568.860501769930124,981155.065931214136072],[2943131.65950177423656,981029.491631222423166],[2942806.810301773250103,981818.461331197060645],[2943320.018001770600677,981996.520831197616644],[2943000.509501770138741,982562.897331176558509],[2943361.994201766327024,982583.146531181060709],[2943485.260301768779755,982978.166131174308248],[2943851.405901777558029,983014.110331164905801],[2944303.888701782096177,983504.01643115375191],[2945161.587801789864898,983265.60533116501756],[2945546.957301782444119,982854.087131179519929],[2946230.757901788223535,983197.509331170702353],[2946164.601701787672937,983582.327031160122715],[2941628.152501771226525,983611.77693116303999],[2940640.641501761972904,984407.396931134397164],[2940400.210901768878102,985037.018531124689616],[2939553.731501761823893,985476.397731100907549],[2939065.425101752858609,985447.046331113087945],[2938012.977501755114645,986335.382931087515317],[2937935.70120175043121,985871.358931101858616],[2937603.957801755983382,986006.519531093654223],[2936244.667601740453392,985139.896431115223095],[2935527.904501739423722,985596.480431098607369],[2935292.89370174985379,985379.896731108892709],[2934490.471101745497435,985662.491731099667959],[2934311.091301734559238,985426.359231102978811],[2933812.893701737280935,985425.261531105730683],[2932780.675601733382791,984264.090531127061695],[2932097.544701715465635,984044.262831133673899],[2932058.660501725506037,984559.554231115733273],[2931390.167301718145609,984533.94013113155961],[2930836.509801712352782,984943.329131110105664],[2930056.960101715289056,984969.544231110485271],[2930762.128001714590937,985819.560531094204634],[2930690.98850171873346,986581.71043107076548],[2931154.533601714298129,987159.836631058948115],[2930921.030001726467162,987463.548731045448221],[2930478.192201708909124,987500.799131050007418],[2929721.287901713978499,986718.200831073685549],[2928794.43840171629563,986967.138931054854766],[2927871.47450170526281,986495.894531069439836],[2926997.394401698373258,986794.885631058947183],[2924641.340001688804477,980190.754331219359301],[2922878.19360166369006,973690.484431369579397],[2925514.328801681287587,972298.302831419510767],[2925453.327201681677252,971881.265731420251541],[2925071.767001678235829,971677.491831430466846],[2924636.568301675375551,970894.708331441273913],[2923833.152701679151505,970640.911831449484453],[2923940.439601664431393,970144.330031464225613],[2923669.348101671785116,969801.630531466798857],[2923498.405201666988432,968714.867631500819698],[2923962.82010167138651,968808.194031497579999],[2924451.678801679518074,968291.396031503449194],[2924457.481301669031382,967201.941031542606652],[2924175.427801663521677,966778.742231552023441],[2924533.063001666683704,966388.096831561764702],[2924592.114201673306525,965861.262531561078504],[2925279.877501676790416,965400.934831583639607],[2926004.766401678323746,963432.105031623854302],[2925038.068501666653901,961979.807931655552238],[2924638.275101672858,961786.661031667492352],[2924969.930701665114611,961487.282631675945595],[2924976.961501666344702,961040.134631693013944],[2924786.021801663562655,960306.26173169631511],[2924464.397701657377183,960171.296431715367362],[2924610.396101668477058,959386.226431734976359],[2924081.265901663806289,959384.204831723822281],[2922777.127901653759181,957692.58983176574111],[2922043.518901657313108,957241.397431779187173],[2921785.979901659768075,957408.034931777161546],[2921216.149301652330905,956667.84983178821858],[2919863.220301639754325,955995.916831801179796],[2917369.477001626510173,954144.15263184485957],[2917342.1531016305089,952485.619631882756948],[2918273.495301628485322,952238.529431895702146],[2917603.034601628780365,951307.611731919110753],[2916511.758401615545154,951648.336431897012517],[2915553.811201612930745,952382.706831881310791],[2915071.751101615373045,952108.849431890179403],[2914993.934301614761353,952331.759331878973171],[2913997.001501608639956,952203.271331889089197],[2913629.810201607644558,952416.556031882180832],[2913518.162601607386023,952722.306431876611896],[2914158.415601612068713,952821.928031880990602],[2914540.188801608514041,953180.607631863793358],[2912245.77590160863474,959406.30263171356637],[2913352.55510161537677,960759.805031686089933],[2912933.400501611176878,963513.794931615702808],[2912047.369301612488925,964078.395931598031893],[2910949.602201609872282,964027.147531592985615],[2908042.000501595903188,968572.374931479338557],[2907559.24980158964172,968917.187831472372636],[2907191.749301593285054,968844.437831475050189],[2907052.749601588584483,968275.375231492216699],[2907695.155901592224836,967937.482031503575854],[2907554.000401586759835,966777.937231524381787],[2906814.750301589723676,965872.686631555436179],[2906485.25080158514902,965037.688231571577489],[2906729.50020158989355,964085.62433159572538],[2906237.998901574872434,963658.125431605381891],[2906079.749801576603204,962894.68713162583299],[2905292.250401574652642,963164.93623161513824],[2904930.500401579309255,963028.000331619055942],[2904697.249401574023068,962677.50063162308652],[2904943.250201572664082,962218.749731641961262],[2904715.24960157694295,961864.999731647549197],[2903547.499801569618285,962060.3754316464765],[2903948.999901570845395,961570.063231648993678],[2903263.751101569738239,960306.437731685349718],[2902958.749201566446573,960369.375231688492931],[2902645.250101563055068,959947.43773169175256],[2902034.249601556919515,959960.311731690657325],[2902892.750901564024389,959637.438131696195342],[2902379.499801561702043,959401.936931696021929],[2902613.750601562671363,958743.686531723476946],[2901712.500201563350856,959252.812231705640443],[2901548.749601562041789,958850.937631718814373],[2901706.500201564282179,958538.250431725289673],[2901543.250301551539451,958262.250931731774472],[2901199.404701560735703,958245.413231730111875],[2900935.750401555560529,957449.124731744639575],[2899991.000301548745483,956405.312831771792844],[2899975.000601549632847,956088.061731784720905],[2899346.50000154832378,956353.438231769832782],[2899537.49890153715387,955177.812931802938692],[2898930.750001543201506,954692.375031812814996],[2899103.251201543025672,954371.562731821439229],[2898868.749301539268345,954181.500231830053963],[2898964.499901539646089,953843.937631836393848],[2898303.749801535625011,953675.062631840701215],[2897460.500301529187709,952386.874531873036176],[2896979.250601533334702,952148.062431875499897],[2896647.000401531346142,952270.750131870037876],[2896505.750001531559974,951974.812831883551553],[2896145.249701532535255,952114.687331871362403],[2895875.249801517464221,951628.186831885832362],[2894240.500901517923921,952097.061431872076355],[2893579.749701518565416,951880.687331880908459],[2893444.500601515173912,952168.187731865327805],[2892647.250901510939002,951519.18673188961111],[2891692.50020151026547,951254.500331890420057],[2891318.499201503582299,950517.437031908077188],[2891553.249701500404626,950115.50053192069754],[2891246.250101507641375,950025.06183192494791],[2891173.249801500700414,949626.126131933997385],[2890666.249301498290151,949476.874831929686479],[2890471.249101498164237,948987.68643194634933],[2889967.999801493715495,949396.938231936073862],[2889818.251001500990242,949039.937831946997903],[2888940.750601495616138,948877.750231945654377],[2888765.250301484949887,948395.062431962578557],[2888471.250201495364308,948364.437631962238811],[2887406.499601477757096,946850.250931993126869],[2886951.999401479028165,946763.875232005608268],[2886785.500401477329433,945837.999732021940872],[2886493.500801474321634,945750.750232018064708],[2886463.999401476699859,945442.187132026301697],[2885704.999701471533626,944908.06273204414174],[2885262.750501475296915,944918.625232050544582],[2885024.750401470810175,944402.062332054250874],[2884497.000101470388472,944210.437932065804489],[2884564.249101469758898,943872.312032068381086],[2884200.249001457355917,943873.875632071169093],[2883554.999701462220401,943178.249532088171691],[2883229.249701462686062,943195.687332080677152],[2882869.500301459804177,942736.126032094238326],[2883074.000101459678262,942055.687632110202685],[2882650.000401454046369,941580.313132117502391],[2882754.749001455958933,940868.563732140348293],[2882503.000601458363235,940378.751232152921148],[2882897.750601464416832,940255.624932151171379],[2882397.000101457349956,939671.750132165965624],[2881872.499001450370997,939688.187932167900726],[2880728.00010144431144,939200.688532172353007],[2880584.00000144680962,938866.750232185819186],[2880060.249501436948776,938761.374832188128494],[2879560.888501435518265,938165.441132200765423],[2878415.24930143263191,937562.124732214724645],[2877302.471401427406818,937762.434932212694548],[2876676.500701426528394,937374.562232216470875],[2875670.751101424917579,937812.937732213758864],[2872392.249301404692233,935230.686532277148217],[2868148.751001385040581,929764.437232394586317],[2867023.000301377382129,930232.811332385055721],[2865406.250601372681558,930065.250632387818769],[2865061.999651366844773,930291.750782386981882],[2864570.999951367266476,930206.624882385949604],[2864374.75045136641711,930470.6245323845651],[2863612.000601363368332,930356.687632375280373],[2863437.500251362565905,930085.311782388598658],[2862839.249501353129745,930503.31153237412218],[2862205.750501355156302,930214.812632385757752],[2861623.499101348686963,930836.811732371570542],[2861372.749801346100867,930747.062632371671498],[2861171.250501348637044,931087.563332360587083],[2860427.249401341192424,931205.250532355858013],[2859762.499801337253302,932497.936832326115109],[2859492.999801338650286,932288.12403232883662],[2858861.249501343350857,932718.936232317588292],[2859434.250401343684644,934417.562032279442064],[2859129.001001343596727,934545.749032269697636],[2859177.499801338650286,935805.437532250303775],[2858836.500801342073828,936023.249732239288278],[2859252.000301338732243,936264.312932237517089],[2858641.24950134055689,936620.500332222436555],[2858824.500301338732243,937373.812132196733728],[2858576.249301343224943,937782.250232198275626],[2858646.499901343137026,939471.561832155566663],[2858311.500101347453892,940603.625432124128565],[2858560.249301348812878,940687.499132121331058],[2858586.999301346950233,940993.062032125308178],[2858092.250101343728602,941328.063432105816901],[2858139.750101351179183,942203.875432091532275],[2857882.750101342797279,942549.187232076888904],[2856208.499501338694245,944051.937332042027265],[2856146.000001334119588,944418.186832033214159],[2855684.999101333785802,944821.750132013694383],[2855778.749601341318339,945058.812332012457773],[2855469.501001336611807,945096.188232012675144],[2855681.750401339493692,945414.312532003619708],[2854662.999601335264742,946140.749531990033574],[2854444.750201333779842,946640.373731975210831],[2853844.749801331199706,946862.124231961439364],[2853483.249901328235865,947534.250431950902566],[2855004.250101338606328,948642.312531923176721],[2855602.500901338178664,948524.187431928236037],[2856166.000601341016591,949061.936531919520348],[2857568.500501351896673,949131.062931929249316],[2857468.000901348423213,949356.250231908401474],[2857854.500001352280378,950168.186531890067272],[2858780.249501352664083,950447.688331887125969],[2859894.250701353419572,951535.562331862282008],[2860903.250401362311095,953512.561931815929711],[2860970.999801371246576,957203.374931718572043],[2862051.518201371654868,958598.458931696019135],[2863015.114901377819479,958803.421931686694734],[2863719.115401381626725,958117.639331702259369],[2865393.813701384235173,958103.83283170661889],[2865558.179001392330974,958687.06753169815056],[2865361.19080139324069,959679.793831669143401],[2864343.392001388128847,961459.191431626328267],[2864230.942501394078135,962263.37823160935659],[2863709.874801379162818,963315.416131581645459],[2863722.503101382404566,964166.197831565281376],[2864100.785601385869086,964333.288131555076689],[2864236.936301394365728,964801.395331541425548],[2864518.22640139143914,964815.581431550788693],[2864611.734201387967914,965296.975031536305323],[2866893.092301404569298,966769.568031501141377],[2866844.020001407712698,967527.775431480375119],[2867207.559301403816789,967834.847631478332914],[2867181.081401402130723,968537.132831456139684],[2867377.215301405638456,968781.014331451384351],[2867208.721801405772567,969971.272031423752196],[2868302.158101415727288,970515.77343140647281],[2868663.614201418124139,969801.412431428558193],[2868696.508801410440356,970773.072731398511678],[2869052.173801413737237,971385.831831391900778],[2868885.966801411472261,971521.114331380464137],[2869311.782101416029036,971418.811231386032887],[2870335.199101421050727,972277.303331359522417],[2869889.976801422890276,972388.868331362609752],[2870752.682501425500959,973818.360031328862533],[2871062.517701435368508,975368.232231289264746],[2870628.558401427231729,975870.535231283283792],[2870379.888701424002647,975374.629631292074919],[2869779.073901421856135,975213.52773129788693],[2869122.925301421433687,974591.851831310428679],[2868829.039301420561969,973653.797031325986609],[2867734.448801404796541,972750.575331355561502],[2867114.633601406123489,971855.65913137071766],[2866894.447201403789222,971945.067631371784955],[2866487.656001405790448,971504.403531375341117],[2865815.110001399647444,971343.902231381856836],[2865600.645001402590424,971010.72453139827121],[2864725.064601396210492,970991.208331398316659],[2864502.912001392338425,970708.144231401383877],[2863326.734001385048032,970281.395331407897174],[2862933.397201386746019,969687.682131425361149],[2862402.111701381858438,969618.751031423802488],[2862155.059601387009025,969176.557431429275312],[2861925.558501380961388,969323.061831432278268],[2861529.623301380313933,969060.059331434895284],[2861272.802401381544769,968454.94463145697955],[2860488.691401377785951,968222.830331459525041],[2860091.252801373135298,967551.916231466224417],[2859847.651301371399313,966605.683231492526829],[2859976.372701364569366,966366.852331499219872],[2859674.002501368056983,966094.338231505244039],[2858701.597101360559464,966707.651231491006911],[2857862.364101361017674,968992.387631438439712],[2858908.05250137206167,969471.309331425232813],[2858868.307601366657764,969977.680231410777196],[2859492.820701372344047,970027.420331416302361],[2859800.353501375764608,970666.174431395949796],[2860012.505701377056539,970654.465731391799636],[2859884.881301374174654,971310.245831379550509],[2859622.615201368927956,971451.020431373617612],[2859862.145501374732703,972206.197831365978345],[2860853.443801383022219,973215.432831336860545],[2861343.903201384469867,973042.421031345496885],[2862281.543601389508694,973921.360031322808936],[2861448.514201380312443,973813.22443132463377],[2861443.743501382879913,974238.493831320549361],[2861085.082801383920014,974668.672131301253103],[2861196.212901378050447,974972.389031293918379],[2862075.517401386518031,975137.100131293060258],[2862577.100101389922202,973830.148431324400008],[2863269.662901396863163,974354.691831314470619],[2865420.289101399946958,974638.436531305662356],[2865954.770001412834972,975315.145631285733543],[2867310.986201405525208,975565.229631289374083],[2868111.346201414242387,976074.46643127372954],[2867445.784701410215348,976528.279431267525069],[2866824.749901409260929,978118.509631226188503],[2866516.606001411098987,978371.01853122015018],[2866917.822901409119368,979092.613431194913574],[2866619.742201415356249,979768.274831183836795],[2867372.613401415757835,980265.65343116351869],[2867971.034501423127949,982107.581831131130457],[2868003.901001420803368,982550.149231114191934],[2867683.890501425135881,982969.137131104362197],[2867834.554601419717073,983800.501231080503203],[2868490.174501425586641,984646.002231075312011],[2868511.583101420663297,985234.40113105578348],[2869669.75220142537728,985996.840831029578112],[2869826.078101432416588,986739.00933101598639],[2870133.051001433283091,986926.724931012489833],[2870218.351701434701681,986685.861031020176597],[2870431.693301431834698,987001.905031008878723],[2870736.907801433000714,986926.250431020278484],[2870977.835401440504938,987145.942731010145508],[2871235.432101435493678,986820.874531019246206],[2871576.300201440695673,986888.979831016506068],[2871799.061501437798142,987496.231431004474871],[2872400.995701443403959,987633.065630996716209],[2872668.957801441662014,987991.166130996891297],[2873150.830901452805847,988041.497230980312452],[2873639.778601455036551,987576.496230997727253],[2874058.019201449118555,987740.093731001135893],[2875095.183301464654505,987333.033731004572473],[2875768.436701463535428,987866.683030994143337],[2875950.117901461198926,988507.252130978391506],[2876493.381101463921368,988693.082230978878215],[2877375.868601470720023,987934.250830996083096],[2878036.779401470441371,988435.940030985395424],[2878243.777401472907513,988930.134630975662731],[2878408.606401472818106,988652.364230979350396],[2878633.970001473557204,988855.285430970834568],[2878706.345501470379531,988568.557830982492305],[2877990.989501472562551,987068.442431017407216],[2878218.285301469266415,986432.974431032082066],[2877914.710301463026553,985656.244431059807539],[2878520.508401470258832,985504.992331051616929],[2878697.300301472656429,985217.009731051395647],[2879291.698301472701132,985331.350931055610999],[2880593.045701475813985,985000.257331062690355],[2880467.99720147298649,984011.581131092156284],[2881730.47480148402974,983742.823531099245884],[2881928.956601483281702,982870.713231122121215],[2878872.964901470579207,981432.820231149322353],[2879417.933201476000249,981358.539131150697358],[2879868.288901480380446,980616.552631170721725],[2880664.383101479616016,980222.066831183619797],[2880583.583401481620967,980000.133131187292747],[2881939.077301482670009,980547.676431178697385],[2882247.673601489514112,981545.944931154721417],[2882677.466301489621401,982018.887331142323092],[2883207.847301487345248,981369.224431159440428],[2883651.238401487469673,981990.307131138048135],[2883737.420401494018734,981365.885431156610139],[2883079.254701488651335,979913.901531188748777],[2883680.659101493190974,979389.773131217109039],[2884362.234501493629068,980252.845731187378988],[2885149.367101499345154,980400.899531181319617],[2885663.782901503611356,979976.858831195509993],[2886066.296001499053091,980353.412331180181354],[2887514.282101509161294,980385.691531178890727],[2888273.678501511458308,981302.446331167942844],[2888939.149101518560201,980805.317331174504943],[2889155.737301513087004,981238.644131166278385],[2888798.00020151771605,981567.007731158984825],[2889198.928701519034803,982221.931331136031076],[2890107.633301519788802,981643.138931146590039],[2890376.540101520717144,981738.275031145778485],[2890459.386801524087787,982499.456631133216433],[2891243.727101532742381,984041.50413109594956],[2889730.825001522898674,983929.672931096283719],[2888832.384801517240703,984139.60413110058289],[2888663.638201517052948,984421.779531090869568],[2888414.838901510462165,984152.45423109724652],[2888223.475901513826102,984321.39023108955007],[2888376.491001517977566,985022.68483107467182],[2887654.136501516681165,985682.638631058856845],[2887710.976201517041773,986317.786931037670001],[2887461.435101510491222,986323.261331036337651],[2887263.862801514100283,987097.324431024608202],[2888053.474601519759744,987345.047331011504866],[2887604.72960151406005,988007.725831006886438],[2887861.060201514977962,988444.602430986473337],[2886878.059901517350227,989253.367730976315215],[2887528.866501519456506,990194.768830944085494],[2888295.014601523056626,992683.10503088904079],[2890213.393501529470086,993043.489530878490768],[2890971.713701534084976,993751.527830860228278],[2890536.213401530869305,993942.197130859596655],[2891179.467101540416479,994529.008530844352208],[2891160.120601533446461,995089.685030832071789],[2890484.161701537203044,994635.6598308426328],[2889970.906001530587673,994769.722230839193799],[2889423.047101523261517,995548.867730821482837],[2889667.891901536844671,996211.228130802162923],[2889592.858201526105404,996848.910430794814602],[2889828.367801527958363,997548.284530769917183],[2890307.438801537267864,997969.135630764416419],[2890472.639001538045704,999434.917130731395446],[2890732.410201537422836,999596.098030722467229],[2891743.345201543997973,998871.684230740880594],[2891912.051201546099037,999255.400130729540251],[2891984.305101546924561,999977.660530711058527],[2892381.429201551713049,1000485.213430698146112],[2892121.123001552186906,1000560.427930702571757],[2892347.600201544351876,1000882.613330692518502],[2892206.987301550805569,1001049.239430693793111],[2891598.288201540708542,1001198.26203069195617],[2891947.596601554192603,1002241.369230665150099],[2891749.953801550436765,1002953.682330649578944],[2893223.994501551613212,1003551.577930635539815],[2893072.406001556664705,1005507.942430580616929],[2893535.183501552790403,1005974.091530575416982],[2894357.261601567268372,1006186.256030562450178],[2894133.776301560923457,1007064.38343055115547],[2894394.420601557008922,1007619.433130533783697],[2894978.207001571543515,1007489.662330538383685],[2895222.365101567935199,1006841.449530551442876],[2895660.787301571108401,1006535.099530557985418],[2896530.258601570036262,1006748.484130551572889],[2896956.118701573461294,1006181.508730566711165],[2897235.097801571711898,1006352.539630567072891],[2897048.352801573462784,1007362.063630538177676],[2897340.088501581456512,1007794.494530529598705],[2897759.881101575214416,1007938.402330523589626],[2898226.003701588138938,1009476.031130491406657],[2897782.676101584453136,1011543.689530438859947],[2898319.076801584567875,1012141.31083042814862],[2898487.0842015882954,1012926.490330409491435],[2898095.155101593583822,1013693.110130389453843],[2895992.820201580878347,1014884.170830361428671],[2895561.361301568336785,1015910.387130334158428],[2894949.091501575428993,1015961.429630332742818],[2894672.748001577798277,1016329.636630324646831],[2894234.757101573981345,1016381.603630324825644],[2892787.50620156340301,1015827.014030338847078],[2892705.212101559620351,1016348.940030325204134],[2893422.274401570204645,1017412.36713029909879],[2892129.953401563223451,1018300.145430277450942],[2892441.175501564983279,1019034.426130267558619],[2892347.015001565683633,1019338.039830252411775],[2891962.514501556754112,1019904.268230234039947],[2891110.382101556751877,1020036.518430238356814],[2891091.440501557197422,1020780.492530215531588],[2890006.667901558335871,1020635.442830215208232],[2889625.695401552598923,1019738.207130239577964],[2889319.428601547610015,1019779.633730234578252],[2889368.798301546834409,1019537.65383024525363],[2889037.923501549754292,1019831.881530237849802],[2888798.699801544193178,1019242.065630248165689],[2888128.774801547173411,1018842.652030259836465],[2888206.862201543990523,1018576.543530268711038],[2887818.217101545073092,1018261.395930274622515],[2886176.27480153599754,1019513.957230244297534],[2884380.403401520103216,1018945.158530247746967],[2884511.363501522690058,1019456.615330245345831],[2883934.38230151636526,1019889.452330226660706],[2883074.212601519655436,1020098.851930224453099],[2882910.344401522539556,1020802.927830210886896],[2883428.622201518155634,1021582.481930185691454],[2884201.098901527468115,1021978.253930180217139],[2884648.524601531215012,1022939.482530158478767],[2884588.654701536521316,1024070.569230138207786],[2884922.730301533360034,1024576.959830121835694],[2884533.845601537264884,1025159.928030107053928],[2883698.001101531554013,1025308.441430097678676],[2882789.028001520782709,1024586.567830113461241],[2882820.771401524543762,1024044.457730135298334],[2882446.77070151688531,1024155.139630126650445],[2882637.921501517295837,1023418.576830142643303],[2881853.897301515098661,1023827.461930138641037],[2881888.833801518194377,1024011.56473012920469],[2881582.974901518318802,1023705.516330141806975],[2881527.556701513938606,1024207.135830120765604],[2881248.017001510132104,1024047.796630133525468],[2880755.981301508843899,1024414.915530127822421],[2880225.209101510234177,1023782.081030135275796],[2878492.131901499349624,1022801.507930159918033],[2878073.080401496496052,1022175.5583301698789],[2878116.322701495140791,1021469.275130186812021],[2877243.546801500488073,1021347.14653018838726],[2877233.405301490332931,1021046.471030196757056],[2876923.29270149115473,1021332.066830191179179],[2876472.362401486840099,1020933.026930196210742],[2876067.280201484914869,1021006.514430196140893],[2875751.90670148935169,1021113.850130193051882],[2875618.608601482585073,1021566.875530180521309],[2875473.17950148275122,1021187.904730198904872],[2874193.752501478884369,1020746.954430209007114],[2874190.129201475530863,1021103.91333019558806],[2873835.389801477082074,1021105.701230191159993],[2873493.010701482649893,1021515.815930181764998],[2873242.04450147645548,1021113.574730198946781],[2873050.901201471686363,1021314.74953018897213],[2872372.811801474541426,1020850.317030197242275],[2872187.99510147003457,1021078.272830195492133],[2872037.858401474542916,1020778.480930204503238],[2871748.89290146715939,1020957.490230201045051],[2871686.530101466923952,1020411.252830211538821],[2871590.512201459147036,1020635.376630206825212],[2870451.092901456635445,1020637.197230201330967],[2870368.772101460490376,1021232.362030193209648],[2869702.211601458024234,1021560.013930176501162],[2869665.661201464943588,1021961.768330168910325],[2868986.916301449295133,1022040.928530166507699],[2868989.221401456277817,1022563.726730155642144],[2867248.452401448041201,1023294.993030134355649],[2866957.669201448559761,1024043.783130117808469],[2867204.079601446632296,1025477.44453008682467],[2865851.67520144302398,1026015.234730068361387],[2866533.064701446332037,1026608.656430062721483],[2866101.066101450938731,1027127.246630038367584],[2865099.851801441051066,1027661.140930033754557],[2864959.687601445242763,1028092.097230022423901],[2864449.231101436074823,1027635.2481300245272],[2863730.566301428247243,1028067.134430023725145],[2863592.567701435182244,1028811.850930004613474],[2864776.903801447246224,1029225.625329997390509],[2864621.295501441229135,1030360.954929967643693],[2864827.646801440045238,1030934.15552995307371],[2863928.395901435986161,1031210.677529952954501],[2862260.042101430241019,1030967.105429946561344],[2861655.109401420690119,1031140.769629944232292],[2861336.023401424754411,1030446.130829964065924],[2860706.704001421108842,1030548.977629957138561],[2859865.542901419103146,1030219.455229968880303],[2857611.600001409184188,1032325.188829917227849],[2856979.388601399026811,1032313.811529909609817],[2857129.631301410496235,1032886.679729890660383],[2858792.91610141703859,1034958.922929857275449],[2859639.754401423502713,1036852.267329815658741],[2861801.388401438482106,1039713.408329735626467],[2861597.065801437012851,1040509.468329724273644],[2861768.019001435954124,1040865.009629717329517],[2862819.257701439317316,1041963.254129685112275],[2863539.728201447986066,1041679.75252969248686],[2863589.896801441442221,1041277.93282970180735],[2864925.158401450607926,1041751.951329699601047],[2865062.579401454888284,1042094.000029691495001],[2864369.785001447889954,1042815.848629668005742],[2864386.975201447494328,1043343.794329655705951],[2864741.826401447411627,1043701.413029643590562],[2864494.073401448316872,1044228.864629643387161],[2864791.29300145059824,1044551.676629625842907],[2864307.351401451509446,1045669.45102960022632],[2864420.075101445429027,1046068.192729588248767],[2863930.090401456691325,1046520.080629573902115],[2863137.577001442201436,1046187.479829589370638],[2863245.71120144566521,1047093.418329562293366],[2862560.768001445569098,1047288.502929557696916],[2862506.94410144072026,1046594.046829576138407],[2862074.809301441069692,1046556.785429574199952],[2861746.872501434758306,1046017.771729587460868],[2861069.980101434513927,1045812.335729593760334],[2860613.504701429978013,1046856.135529570281506],[2860359.66710143070668,1046509.123729575658217],[2860063.159301434177905,1047606.459029556484893],[2859684.617101426701993,1047394.068729551276192],[2859172.438001431059092,1047512.954529549111612],[2859296.258101426530629,1047764.758129553403705],[2858892.890501423738897,1047957.31432954443153],[2859032.369801429100335,1049835.721929501276463],[2858727.309601430781186,1050108.695729486644268],[2858853.198001431301236,1050823.256129474844784],[2858506.060801424086094,1051780.237129447748885],[2858898.681001430377364,1052157.662229439942166],[2858882.647901431657374,1053702.710429405793548],[2859121.042601430788636,1053960.987529397709295],[2859237.787401431240141,1053701.028529404662549],[2859248.182001425419003,1054062.019729395629838],[2857236.677001429721713,1057514.335829306859523],[2857558.295001431833953,1058478.247829297091812],[2856682.73570142313838,1059171.989429270382971],[2856414.08610141929239,1059849.494029264198616],[2855297.231201422400773,1060076.645229247398674],[2854905.716301418840885,1060711.204529238864779],[2854375.756901414133608,1060715.207929229130968],[2854127.477701409719884,1060483.982229237444699],[2852990.690901403315365,1061236.072529220255092],[2852605.656601404771209,1061227.536829219432548],[2852022.31870140414685,1062162.585129203740507],[2851775.046001396141946,1061914.884129200130701],[2851320.783601406496018,1062307.633229197701439],[2850240.286001397296786,1062633.755429184064269],[2850407.631701393052936,1062718.10742918564938],[2850200.811301400884986,1063065.532329177716747],[2850567.763301394879818,1063743.464429159881547],[2850407.980501388199627,1064207.156029148027301],[2849921.838501399382949,1064071.983429146930575],[2849629.983801390975714,1064311.928729155799374],[2850056.261701392941177,1065006.539829125860706],[2849785.087101397570223,1064964.072529128286988],[2849554.530901398975402,1065257.913529129698873],[2849846.306401390116662,1065543.255129117518663],[2849572.647401394322515,1065618.283629122655839],[2849379.285701391752809,1066432.366029092343524],[2849000.630001399666071,1066439.598029094282538],[2848987.3341013956815,1066949.658729079412296],[2848500.419001390226185,1066824.981629088986665],[2848270.981701387092471,1067322.932529074838385],[2847701.72170138778165,1067536.364729073829949],[2848234.415101388935,1067855.904529061634094],[2847692.954801388084888,1068323.050429060123861],[2848316.162601393647492,1069425.088629028527066],[2848067.702301389537752,1072214.35132895829156],[2847347.723201392218471,1072490.047928948188201],[2846606.152801384218037,1072011.801628962857649],[2845892.415201384574175,1072272.996428964426741],[2845740.004101382568479,1072585.060028954176232],[2846327.27920139208436,1072930.050228947307914],[2846730.086601384915411,1073810.437128918943927],[2846754.601101384032518,1075056.277928893221542],[2848060.380501399282366,1074997.183528895257041],[2849165.61490139644593,1076583.417028863215819],[2848954.59200139855966,1077089.634228844894096],[2847555.440201392862946,1077188.655428839847445],[2847495.149301392491907,1077657.236828836146742],[2847836.521701399236917,1078222.136028814828023],[2848435.670001398772001,1078387.740128813544288],[2850364.215101405978203,1076793.743728851899505],[2852269.895301413256675,1077177.202528836438432],[2853258.572901418898255,1078368.635728819761425],[2854038.88770142570138,1078428.724428820889443],[2854384.817601424176246,1078960.794728806009516],[2854282.939401432871819,1080707.087828762130812],[2853907.748001432511955,1081029.131528759840876],[2853097.756201426032931,1081061.298728756140918],[2852891.422001417726278,1081293.207628753734753],[2852942.897201428655535,1081726.973828739253804],[2853361.543301425408572,1082209.082128730602562],[2854179.776001430116594,1082226.963828730164096],[2855018.443201428279281,1082493.184128722408786],[2855388.57990142935887,1082959.684828711207956],[2855773.948101442772895,1082931.172728712903336],[2855977.660201436839998,1082224.447428734507412],[2856533.163501439616084,1081647.615728745004162],[2856968.112201434094459,1080115.838728781556711],[2857191.691001442726701,1080086.765528779942542],[2857898.378001442179084,1080765.436128767672926],[2858208.054101449903101,1081539.396428741049021],[2857517.257801446598023,1082078.557928733061999],[2856524.271201445255429,1081901.899328738451004],[2856443.090901432093233,1082642.073528718901798],[2857257.441501441411674,1082827.505728714866564],[2857751.964901447296143,1082672.003228717949241],[2858159.884301452431828,1082170.05072873015888],[2858587.390301450621337,1082278.101028733886778],[2858979.550901451613754,1082720.76412871433422],[2858973.918701451271772,1083362.18972870754078],[2859545.257601456716657,1083609.994528697337955],[2860384.069101460278034,1083467.202328707557172],[2860315.358501457609236,1083998.630828689550981],[2859688.629501461517066,1084198.389628679025918],[2859812.411501455120742,1084644.117228674469516],[2860238.068901452701539,1084791.378728677751496],[2860695.211701455991715,1084387.087128680199385],[2861130.849001462571323,1084347.115728686796501],[2862601.824301472399384,1085502.725728647084907],[2862645.419801468960941,1085942.101228640647605],[2861993.023501470219344,1085997.352628646651283],[2861883.182901467662305,1086251.205128645058721],[2862305.571101468522102,1087219.20142861828208],[2863241.338101470377296,1087541.064128614030778],[2863492.473601475823671,1088332.6699285923969],[2863862.420801484957337,1088215.850328590255231],[2864353.72920147748664,1087429.602428611833602],[2864830.950801487080753,1087894.947228598641232],[2864012.783501478843391,1089195.899628573795781],[2863974.7990014818497,1090612.475828547496349],[2862592.515701476950198,1091751.677628508536145],[2862609.132101474329829,1093104.336628477321938],[2861901.548501470591873,1093176.706528471317142],[2861084.385101470630616,1092758.245128489565104],[2860750.246301469393075,1093031.014428472146392],[2860742.651401466690004,1093961.797528458060697],[2861438.438701475039124,1095209.666028427425772],[2861389.198301470838487,1095507.375728418119252],[2860485.969001463614404,1095694.524528408423066],[2859053.532301467843354,1094147.639628454344347],[2858526.517301462590694,1094073.695828448282555],[2856943.204901451710612,1098364.344728350872174],[2855232.865001448895782,1097817.844828367698938],[2854979.913601438514888,1097978.619128349004313],[2855724.970201453194022,1099471.03222832037136],[2855188.492301444523036,1101061.7038282842841],[2855889.403401450254023,1102076.819028259720653],[2855869.110501447692513,1103036.694928235607222],[2856229.695501453243196,1103114.492828239686787],[2857742.916301463730633,1102109.854028261499479],[2858376.813801466021687,1102637.441428247839212],[2858678.067301470320672,1103423.13482822990045],[2858233.516101463697851,1104397.388128202874213],[2857210.679201456718147,1104032.567428210284561],[2856169.396201453637332,1104507.37462820042856],[2855050.049701448529959,1104288.645528205903247],[2855219.175901449751109,1105920.345828163204715],[2856525.270101455971599,1106206.489528156118467],[2858346.442501466255635,1105717.456728182500228],[2859702.468801471404731,1105040.690228192135692],[2859858.726001475006342,1105516.755128184566274],[2859389.480301473755389,1106518.348928158171475],[2858070.825201462954283,1108099.753828123910353],[2856432.682601458858699,1107911.036728119943291],[2855687.192001453135163,1106701.244328148663044],[2854451.006001443136483,1106080.483528169803321],[2852926.141601434443146,1106474.331128154415637],[2851826.578201433643699,1107521.577028134372085],[2851534.143501434475183,1109576.009228087961674],[2851935.815701441373676,1109921.595928070833907],[2853001.852201444096863,1109848.07652808050625],[2854442.710001452825963,1109056.982028091792017],[2856864.104301458224654,1111035.159628056222573],[2857337.720501469448209,1111185.515728051774204],[2860347.031201476696879,1109162.897228101966903],[2861945.721601493190974,1109190.152528102276847],[2862842.181001489050686,1109685.844028089661151],[2861437.609401480760425,1111678.74162804405205],[2861637.482901488430798,1112343.127928022062406],[2861470.467001486103982,1112507.726628022501245],[2861979.059001484420151,1113518.521627999842167],[2862016.240601487923414,1112893.183728018309921],[2862416.402901493012905,1112251.046028033131734],[2862652.41530148498714,1112523.92952801566571],[2863307.769701489713043,1112605.062028019456193],[2863411.450801501516253,1113179.409928007051349],[2863710.493401502259076,1113075.849628005176783],[2863690.953901495784521,1114202.626627976773307],[2864805.466201501898468,1115968.256527942605317],[2864782.249901501927525,1116645.855127927148715],[2865250.084801506251097,1117280.904127918183804],[2865272.757701508235186,1117738.408827904611826],[2864930.672001508064568,1118290.518727888586],[2865273.453801508061588,1119087.194427870912477],[2866112.735801510047168,1119361.647027858998626],[2866126.430301507934928,1119942.74592784838751],[2865335.718701507430524,1120797.531027826946229],[2865554.07290150411427,1121990.109227796318009],[2866427.623001518659294,1122418.954027792671695],[2866152.88500151084736,1123108.142427777172998],[2866240.886501517146826,1123552.473027765285224],[2867609.837301527615637,1124506.661227738717571],[2866677.014501525089145,1125669.395627719350159],[2865528.272001513279974,1125986.086027706740424],[2865570.642901517450809,1126300.087927700486034],[2866176.989301518071443,1126652.338127683149651],[2866173.100401517003775,1127803.876227668719366],[2866778.092001526150852,1128021.585927663836628],[2866745.677101529203355,1128356.221927651902661],[2867054.395101527683437,1128286.596827657660469],[2867704.385201525874436,1129267.765227634226903],[2873901.085801566019654,1133730.97952753980644],[2874999.497601566836238,1134440.582727516070008],[2875801.809401569422334,1134595.39702751673758],[2876002.767601574771106,1135638.079927497077733],[2876392.211101578548551,1136114.801127483602613],[2875943.424101569224149,1136228.385927477385849],[2875874.882501567713916,1137056.668927456252277],[2874865.146601570770144,1137466.156327443895862],[2875054.276901573408395,1137683.831527440575883],[2874112.29880156647414,1138192.445927426451817],[2874091.62210157327354,1138420.265427424339578],[2874877.584801568184048,1138362.038227429846302],[2876730.466601578518748,1140719.523627371061593],[2874079.643801563419402,1140159.278227388393134],[2874024.440101568121463,1140441.601927384966984],[2871768.720301555935293,1139824.801327399211004],[2872477.657701561227441,1141522.576027357717976],[2872373.013601557351649,1141966.13832734618336],[2871629.061201559379697,1141792.357727342285216],[2871545.122701548039913,1141444.470327348913997],[2871340.670001554302871,1141725.947527348529547],[2870974.70790155697614,1141706.177427348680794],[2870894.428901557344943,1141984.853627340402454],[2868582.726301545277238,1141948.109227333916351],[2868503.352101542055607,1142665.543827327433974],[2868747.494901546742767,1143088.165827310876921],[2868410.218901546671987,1143406.556427312782034],[2868886.522801542654634,1143454.253027309430763],[2869420.235101546160877,1144193.435727292438969],[2868840.45220155082643,1144363.029327275697142],[2868707.288801549002528,1144831.905527269234881],[2868252.468401542399079,1145039.896827261196449],[2866517.237201529089361,1143901.02512729074806],[2865940.719601526856422,1143923.594627290964127],[2865575.39740152284503,1144315.737527280347422],[2866190.223901532124728,1144905.258327267132699],[2865052.737001529429108,1145887.810127239441499],[2864186.699001524597406,1147297.975527212256566],[2863081.493601526599377,1146797.156627216609195],[2862669.425201512873173,1147179.44042721320875],[2862362.674001513049006,1147015.368427226319909],[2862395.511701512616128,1146269.440427232999355],[2861235.459901501890272,1145353.945227257907391],[2861017.981201505754143,1146183.195127240382135],[2860595.451601501088589,1146229.526327231200412],[2860582.607501506339759,1146527.729227226926014],[2860082.070701493881643,1146458.451727235689759],[2859961.037501503713429,1146960.732627219054848],[2859136.795901499688625,1146959.978727214969695],[2859041.52540149865672,1147400.150127199012786],[2858124.988801495637745,1147521.940827207639813],[2858065.891501499339938,1148288.374027183977887],[2857072.188801489304751,1148614.685927173355594],[2856067.294001484289765,1148555.00122717441991],[2856042.911701484583318,1149562.661927142180502],[2855044.421001476235688,1149539.87152714189142],[2855026.482001478783786,1150628.183427130570635],[2853017.053001474589109,1150594.340327129466459],[2853009.040501468349248,1151095.026227117050439],[2852011.914601465687156,1151072.884227117523551],[2852004.476601470261812,1151616.451427099993452],[2851124.803201460279524,1151477.881627102382481],[2850971.374301459640265,1151714.217227096436545],[2850482.750601461622864,1151703.584027097793296],[2850342.754401457030326,1152019.09142708289437],[2850502.816701459698379,1152224.151027084561065],[2850143.696801458019763,1152959.899127073353156],[2850484.06140146125108,1153610.811627056915313],[2850403.649301460944116,1154911.300327025586739],[2850053.454301454592496,1154384.591027030022815],[2840497.776401416398585,1154175.858627035282552],[2839949.117101412732154,1153984.45722703798674],[2840953.614001411944628,1157764.866226956713945],[2841347.262601417955011,1157826.884626952698454],[2841273.410401417408139,1157604.265026959590614],[2841562.325401425361633,1157587.865126959513873],[2842520.502701422199607,1157943.270026946440339],[2842577.74010142032057,1158194.456126938806847],[2842750.471401430666447,1158056.739226945443079],[2844076.16390143847093,1158470.667626939015463],[2844282.441201437264681,1158817.718826928408816],[2844622.550101433880627,1158351.955026942305267],[2844916.964701432734728,1158352.66482693539001],[2844865.795801433268934,1158031.679326944286004],[2845095.166301436722279,1158032.991826947545633],[2845188.736201434396207,1157679.609026952413842],[2845521.302201434969902,1157747.222426954656839],[2845466.842901438008994,1157483.318426962243393],[2846050.430801434908062,1157512.15002696053125],[2846795.711301450617611,1158259.935826941160485],[2847385.101401449181139,1158085.48202694626525],[2847243.998201441951096,1157995.687326956540346],[2847922.337401443626732,1157255.038926968583837],[2848349.404401452280581,1157339.376626967685297],[2848569.672501453198493,1157003.614726976724342],[2848794.629001456312835,1157177.280226968694478],[2849025.256901455577463,1156813.258126978063956],[2849288.812401454895735,1156722.05702698091045],[2849925.681001467164606,1157052.004126969026402],[2850809.685301467776299,1156704.74342698440887],[2851172.624801463447511,1156892.123126979684457],[2851447.284901471342891,1157561.028626965824515],[2852230.478201472666115,1157347.588426974369213],[2853747.740101475734264,1157463.237426964566112],[2854220.282901483587921,1158086.606826954521239],[2855852.008301490917802,1158240.319926953874528],[2856309.448701498098671,1158766.089126941049471],[2857071.345201497897506,1158956.932626937981695],[2857440.452101496979594,1159337.484526925953105],[2857165.813301497604698,1159861.673026914941147],[2857734.419301495887339,1160763.707826890749857],[2858979.967101514339447,1160571.082426902605221],[2858725.073401506990194,1160210.519526908174157],[2859081.656101503875107,1160180.604026904096827],[2859219.686701510567218,1159720.960426913574338],[2859579.849401512183249,1160256.480426911031827],[2859378.462101509328932,1160638.391926895361394],[2859910.108401514124125,1160416.17222690070048],[2861787.823701528832316,1160811.790926894405857],[2862081.240401525050402,1160453.860526908421889],[2861851.080901515204459,1159213.879826935008168],[2862431.710001523140818,1158997.479826930910349],[2863672.561301538720727,1159884.069926921045408],[2864259.331201537046582,1161268.958726883633062],[2864808.873901531565934,1161413.961626887787133],[2865390.202001540921628,1161036.842826896579936],[2865278.600001538172364,1159220.784026936860755],[2866721.598901540972292,1159164.123726936755702],[2867729.898201551754028,1157777.713026968063787],[2868069.788501553237438,1157891.702726966468617],[2868749.739601554814726,1158784.406526946462691],[2869454.579701561480761,1160383.500226911855862],[2869802.371701559517533,1160514.652826913399622],[2870206.95430156076327,1160309.117426909506321],[2870458.757101568393409,1159609.000426931073889],[2870277.945601563435048,1158211.916526962770149],[2869612.755901562515646,1157193.464126981096342],[2869984.942101559136063,1156661.683626992395148],[2870869.525801555719227,1156543.584027003729716],[2871338.965801564976573,1156732.626226994441822],[2873270.849401578772813,1158746.013526951894164],[2873713.842701584100723,1158204.187526964349672],[2873701.605401588138193,1157835.093726978171617],[2873294.331901571713388,1157737.096226972294971],[2873171.749401574488729,1157388.532326985616237],[2873625.695201584137976,1156689.824127],[2874581.483101582620293,1156828.641226990614086],[2876114.51530158566311,1157852.703426973894238],[2877172.124601597897708,1157030.677626998629421],[2877248.490001595579088,1158550.154326953459531],[2877604.568201601039618,1159609.096626931801438],[2877320.43550160061568,1160151.355226925341412],[2876243.953001592773944,1160631.9279269145336],[2876070.185901599004865,1160913.684126905398443],[2876692.064301599282771,1162424.722126870648935],[2877567.689201599452645,1163018.133026850409806],[2877393.790601601824164,1164222.481326833134517],[2876788.954201600980014,1165202.27202681126073],[2877030.004101606551558,1165576.476326790638268],[2877847.885701611172408,1165586.347926795016974],[2878669.409401610959321,1164810.383926811628044],[2879606.964901617262512,1165558.734926797682419],[2880048.744101608172059,1165485.279326801886782],[2880443.583901615813375,1165093.87642680387944],[2881098.058901617303491,1163520.339426848106086],[2881582.300701624713838,1163350.231826854404062],[2883233.439901639707386,1164067.069026831071824],[2883528.502901635598391,1165513.301026809494942],[2884071.607301636133343,1166100.003426788374782],[2884857.346501640975475,1165907.361226793611422],[2885694.523901642300189,1165004.770426819333807],[2886945.809301654808223,1166185.884426793316379],[2887540.288501661270857,1166003.474226796068251],[2888093.505501660518348,1165446.11142680584453]]]]}}
]
}
